2025-05-14 08:41:53 INFO Script to update researchoutput in pure from ricgraph has started
2025-05-14 08:41:53 INFO Processing faculty: uu faculty: information & technology services|organization_name
2025-05-14 08:41:53 INFO research output selected in ricgraph, not in pure:  53
2025-05-14 08:41:54 INFO Total works fetched from OpenAlex: 49
2025-05-14 08:41:54 INFO 3 articles removed, because no journal present
2025-05-14 08:41:54 INFO Formatting the output in Pure needed JSON format. This is a slow process, you might want to get some coffee...
2025-05-14 08:41:54 INFO Processing: 0
2025-05-14 08:42:05 WARNING Validation failed for research output https://openalex.org/W3167978227.
2025-05-14 08:42:48 INFO Processing: 25
2025-05-14 08:43:05 WARNING Skipped research output https://openalex.org/W4389194212 due to missing contributor details.
2025-05-14 08:43:06 WARNING Skipped research output https://openalex.org/W4395020871 due to missing contributor details.
2025-05-14 08:43:08 WARNING Validation failed for research output https://openalex.org/W4402673977.
2025-05-14 08:43:10 WARNING Skipped research output https://openalex.org/W3101715492 due to missing contributor details.
2025-05-14 08:43:12 INFO 5 items cannot be imported in pure, see log for more info
2025-05-14 08:43:12 INFO 27 items are already in pure
2025-05-14 08:43:12 INFO 14 items can be updated
2025-05-14 08:43:12 INFO  
2025-05-14 08:43:12 INFO Research output that can be imported are in file: output/research_output/output_to_be_updated.json
2025-05-14 08:43:12 INFO Script part 1 to import research output in pure from ricgraph has ended
2025-05-14 08:43:12 INFO Please look at the update file and uncheck items you do not want to be imported, then proceed to import them in pure via *Apply Update to Pure*
2025-05-14 08:45:34 INFO Script to update researchoutput in pure from ricgraph has started
2025-05-14 08:45:34 INFO Processing faculty: uu faculty: information & technology services|organization_name
2025-05-14 08:45:34 INFO research output selected in ricgraph, not in pure:  53
2025-05-14 08:45:36 INFO Total works found in OpenAlex: 49
2025-05-14 08:45:36 INFO 3 articles removed, because no journal present
2025-05-14 08:45:36 INFO Formatting the output in Pure needed JSON format. This is a slow process, you might want to get some coffee...
2025-05-14 08:45:46 WARNING Validation failed for research output https://openalex.org/W4402673977.
2025-05-14 08:45:48 WARNING Skipped research output https://openalex.org/W3101715492 due to missing contributor details.
2025-05-14 08:45:50 WARNING Validation failed for research output https://openalex.org/W3167978227.
2025-05-14 08:45:53 INFO Processing: 25
2025-05-14 08:46:52 WARNING Skipped research output https://openalex.org/W4389194212 due to missing contributor details.
2025-05-14 08:46:52 WARNING Skipped research output https://openalex.org/W4395020871 due to missing contributor details.
2025-05-14 08:46:53 INFO 5 items cannot be imported in pure, see log for more info
2025-05-14 08:46:53 INFO 27 items are already in pure
2025-05-14 08:46:53 INFO 14 items can be updated
2025-05-14 08:46:53 INFO  
2025-05-14 08:46:53 INFO Research output that can be imported are in file: output/research_output/output_to_be_updated.json
2025-05-14 08:46:53 INFO Script part 1 to import research output in pure from ricgraph has ended
2025-05-14 08:46:53 INFO Please look at the update file and uncheck items you do not want to be imported, then proceed to import them in pure via *Apply Update to Pure*
2025-05-14 08:49:06 INFO Process overview:
1. Start from internal persons in the selected faculty (via Ricgraph).
2. Find their connected research outputs (DOIs).
3. Match these to known Pure UUIDs (from Ricgraph).
4. Retrieve full metadata for each research output from Pure.
5. Enrich each output with OpenAlex data (if available).
6. Export results to a file for review and possible update.

Note: For large faculties, it may take some time before log messages appear.
2025-05-14 08:49:06 INFO Script to update researchoutput in pure from ricgraph has started
2025-05-14 08:49:06 INFO Processing faculty: uu faculty: information & technology services|organization_name
2025-05-14 08:49:06 INFO research output selected in ricgraph, not in pure:  53
2025-05-14 08:49:07 INFO Total works found in OpenAlex: 49
2025-05-14 08:49:07 INFO 3 articles removed, because no journal present
2025-05-14 08:49:07 INFO Formatting the output in Pure needed JSON format. This is a slow process, you might want to get some coffee...
2025-05-14 08:49:07 INFO Processing: 0
2025-05-14 08:49:25 WARNING Skipped research output https://openalex.org/W4389194212 due to missing contributor details.
2025-05-14 08:49:27 WARNING Validation failed for research output https://openalex.org/W4402673977.
2025-05-14 08:50:11 INFO Processing: 25
2025-05-14 08:50:20 WARNING Skipped research output https://openalex.org/W4395020871 due to missing contributor details.
2025-05-14 08:50:23 WARNING Skipped research output https://openalex.org/W3101715492 due to missing contributor details.
2025-05-14 08:50:25 WARNING Validation failed for research output https://openalex.org/W3167978227.
2025-05-14 08:50:26 INFO 5 items cannot be imported in pure, see log for more info
2025-05-14 08:50:26 INFO 27 items are already in pure
2025-05-14 08:50:26 INFO 14 items can be updated
2025-05-14 08:50:26 INFO  
2025-05-14 08:50:26 INFO Research output that can be imported are in file: output/research_output/output_to_be_updated.json
2025-05-14 08:50:26 INFO Script part 1 to import research output in pure from ricgraph has ended
2025-05-14 08:50:26 INFO Please look at the update file and uncheck items you do not want to be imported, then proceed to import them in pure via *Apply Update to Pure*
2025-05-14 08:54:03 INFO Process overview:
1. Start from internal persons in the selected faculty (via Ricgraph).
2. Find their connected research outputs (DOIs).
3. Match these to known Pure UUIDs (from Ricgraph).
4. Retrieve full metadata for each research output from Pure.
5. Enrich each output with OpenAlex data (if available).
6. Export results to a file for review and possible update.

Note: For large faculties, it may take some time before log messages appear.
2025-05-14 08:54:03 INFO Script to update researchoutput in pure from ricgraph has started
2025-05-14 08:54:03 INFO Processing faculty: uu faculty: information & technology services|organization_name
2025-05-14 08:54:03 INFO research output selected in ricgraph, not in pure:  53
2025-05-14 08:54:05 INFO Total works found in OpenAlex: 49
2025-05-14 08:54:05 INFO 3 articles removed, because no journal present
2025-05-14 08:54:05 INFO Formatting the output in Pure needed JSON format. This is a slow process, you might want to get some coffee...
2025-05-14 08:54:05 INFO Processing: 0
2025-05-14 08:54:54 WARNING Validation failed for research output https://openalex.org/W3167978227. 
2025-05-14 08:54:57 INFO Processing: 25
2025-05-14 08:55:19 WARNING Skipped research output https://openalex.org/W4389194212 due to missing contributor details.
2025-05-14 08:55:20 WARNING Skipped research output https://openalex.org/W4395020871 due to missing contributor details.
2025-05-14 08:55:22 WARNING Validation failed for research output https://openalex.org/W4402673977. 
2025-05-14 08:55:24 WARNING Skipped research output https://openalex.org/W3101715492 due to missing contributor details.
2025-05-14 08:55:24 INFO 5 items cannot be imported in pure, see log for more info
2025-05-14 08:55:24 INFO 27 items are already in pure
2025-05-14 08:55:24 INFO 14 items can be updated
2025-05-14 08:55:24 INFO  
2025-05-14 08:55:24 INFO Research output that can be imported are in file: output/research_output/output_to_be_updated.json
2025-05-14 08:55:24 INFO Script part 1 to import research output in pure from ricgraph has ended
2025-05-14 08:55:24 INFO Please look at the update file and uncheck items you do not want to be imported, then proceed to import them in pure via *Apply Update to Pure*
2025-05-14 08:57:24 INFO Process overview:
1. Start from internal persons in the selected faculty (via Ricgraph).
2. Find their connected research outputs (DOIs).
3. Match these to known Pure UUIDs (from Ricgraph).
4. Retrieve full metadata for each research output from Pure.
5. Enrich each output with OpenAlex data (if available).
6. Export results to a file for review and possible update.

Note: For large faculties, it may take some time before log messages appear.
2025-05-14 08:57:24 INFO Script to update researchoutput in pure from ricgraph has started
2025-05-14 08:57:24 INFO Processing faculty: uu faculty: information & technology services|organization_name
2025-05-14 08:57:24 INFO research output selected in ricgraph, not in pure:  53
2025-05-14 08:57:26 INFO Total works found in OpenAlex: 49
2025-05-14 08:57:26 INFO 3 articles removed, because no journal present
2025-05-14 08:57:26 INFO Formatting the output in Pure needed JSON format. This is a slow process, you might want to get some coffee...
2025-05-14 08:57:26 INFO Processing: 0
2025-05-14 08:58:18 INFO Processing: 25
2025-05-14 08:58:36 WARNING Skipped research output https://openalex.org/W4389194212 due to missing contributor details.
2025-05-14 08:58:36 WARNING Skipped research output https://openalex.org/W4395020871 due to missing contributor details.
2025-05-14 08:58:38 WARNING Validation failed for research output https://openalex.org/W4402673977. article
2025-05-14 08:58:40 WARNING Skipped research output https://openalex.org/W3101715492 due to missing contributor details.
2025-05-14 08:58:42 WARNING Validation failed for research output https://openalex.org/W3167978227. article
2025-05-14 08:58:43 INFO 5 items cannot be imported in pure, see log for more info
2025-05-14 08:58:43 INFO 27 items are already in pure
2025-05-14 08:58:43 INFO 14 items can be updated
2025-05-14 08:58:43 INFO  
2025-05-14 08:58:43 INFO Research output that can be imported are in file: output/research_output/output_to_be_updated.json
2025-05-14 08:58:43 INFO Script part 1 to import research output in pure from ricgraph has ended
2025-05-14 08:58:43 INFO Please look at the update file and uncheck items you do not want to be imported, then proceed to import them in pure via *Apply Update to Pure*
2025-05-14 08:59:42 INFO Process overview:
1. Start from internal persons in the selected faculty (via Ricgraph).
2. Find their connected research outputs (DOIs).
3. Match these to known Pure UUIDs (from Ricgraph).
4. Retrieve full metadata for each research output from Pure.
5. Enrich each output with OpenAlex data (if available).
6. Export results to a file for review and possible update.

Note: For large faculties, it may take some time before log messages appear.
2025-05-14 08:59:42 INFO Script to update researchoutput in pure from ricgraph has started
2025-05-14 08:59:42 INFO Processing faculty: uu faculty: information & technology services|organization_name
2025-05-14 08:59:42 INFO research output selected in ricgraph, not in pure:  53
2025-05-14 08:59:43 INFO Total works found in OpenAlex: 49
2025-05-14 08:59:43 INFO 3 articles removed, because no journal present
2025-05-14 08:59:43 INFO Formatting the output in Pure needed JSON format. This is a slow process, you might want to get some coffee...
2025-05-14 08:59:43 INFO Processing: 0
2025-05-14 09:00:33 WARNING Skipped research output https://openalex.org/W4395020871 due to missing contributor details.
2025-05-14 09:00:38 INFO Processing: 25
2025-05-14 09:00:55 WARNING Skipped research output https://openalex.org/W4389194212 due to missing contributor details.
2025-05-14 09:00:57 WARNING Validation failed for research output https://openalex.org/W4402673977. No ISSN for Generative AI for Research Data Processing: Lessons Learnt From Three Use Cases
2025-05-14 09:00:58 WARNING Skipped research output https://openalex.org/W3101715492 due to missing contributor details.
2025-05-14 09:01:00 WARNING Validation failed for research output https://openalex.org/W3167978227. No ISSN for Parcels 2.2 - An increasingly versatile, open-source Lagrangian ocean simulation tool
2025-05-14 09:01:01 INFO 5 items cannot be imported in pure, see log for more info
2025-05-14 09:01:01 INFO 27 items are already in pure
2025-05-14 09:01:01 INFO 14 items can be updated
2025-05-14 09:01:01 INFO  
2025-05-14 09:01:01 INFO Research output that can be imported are in file: output/research_output/output_to_be_updated.json
2025-05-14 09:01:01 INFO Script part 1 to import research output in pure from ricgraph has ended
2025-05-14 09:01:01 INFO Please look at the update file and uncheck items you do not want to be imported, then proceed to import them in pure via *Apply Update to Pure*
2025-05-14 09:01:58 INFO Process overview:
1. Start from internal persons in the selected faculty (via Ricgraph).
2. Find their connected research outputs (DOIs).
3. Match these to known Pure UUIDs (from Ricgraph).
4. Retrieve full metadata for each research output from Pure.
5. Enrich each output with OpenAlex data (if available).
6. Export results to a file for review and possible update.

Note: For large faculties, it may take some time before log messages appear.
2025-05-14 09:01:58 INFO Script to update researchoutput in pure from ricgraph has started
2025-05-14 09:01:58 INFO Processing faculty: uu faculty: information & technology services|organization_name
2025-05-14 09:01:58 INFO research output selected in ricgraph, not in pure:  53
2025-05-14 09:01:59 INFO Total works found in OpenAlex: 49
2025-05-14 09:02:00 INFO 3 articles removed, because no journal present
2025-05-14 09:02:00 INFO Formatting the output in Pure needed JSON format. This is a slow process, you might want to get some coffee...
2025-05-14 09:02:00 INFO Processing: 0
2025-05-14 09:02:55 WARNING Skipped research output https://openalex.org/W4389194212 due to missing contributor details.
2025-05-14 09:03:00 INFO Processing: 25
2025-05-14 09:03:10 WARNING Skipped research output https://openalex.org/W4395020871 due to missing contributor details.
2025-05-14 09:03:12 WARNING Validation failed for research output https://openalex.org/W4402673977. No ISSN for Generative AI for Research Data Processing: Lessons Learnt From Three Use Cases
2025-05-14 09:03:14 WARNING Skipped research output https://openalex.org/W3101715492 due to missing contributor details.
2025-05-14 09:03:16 WARNING Validation failed for research output https://openalex.org/W3167978227. No ISSN for Parcels 2.2 - An increasingly versatile, open-source Lagrangian ocean simulation tool
2025-05-14 09:03:17 INFO 5 items cannot be imported in pure, see log for more info
2025-05-14 09:03:17 INFO 27 items are already in pure
2025-05-14 09:03:17 INFO 14 items can be updated
2025-05-14 09:03:17 INFO Research output that can be imported are in file: output/research_output/output_to_be_updated.json
2025-05-14 09:03:17 INFO Script part 1 to import research output in pure from ricgraph has ended
2025-05-14 09:03:17 INFO Please look at the update file and uncheck items you do not want to be imported, then proceed to import them in pure via *Apply Update to Pure*
2025-05-14 09:05:10 INFO Process overview:
1. Start from internal persons in the selected faculty (via Ricgraph).
2. Find their connected research outputs (DOIs).
3. Match these to known Pure UUIDs (from Ricgraph).
4. Retrieve full metadata for each research output from Pure.
5. Enrich each output with OpenAlex data (if available).
6. Export results to a file for review and possible update.

Note: For large faculties, it may take some time before log messages appear.
2025-05-14 09:05:10 INFO Script to update researchoutput in pure from ricgraph has started
2025-05-14 09:05:10 INFO Processing faculty: uu faculty: information & technology services|organization_name
2025-05-14 09:05:10 INFO research output selected in ricgraph, not in pure:  53
2025-05-14 09:05:11 INFO Total works found in OpenAlex: 49
2025-05-14 09:05:11 INFO 3 articles removed, because no journal present
2025-05-14 09:05:11 INFO Formatting the output in Pure needed JSON format. This is a slow process, you might want to get some coffee...
2025-05-14 09:05:11 INFO Processing: 0
2025-05-14 09:05:29 WARNING Skipped research output https://openalex.org/W4389194212 due to missing contributor details.
2025-05-14 09:05:30 WARNING Skipped research output https://openalex.org/W4395020871 due to missing contributor details.
2025-05-14 09:05:31 WARNING Validation failed for research output https://openalex.org/W4402673977. No ISSN for Generative AI for Research Data Processing: Lessons Learnt From Three Use Cases
2025-05-14 09:05:33 WARNING Validation failed for research output https://openalex.org/W3167978227. No ISSN for Parcels 2.2 - An increasingly versatile, open-source Lagrangian ocean simulation tool
2025-05-14 09:05:35 INFO Processing: 25
2025-05-14 09:06:34 WARNING Skipped research output https://openalex.org/W3101715492 due to missing contributor details.
2025-05-14 09:06:35 INFO 5 items cannot be imported in pure, see log for more info
2025-05-14 09:06:35 INFO 27 items are already in pure
2025-05-14 09:06:35 INFO 14 items can be updated
2025-05-14 09:06:35 INFO Research output that can be imported are in file: output/research_output/to_be_updated.csv
2025-05-14 09:06:35 INFO Script part 1 to import research output in pure from ricgraph has ended
2025-05-14 09:06:35 INFO Please look at the update file and uncheck items you do not want to be imported, then proceed to import them in pure via *Apply Update to Pure*
2025-05-14 09:11:10 INFO Process overview:
1. Start from internal persons in the selected faculty (via Ricgraph).
2. Find their connected research outputs (DOIs).
3. Match these to known Pure UUIDs (from Ricgraph).
4. Retrieve full metadata for each research output from Pure.
5. Enrich each output with OpenAlex data (if available).
6. Export results to a file for review and possible update.

Note: For large faculties, it may take some time before log messages appear.
2025-05-14 09:11:10 INFO Script to update researchoutput in pure from ricgraph has started
2025-05-14 09:11:10 INFO Processing faculty: uu faculty: information & technology services|organization_name
2025-05-14 09:11:10 INFO research output selected in ricgraph, not in pure:  53
2025-05-14 09:11:12 INFO Total works found in OpenAlex: 49
2025-05-14 09:11:12 INFO 3 articles removed, because no journal present
2025-05-14 09:11:12 INFO Formatting the output in Pure needed JSON format. This is a slow process, you might want to get some coffee...
2025-05-14 09:11:12 INFO Processing: 0
2025-05-14 09:11:16 WARNING Skipped research output https://openalex.org/W4395020871 due to missing contributor details.
2025-05-14 09:11:18 WARNING Validation failed for research output https://openalex.org/W4402673977. No ISSN for Generative AI for Research Data Processing: Lessons Learnt From Three Use Cases
2025-05-14 09:11:19 INFO Processing: 25
2025-05-14 09:11:31 WARNING Skipped research output https://openalex.org/W4389194212 due to missing contributor details.
2025-05-14 09:11:33 WARNING Skipped research output https://openalex.org/W3101715492 due to missing contributor details.
2025-05-14 09:11:35 WARNING Validation failed for research output https://openalex.org/W3167978227. No ISSN for Parcels 2.2 - An increasingly versatile, open-source Lagrangian ocean simulation tool
2025-05-14 09:11:36 INFO 5 items cannot be imported in pure, see log for more info
2025-05-14 09:11:36 INFO 40 items are already in pure
2025-05-14 09:11:36 INFO 1 items can be updated
2025-05-14 09:11:36 INFO Research output that can be imported are in file: output/research_output/to_be_updated.csv
2025-05-14 09:11:36 INFO Script part 1 to import research output in pure from ricgraph has ended
2025-05-14 09:11:36 INFO Please look at the update file and uncheck items you do not want to be imported, then proceed to import them in pure via *Apply Update to Pure*
2025-05-14 09:15:32 INFO Process overview:
1. Start from internal persons in the selected faculty (via Ricgraph).
2. Find their connected research outputs (DOIs).
3. Match these to known Pure UUIDs (from Ricgraph).
4. Retrieve full metadata for each research output from Pure.
5. Enrich each output with OpenAlex data (if available).
6. Export results to a file for review and possible update.

Note: For large faculties, it may take some time before log messages appear.
2025-05-14 09:15:32 INFO Script to update researchoutput in pure from ricgraph has started
2025-05-14 09:15:32 INFO Processing faculty: uu faculty: information & technology services|organization_name
2025-05-14 09:15:32 INFO research output selected in ricgraph, not in pure:  53
2025-05-14 09:15:33 INFO Total works found in OpenAlex: 49
2025-05-14 09:15:33 INFO 3 articles removed, because no journal present
2025-05-14 09:15:33 INFO Formatting the output in Pure needed JSON format. This is a slow process, you might want to get some coffee...
2025-05-14 09:15:33 INFO Processing: 0
2025-05-14 09:15:38 WARNING Validation failed for research output https://openalex.org/W3167978227. No ISSN for Parcels 2.2 - An increasingly versatile, open-source Lagrangian ocean simulation tool
2025-05-14 09:15:40 INFO Processing: 25
2025-05-14 09:15:53 WARNING Skipped research output https://openalex.org/W4389194212 due to missing contributor details.
2025-05-14 09:15:54 WARNING Skipped research output https://openalex.org/W4395020871 due to missing contributor details.
2025-05-14 09:15:56 WARNING Validation failed for research output https://openalex.org/W4402673977. No ISSN for Generative AI for Research Data Processing: Lessons Learnt From Three Use Cases
2025-05-14 09:15:57 WARNING Skipped research output https://openalex.org/W3101715492 due to missing contributor details.
2025-05-14 09:15:58 INFO 5 items cannot be imported in pure, see log for more info
2025-05-14 09:15:58 INFO 40 items are already in pure
2025-05-14 09:15:58 INFO 1 items can be updated
2025-05-14 09:15:58 INFO Research output that can be imported are in file: output/research_output/to_be_updated.csv
2025-05-14 09:15:58 INFO Script part 1 to import research output in pure from ricgraph has ended
2025-05-14 09:15:58 INFO Please look at the update file and uncheck items you do not want to be imported, then proceed to import them in pure via *Apply Update to Pure*
2025-05-14 09:19:28 INFO Process overview:
1. Start from internal persons in the selected faculty (via Ricgraph).
2. Find their connected research outputs (DOIs).
3. Match these to known Pure UUIDs (from Ricgraph).
4. Retrieve full metadata for each research output from Pure.
5. Enrich each output with OpenAlex data (if available).
6. Export results to a file for review and possible update.

Note: For large faculties, it may take some time before log messages appear.
2025-05-14 09:19:28 INFO Script to update researchoutput in pure from ricgraph has started
2025-05-14 09:19:28 INFO Processing faculty: uu faculty: information & technology services|organization_name
2025-05-14 09:19:28 INFO research output selected in ricgraph, not in pure:  53
2025-05-14 09:19:29 INFO Total works found in OpenAlex: 49
2025-05-14 09:19:29 INFO 3 articles removed, because no journal present
2025-05-14 09:19:29 INFO Formatting the output in Pure needed JSON format. This is a slow process, you might want to get some coffee...
2025-05-14 09:19:29 INFO Processing: 0
2025-05-14 09:19:44 WARNING Skipped research output https://openalex.org/W4389194212 due to missing contributor details.
2025-05-14 09:19:46 WARNING Validation failed for research output https://openalex.org/W4402673977. No ISSN for Generative AI for Research Data Processing: Lessons Learnt From Three Use Cases
2025-05-14 09:19:46 INFO Processing: 25
2025-05-14 09:19:48 WARNING Skipped research output https://openalex.org/W3101715492 due to missing contributor details.
2025-05-14 09:19:49 WARNING Validation failed for research output https://openalex.org/W3167978227. No ISSN for Parcels 2.2 - An increasingly versatile, open-source Lagrangian ocean simulation tool
2025-05-14 09:19:52 WARNING Skipped research output https://openalex.org/W4395020871 due to missing contributor details.
2025-05-14 09:19:54 INFO 5 items cannot be imported in pure, see log for more info
2025-05-14 09:19:54 INFO 40 items are already in pure
2025-05-14 09:19:54 INFO 1 items can be updated
2025-05-14 09:19:54 INFO Research output that can be imported are in file: output/research_output/to_be_updated.csv
2025-05-14 09:19:54 INFO Script part 1 to import research output in pure from ricgraph has ended
2025-05-14 09:19:54 INFO Please look at the update file and uncheck items you do not want to be imported, then proceed to import them in pure via *Apply Update to Pure*
2025-05-14 09:23:22 INFO Process overview:
1. Start from internal persons in the selected faculty (via Ricgraph).
2. Find their connected research outputs (DOIs).
3. Match these to known Pure UUIDs (from Ricgraph).
4. Retrieve full metadata for each research output from Pure.
5. Enrich each output with OpenAlex data (if available).
6. Export results to a file for review and possible update.

Note: For large faculties, it may take some time before log messages appear.
2025-05-14 09:23:22 INFO Script to update researchoutput in pure from ricgraph has started
2025-05-14 09:23:22 INFO Processing faculty: uu faculty: information & technology services|organization_name
2025-05-14 09:23:22 INFO research output selected in ricgraph, not in pure:  53
2025-05-14 09:23:24 INFO Total works found in OpenAlex: 49
2025-05-14 09:23:24 INFO 3 articles removed, because no journal present
2025-05-14 09:23:24 INFO Formatting the output in Pure needed JSON format. This is a slow process, you might want to get some coffee...
2025-05-14 09:23:29 INFO Processing: 25
2025-05-14 09:23:42 WARNING Skipped research output https://openalex.org/W4389194212 due to missing contributor details.
2025-05-14 09:23:42 WARNING Skipped research output https://openalex.org/W4395020871 due to missing contributor details.
2025-05-14 09:23:44 WARNING Validation failed for research output https://openalex.org/W4402673977. No ISSN for Generative AI for Research Data Processing: Lessons Learnt From Three Use Cases
2025-05-14 09:23:45 WARNING Skipped research output https://openalex.org/W3101715492 due to missing contributor details.
2025-05-14 09:23:46 WARNING Validation failed for research output https://openalex.org/W3167978227. No ISSN for Parcels 2.2 - An increasingly versatile, open-source Lagrangian ocean simulation tool
2025-05-14 09:23:47 WARNING Validation failed for research output https://openalex.org/W3042686066. no managing organization found
2025-05-14 09:23:47 INFO 6 items cannot be imported in pure, see log for more info
2025-05-14 09:23:47 INFO 40 items are already in pure
2025-05-14 09:23:47 INFO 0 items can be updated
2025-05-14 09:23:47 INFO Research output that can be imported are in file: output/research_output/to_be_updated.csv
2025-05-14 09:23:47 INFO Script part 1 to import research output in pure from ricgraph has ended
2025-05-14 09:23:47 INFO Please look at the update file and uncheck items you do not want to be imported, then proceed to import them in pure via *Apply Update to Pure*
2025-05-14 09:24:42 INFO Process overview:
1. Start from internal persons in the selected faculty (via Ricgraph).
2. Find their connected research outputs (DOIs).
3. Match these to known Pure UUIDs (from Ricgraph).
4. Retrieve full metadata for each research output from Pure.
5. Enrich each output with OpenAlex data (if available).
6. Export results to a file for review and possible update.

Note: For large faculties, it may take some time before log messages appear.
2025-05-14 09:24:42 INFO Script to update researchoutput in pure from ricgraph has started
2025-05-14 09:24:42 INFO Processing faculty: uu faculty: information & technology services|organization_name
2025-05-14 09:24:42 INFO research output selected in ricgraph, not in pure:  53
2025-05-14 09:24:44 INFO Total works found in OpenAlex: 49
2025-05-14 09:24:44 INFO 3 articles removed, because no journal present
2025-05-14 09:24:44 INFO Formatting the output in Pure needed JSON format. This is a slow process, you might want to get some coffee...
2025-05-14 09:24:44 INFO Processing: 0
2025-05-14 09:24:47 WARNING Skipped research output https://openalex.org/W4395020871 due to missing contributor details.
2025-05-14 09:24:49 WARNING Validation failed for research output https://openalex.org/W4402673977. No ISSN for Generative AI for Research Data Processing: Lessons Learnt From Three Use Cases
2025-05-14 09:24:50 WARNING Validation failed for research output https://openalex.org/W3042686066. no managing organization found
2025-05-14 09:24:51 INFO Processing: 25
2025-05-14 09:25:04 WARNING Skipped research output https://openalex.org/W4389194212 due to missing contributor details.
2025-05-14 09:25:05 WARNING Skipped research output https://openalex.org/W3101715492 due to missing contributor details.
2025-05-14 09:25:07 WARNING Validation failed for research output https://openalex.org/W3167978227. No ISSN for Parcels 2.2 - An increasingly versatile, open-source Lagrangian ocean simulation tool
2025-05-14 09:25:07 INFO 6 items cannot be imported in pure, see log for more info
2025-05-14 09:25:07 INFO 40 items are already in pure
2025-05-14 09:25:07 INFO 0 items can be updated
2025-05-14 09:25:07 INFO Research output that can be imported are in file: output/research_output/to_be_updated.csv
2025-05-14 09:25:07 INFO Script part 1 to import research output in pure from ricgraph has ended
2025-05-14 09:25:07 INFO Please look at the update file and uncheck items you do not want to be imported, then proceed to import them in pure via *Apply Update to Pure*
2025-05-14 09:25:50 INFO Process overview:
1. Start from internal persons in the selected faculty (via Ricgraph).
2. Find their connected research outputs (DOIs).
3. Match these to known Pure UUIDs (from Ricgraph).
4. Retrieve full metadata for each research output from Pure.
5. Enrich each output with OpenAlex data (if available).
6. Export results to a file for review and possible update.

Note: For large faculties, it may take some time before log messages appear.
2025-05-14 09:25:50 INFO Script to update researchoutput in pure from ricgraph has started
2025-05-14 09:25:50 INFO Processing faculty: uu faculty: information & technology services|organization_name
2025-05-14 09:25:50 INFO research output selected in ricgraph, not in pure:  53
2025-05-14 09:25:51 INFO Total works found in OpenAlex: 49
2025-05-14 09:25:51 INFO 3 articles removed, because no journal present
2025-05-14 09:25:51 INFO Formatting the output in Pure needed JSON format. This is a slow process, you might want to get some coffee...
2025-05-14 09:25:51 INFO Processing: 0
2025-05-14 09:26:04 WARNING Skipped research output https://openalex.org/W4389194212 due to missing contributor details.
2025-05-14 09:26:06 WARNING Skipped rearchoutput https://openalex.org/W4402673977. No ISSN for Generative AI for Research Data Processing: Lessons Learnt From Three Use Cases
2025-05-14 09:26:11 WARNING Skipped rearchoutput https://openalex.org/W3167978227. No ISSN for Parcels 2.2 - An increasingly versatile, open-source Lagrangian ocean simulation tool
2025-05-14 09:26:13 INFO Processing: 25
2025-05-14 09:26:22 WARNING Skipped research output https://openalex.org/W4395020871 due to missing contributor details.
2025-05-14 09:26:23 WARNING Skipped research output https://openalex.org/W3101715492 due to missing contributor details.
2025-05-14 09:26:24 WARNING Skipped rearchoutput https://openalex.org/W3042686066. no managing organization found
2025-05-14 09:26:24 INFO 6 items cannot be imported in pure, see log for more info
2025-05-14 09:26:24 INFO 40 items are already in pure
2025-05-14 09:26:24 INFO 0 items can be updated
2025-05-14 09:26:24 INFO Research output that can be imported are in file: output/research_output/to_be_updated.csv
2025-05-14 09:26:24 INFO Script part 1 to import research output in pure from ricgraph has ended
2025-05-14 09:26:24 INFO Please look at the update file and uncheck items you do not want to be imported, then proceed to import them in pure via *Apply Update to Pure*
2025-05-14 09:26:33 INFO Process overview:
1. Start from internal persons in the selected faculty (via Ricgraph).
2. Find their connected research outputs (DOIs).
3. Match these to known Pure UUIDs (from Ricgraph).
4. Retrieve full metadata for each research output from Pure.
5. Enrich each output with OpenAlex data (if available).
6. Export results to a file for review and possible update.

Note: For large faculties, it may take some time before log messages appear.
2025-05-14 09:26:33 INFO Script to update researchoutput in pure from ricgraph has started
2025-05-14 09:26:33 INFO Processing faculty: uu faculty: information & technology services|organization_name
2025-05-14 09:26:33 INFO research output selected in ricgraph, not in pure:  53
2025-05-14 09:26:34 INFO Total works found in OpenAlex: 49
2025-05-14 09:26:34 INFO 3 articles removed, because no journal present
2025-05-14 09:26:34 INFO Formatting the output in Pure needed JSON format. This is a slow process, you might want to get some coffee...
2025-05-14 09:26:34 INFO Processing: 0
2025-05-14 09:26:44 WARNING Skipped research output https://openalex.org/W4395020871 due to missing contributor details.
2025-05-14 09:26:46 WARNING Skipped research output https://openalex.org/W4402673977. No ISSN for Generative AI for Research Data Processing: Lessons Learnt From Three Use Cases
2025-05-14 09:26:47 WARNING Skipped research output https://openalex.org/W3167978227. No ISSN for Parcels 2.2 - An increasingly versatile, open-source Lagrangian ocean simulation tool
2025-05-14 09:26:48 WARNING Skipped research output https://openalex.org/W3042686066. no managing organization found
2025-05-14 09:26:51 INFO Processing: 25
2025-05-14 09:27:18 WARNING Skipped research output https://openalex.org/W4389194212 due to missing contributor details.
2025-05-14 09:27:20 WARNING Skipped research output https://openalex.org/W3101715492 due to missing contributor details.
2025-05-14 09:27:21 INFO 6 items cannot be imported in pure, see log for more info
2025-05-14 09:27:21 INFO 40 items are already in pure
2025-05-14 09:27:21 INFO 0 items can be updated
2025-05-14 09:27:21 INFO Research output that can be imported are in file: output/research_output/to_be_updated.csv
2025-05-14 09:27:21 INFO Script part 1 to import research output in pure from ricgraph has ended
2025-05-14 09:27:21 INFO Please look at the update file and uncheck items you do not want to be imported, then proceed to import them in pure via *Apply Update to Pure*
2025-05-14 09:27:50 INFO Process overview:
1. Start from internal persons in the selected faculty (via Ricgraph).
2. Find their connected research outputs (DOIs).
3. Match these to known Pure UUIDs (from Ricgraph).
4. Retrieve full metadata for each research output from Pure.
5. Enrich each output with OpenAlex data (if available).
6. Export results to a file for review and possible update.

Note: For large faculties, it may take some time before log messages appear.
2025-05-14 09:27:50 INFO Script to update researchoutput in pure from ricgraph has started
2025-05-14 09:27:50 INFO Processing faculty: uu faculty: information & technology services|organization_name
2025-05-14 09:27:50 INFO research output selected in ricgraph, not in pure:  53
2025-05-14 09:27:51 INFO Total works found in OpenAlex: 49
2025-05-14 09:27:51 INFO 3 articles removed, because no journal present
2025-05-14 09:27:51 INFO Formatting the output in Pure needed JSON format. This is a slow process, you might want to get some coffee...
2025-05-14 09:27:51 INFO Processing: 0
2025-05-14 09:27:54 WARNING Skipped research output https://openalex.org/W4395020871 due to missing contributor details.
2025-05-14 09:27:56 WARNING Skipped research output https://openalex.org/W3042686066. no managing organization found
2025-05-14 09:27:57 INFO Processing: 25
2025-05-14 09:28:31 WARNING Skipped research output https://openalex.org/W4389194212 due to missing contributor details.
2025-05-14 09:28:44 WARNING Skipped research output https://openalex.org/W4402673977. No ISSN for Generative AI for Research Data Processing: Lessons Learnt From Three Use Cases
2025-05-14 09:28:45 WARNING Skipped research output https://openalex.org/W3101715492 due to missing contributor details.
2025-05-14 09:28:48 WARNING Skipped research output https://openalex.org/W3167978227. No ISSN for Parcels 2.2 - An increasingly versatile, open-source Lagrangian ocean simulation tool
2025-05-14 09:28:48 INFO 6 items cannot be imported in pure, see reasons above
2025-05-14 09:28:48 INFO 40 items are already in pure
2025-05-14 09:28:48 INFO 0 items can be updated
2025-05-14 09:28:48 INFO Research output that can be imported are in file: output/research_output/to_be_updated.csv
2025-05-14 09:28:48 INFO Script part 1 to import research output in pure from ricgraph has ended
2025-05-14 09:28:48 INFO Please look at the update file and uncheck items you do not want to be imported, then proceed to import them in pure via *Apply Update to Pure*
2025-05-14 09:30:14 INFO Process overview:
1. Start from internal persons in the selected faculty (via Ricgraph).
2. Find their connected research outputs (DOIs).
3. Match these to known Pure UUIDs (from Ricgraph).
4. Retrieve full metadata for each research output from Pure.
5. Enrich each output with OpenAlex data (if available).
6. Export results to a file for review and possible update.

Note: For large faculties, it may take some time before log messages appear.
2025-05-14 09:30:14 INFO Script to update researchoutput in pure from ricgraph has started
2025-05-14 09:30:14 INFO Processing faculty: uu faculty: information & technology services|organization_name
2025-05-14 09:30:14 INFO research output selected in ricgraph, not in pure:  53
2025-05-14 09:30:15 INFO Total works found in OpenAlex: 49
2025-05-14 09:30:15 INFO 3 articles removed, because no journal present, processing 46 publications
2025-05-14 09:30:15 INFO Formatting the output in Pure needed JSON format. This is a slow process, you might want to get some coffee...
2025-05-14 09:30:15 INFO Processing: 0
2025-05-14 09:30:34 WARNING Skipped research output https://openalex.org/W4389194212 due to missing contributor details.
2025-05-14 09:30:34 WARNING Skipped research output https://openalex.org/W4395020871 due to missing contributor details.
2025-05-14 09:30:36 WARNING Skipped research output https://openalex.org/W3101715492 due to missing contributor details.
2025-05-14 09:30:37 INFO Processing: 25
2025-05-14 09:30:42 WARNING Skipped research output https://openalex.org/W4402673977. No ISSN for Generative AI for Research Data Processing: Lessons Learnt From Three Use Cases
2025-05-14 09:30:46 WARNING Skipped research output https://openalex.org/W3167978227. No ISSN for Parcels 2.2 - An increasingly versatile, open-source Lagrangian ocean simulation tool
2025-05-14 09:30:47 WARNING Skipped research output https://openalex.org/W3042686066. no managing organization found
2025-05-14 09:30:47 INFO 6 items cannot be imported in pure, see reasons above
2025-05-14 09:30:47 INFO 40 items are already in pure
2025-05-14 09:30:47 INFO 0 items can be updated
2025-05-14 09:30:47 INFO Research output that can be imported are in file: output/research_output/to_be_updated.csv
2025-05-14 09:30:47 INFO Script part 1 to import research output in pure from ricgraph has ended
2025-05-14 09:30:47 INFO Please look at the update file and uncheck items you do not want to be imported, then proceed to import them in pure via *Apply Update to Pure*
2025-05-14 09:30:52 INFO Script to update external persons in pure from ricgraph has started
2025-05-14 09:30:52 INFO The script performs the following steps:
1. Retrieve internal persons from Ricgraph for the selected faculty.
2. Gather their research outputs (e.g. publications).
3. Find external co-authors linked to those outputs.
4. Check Pure for missing ORCID/OpenAlex IDs on each external person.
5. Export a CSV for manual review and deselect unwanted updates.
6. press the button to apply the approved updates back to Pure.

2025-05-14 09:30:52 INFO start fetching itemsfor uu faculty: information & technology services|organization_name
2025-05-14 09:30:52 INFO Total unique DOIs found in Ricgraph: 49
2025-05-14 09:30:52 INFO Fetching batch 1/1 with 39 UUIDs
2025-05-14 09:30:54 INFO Batch 1 returned 23 results
2025-05-14 09:30:54 INFO Total research outputs fetched from Pure: 23
2025-05-14 09:30:55 INFO Total works found in OpenAlex: 49
2025-05-14 09:30:55 INFO total external persons found: 55
2025-05-14 09:30:56 INFO Saved 9 persons to output/external_persons/to_be_updated.json
2025-05-14 09:30:56 INFO total external persons that can be updated: 9
2025-05-14 09:30:56 INFO total external persons that cannot be updated (already has ids, or no ids found): 46
2025-05-14 09:30:56 INFO Script Update external persons part 1 has ended, 
2025-05-14 09:52:20 INFO Process overview:
1. Start from internal persons in the selected faculty (via Ricgraph).
2. Find their connected research outputs (DOIs).
3. Match these to known Pure UUIDs (from Ricgraph).
4. Retrieve full metadata for each research output from Pure.
5. Enrich each output with OpenAlex data (if available).
6. Export results to a file for review and possible update.

Note: For large faculties, it may take some time before log messages appear.
2025-05-14 09:52:20 INFO Script to update researchoutput in pure from ricgraph has started
2025-05-14 09:52:20 INFO Processing faculty: uu faculty: law, economics and governance|organization_name
2025-05-14 09:52:31 INFO research output selected in ricgraph, not in pure:  4966
2025-05-14 09:54:54 INFO Total works found in OpenAlex: 3824
2025-05-14 09:59:09 INFO Process overview:
1. Start from internal persons in the selected faculty (via Ricgraph).
2. Find their connected research outputs (DOIs).
3. Match these to known Pure UUIDs (from Ricgraph).
4. Retrieve full metadata for each research output from Pure.
5. Enrich each output with OpenAlex data (if available).
6. Export results to a file for review and possible update.

Note: For large faculties, it may take some time before log messages appear.
2025-05-14 09:59:09 INFO Script to update researchoutput in pure from ricgraph has started
2025-05-14 09:59:09 INFO Processing faculty: uu faculty: information & technology services|organization_name
2025-05-14 09:59:09 INFO research output selected in ricgraph, not in pure:  53
2025-05-14 09:59:10 INFO Total works found in OpenAlex: 49
2025-05-14 09:59:10 INFO 3 articles removed, because no journal present, processing 46 publications
2025-05-14 09:59:10 INFO Formatting the output in Pure needed JSON format. This is a slow process, you might want to get some coffee...
2025-05-14 09:59:10 INFO Processing: 0
2025-05-14 09:59:14 WARNING Skipped research output https://openalex.org/W4395020871 due to missing contributor details.
2025-05-14 09:59:16 INFO Processing: 25
2025-05-14 09:59:29 WARNING Skipped research output https://openalex.org/W4389194212 due to missing contributor details.
2025-05-14 09:59:31 WARNING Skipped research output https://openalex.org/W4402673977. No ISSN for Generative AI for Research Data Processing: Lessons Learnt From Three Use Cases
2025-05-14 09:59:33 WARNING Skipped research output https://openalex.org/W3101715492 due to missing contributor details.
2025-05-14 09:59:34 WARNING Skipped research output https://openalex.org/W3167978227. No ISSN for Parcels 2.2 - An increasingly versatile, open-source Lagrangian ocean simulation tool
2025-05-14 09:59:35 WARNING Skipped research output https://openalex.org/W3042686066. no managing organization found
2025-05-14 09:59:35 INFO 6 items cannot be imported in pure, see reasons above
2025-05-14 09:59:35 INFO 40 items are already in pure
2025-05-14 09:59:35 INFO 0 items can be updated
2025-05-14 09:59:35 INFO Research output that can be imported are in file: output/research_output/to_be_updated.csv
2025-05-14 09:59:35 INFO Script part 1 to import research output in pure from ricgraph has ended
2025-05-14 09:59:35 INFO Please look at the update file and uncheck items you do not want to be imported, then proceed to import them in pure via *Apply Update to Pure*
2025-05-14 10:01:27 INFO Process overview:
1. Start from internal persons in the selected faculty (via Ricgraph).
2. Find their connected research outputs (DOIs).
3. Match these to known Pure UUIDs (from Ricgraph).
4. Retrieve full metadata for each research output from Pure.
5. Enrich each output with OpenAlex data (if available).
6. Export results to a file for review and possible update.

Note: For large faculties, it may take some time before log messages appear.
2025-05-14 10:01:27 INFO Script to update researchoutput in pure from ricgraph has started
2025-05-14 10:01:27 INFO Processing faculty: uu faculty: humanities|organization_name
2025-05-14 10:01:48 INFO research output selected in ricgraph, not in pure:  6192
2025-05-14 10:03:58 INFO Total works found in OpenAlex: 2776
2025-05-14 10:11:12 INFO Process overview:
1. Start from internal persons in the selected faculty (via Ricgraph).
2. Find their connected research outputs (DOIs).
3. Match these to known Pure UUIDs (from Ricgraph).
4. Retrieve full metadata for each research output from Pure.
5. Enrich each output with OpenAlex data (if available).
6. Export results to a file for review and possible update.

Note: For large faculties, it may take some time before log messages appear.
2025-05-14 10:11:12 INFO Script to update researchoutput in pure from ricgraph has started
2025-05-14 10:11:12 INFO Processing faculty: uu faculty: academic services|organization_name
2025-05-14 10:11:12 INFO research output selected in ricgraph, not in pure:  9
2025-05-14 10:11:14 INFO Total works found in OpenAlex: 8
2025-05-14 10:11:14 INFO Formatting the output in Pure needed JSON format. This is a slow process, you might want to get some coffee...
2025-05-14 10:11:14 INFO Processing: 0
2025-05-14 10:11:22 WARNING Skipped research output https://openalex.org/W2549679510. no managing organization found
2025-05-14 10:11:23 INFO 1 items cannot be imported in pure, see reasons above
2025-05-14 10:11:23 INFO 7 items are already in pure
2025-05-14 10:11:23 INFO 0 items can be updated
2025-05-14 10:11:23 INFO Research output that can be imported are in file: output/research_output/to_be_updated.csv
2025-05-14 10:11:23 INFO Script part 1 to import research output in pure from ricgraph has ended
2025-05-14 10:11:23 INFO Please look at the update file and uncheck items you do not want to be imported, then proceed to import them in pure via *Apply Update to Pure*
2025-05-14 10:11:34 INFO Process overview:
1. Start from internal persons in the selected faculty (via Ricgraph).
2. Find their connected research outputs (DOIs).
3. Match these to known Pure UUIDs (from Ricgraph).
4. Retrieve full metadata for each research output from Pure.
5. Enrich each output with OpenAlex data (if available).
6. Export results to a file for review and possible update.

Note: For large faculties, it may take some time before log messages appear.
2025-05-14 10:11:34 INFO Script to update researchoutput in pure from ricgraph has started
2025-05-14 10:11:34 INFO Processing faculty: uu faculty: law, economics and governance|organization_name
2025-05-14 10:11:45 INFO research output selected in ricgraph, not in pure:  4966
2025-05-14 10:15:09 INFO Total works found in OpenAlex: 2472
2025-05-14 10:21:42 INFO Process overview:
1. Start from internal persons in the selected faculty (via Ricgraph).
2. Find their connected research outputs (DOIs).
3. Match these to known Pure UUIDs (from Ricgraph).
4. Retrieve full metadata for each research output from Pure.
5. Enrich each output with OpenAlex data (if available).
6. Export results to a file for review and possible update.

Note: For large faculties, it may take some time before log messages appear.
2025-05-14 10:21:42 INFO Script to update researchoutput in pure from ricgraph has started
2025-05-14 10:21:42 INFO Processing faculty: uu faculty: law, economics and governance|organization_name
2025-05-14 10:21:53 INFO research output selected in ricgraph, not in pure:  4966
2025-05-14 10:30:00 INFO Total works found in OpenAlex: 4000
2025-05-14 10:40:06 INFO Process overview:
1. Start from internal persons in the selected faculty (via Ricgraph).
2. Find their connected research outputs (DOIs).
3. Match these to known Pure UUIDs (from Ricgraph).
4. Retrieve full metadata for each research output from Pure.
5. Enrich each output with OpenAlex data (if available).
6. Export results to a file for review and possible update.

Note: For large faculties, it may take some time before log messages appear.
2025-05-14 10:40:06 INFO Script to update researchoutput in pure from ricgraph has started
2025-05-14 10:40:06 INFO Processing faculty: uu faculty: information & technology services|organization_name
2025-05-14 10:40:06 INFO research output selected in ricgraph, not in pure:  53
2025-05-14 10:40:13 INFO Total works found in OpenAlex: 49
2025-05-14 10:42:44 INFO Process overview:
1. Start from internal persons in the selected faculty (via Ricgraph).
2. Find their connected research outputs (DOIs).
3. Match these to known Pure UUIDs (from Ricgraph).
4. Retrieve full metadata for each research output from Pure.
5. Enrich each output with OpenAlex data (if available).
6. Export results to a file for review and possible update.

Note: For large faculties, it may take some time before log messages appear.
2025-05-14 10:42:44 INFO Script to update researchoutput in pure from ricgraph has started
2025-05-14 10:42:44 INFO Processing faculty: uu faculty: information & technology services|organization_name
2025-05-14 10:42:44 INFO research output selected in ricgraph, not in pure:  53
2025-05-14 10:42:51 INFO Total works found in OpenAlex: 49
2025-05-14 10:45:06 INFO Process overview:
1. Start from internal persons in the selected faculty (via Ricgraph).
2. Find their connected research outputs (DOIs).
3. Match these to known Pure UUIDs (from Ricgraph).
4. Retrieve full metadata for each research output from Pure.
5. Enrich each output with OpenAlex data (if available).
6. Export results to a file for review and possible update.

Note: For large faculties, it may take some time before log messages appear.
2025-05-14 10:45:06 INFO Script to update researchoutput in pure from ricgraph has started
2025-05-14 10:45:06 INFO Processing faculty: uu faculty: information & technology services|organization_name
2025-05-14 10:45:06 INFO research output selected in ricgraph, not in pure:  53
2025-05-14 10:45:13 INFO Total works found in OpenAlex: 49
2025-05-14 10:45:13 INFO 3 articles removed, because no journal present, processing 46 publications
2025-05-14 10:45:13 INFO Formatting the output in Pure needed JSON format. This is a slow process, you might want to get some coffee...
2025-05-14 10:45:13 INFO Processing: 0
2025-05-14 10:45:32 WARNING Skipped research output https://openalex.org/W4389194212 due to missing contributor details.
2025-05-14 10:45:34 WARNING Skipped research output https://openalex.org/W4402673977. No ISSN for Generative AI for Research Data Processing: Lessons Learnt From Three Use Cases
2025-05-14 10:45:36 WARNING Skipped research output https://openalex.org/W3167978227. No ISSN for Parcels 2.2 - An increasingly versatile, open-source Lagrangian ocean simulation tool
2025-05-14 10:45:37 INFO Processing: 25
2025-05-14 10:45:39 WARNING Skipped research output https://openalex.org/W3101715492 due to missing contributor details.
2025-05-14 10:45:41 WARNING Skipped research output https://openalex.org/W3042686066. no managing organization found
2025-05-14 10:45:43 WARNING Skipped research output https://openalex.org/W4395020871 due to missing contributor details.
2025-05-14 10:45:44 INFO 6 items cannot be imported in pure, see reasons above
2025-05-14 10:45:44 INFO 40 items are already in pure
2025-05-14 10:45:44 INFO 0 items can be updated
2025-05-14 10:45:44 INFO Research output that can be imported are in file: output/research_output/to_be_updated.csv
2025-05-14 10:45:44 INFO Script part 1 to import research output in pure from ricgraph has ended
2025-05-14 10:45:44 INFO Please look at the update file and uncheck items you do not want to be imported, then proceed to import them in pure via *Apply Update to Pure*
2025-05-14 10:51:02 INFO Process overview:
1. Start from internal persons in the selected faculty (via Ricgraph).
2. Find their connected research outputs (DOIs).
3. Match these to known Pure UUIDs (from Ricgraph).
4. Retrieve full metadata for each research output from Pure.
5. Enrich each output with OpenAlex data (if available).
6. Export results to a file for review and possible update.

Note: For large faculties, it may take some time before log messages appear.
2025-05-14 10:51:02 INFO Script to update researchoutput in pure from ricgraph has started
2025-05-14 10:51:02 INFO Processing faculty: uu faculty: information & technology services|organization_name
2025-05-14 10:51:02 INFO research output selected in ricgraph, not in pure:  53
2025-05-14 10:51:08 INFO Total works found in OpenAlex: 49
2025-05-14 10:51:08 INFO 3 articles removed, because no journal present, processing 46 publications
2025-05-14 10:51:08 INFO Formatting the output in Pure needed JSON format. This is a slow process, you might want to get some coffee...
2025-05-14 10:51:08 INFO Processing: 0
2025-05-14 10:51:11 WARNING Skipped research output https://openalex.org/W3042686066. no managing organization found
2025-05-14 10:51:13 WARNING Skipped research output https://openalex.org/W3101715492 due to missing contributor details.
2025-05-14 10:51:15 INFO Processing: 25
2025-05-14 10:51:18 WARNING Skipped research output https://openalex.org/W4395020871 due to missing contributor details.
2025-05-14 10:51:29 WARNING Skipped research output https://openalex.org/W4389194212 due to missing contributor details.
2025-05-14 10:51:31 WARNING Skipped research output https://openalex.org/W4402673977. No ISSN for Generative AI for Research Data Processing: Lessons Learnt From Three Use Cases
2025-05-14 10:51:32 WARNING Skipped research output https://openalex.org/W3167978227. No ISSN for Parcels 2.2 - An increasingly versatile, open-source Lagrangian ocean simulation tool
2025-05-14 10:51:32 INFO 6 items cannot be imported in pure, see reasons above
2025-05-14 10:51:32 INFO 40 items are already in pure
2025-05-14 10:51:32 INFO 0 items can be updated
2025-05-14 10:51:32 INFO Research output that can be imported are in file: output/research_output/to_be_updated.csv
2025-05-14 10:51:32 INFO Script part 1 to import research output in pure from ricgraph has ended
2025-05-14 10:51:32 INFO Please look at the update file and uncheck items you do not want to be imported, then proceed to import them in pure via *Apply Update to Pure*
2025-05-14 10:53:42 INFO Process overview:
1. Start from internal persons in the selected faculty (via Ricgraph).
2. Find their connected research outputs (DOIs).
3. Match these to known Pure UUIDs (from Ricgraph).
4. Retrieve full metadata for each research output from Pure.
5. Enrich each output with OpenAlex data (if available).
6. Export results to a file for review and possible update.

Note: For large faculties, it may take some time before log messages appear.
2025-05-14 10:53:42 INFO Script to update researchoutput in pure from ricgraph has started
2025-05-14 10:53:42 INFO Processing faculty: uu faculty: information & technology services|organization_name
2025-05-14 10:53:42 INFO Research outputs linked in Ricgraph but not in Pure: 53
2025-05-14 10:53:49 INFO Total works found in OpenAlex: 49
2025-05-14 10:53:49 INFO 3 articles removed, because no journal present, processing 46 publications
2025-05-14 10:53:49 INFO Formatting the output in Pure needed JSON format. This is a slow process, you might want to get some coffee...
2025-05-14 10:53:51 WARNING Skipped research output https://openalex.org/W3042686066. no managing organization found
2025-05-14 10:53:54 WARNING Skipped research output https://openalex.org/W4395020871 due to missing contributor details.
2025-05-14 10:53:55 WARNING Skipped research output https://openalex.org/W4402673977. No ISSN for Generative AI for Research Data Processing: Lessons Learnt From Three Use Cases
2025-05-14 10:53:57 INFO Processing: 25
2025-05-14 10:53:59 WARNING Skipped research output https://openalex.org/W3167978227. No ISSN for Parcels 2.2 - An increasingly versatile, open-source Lagrangian ocean simulation tool
2025-05-14 10:54:10 WARNING Skipped research output https://openalex.org/W4389194212 due to missing contributor details.
2025-05-14 10:54:12 WARNING Skipped research output https://openalex.org/W3101715492 due to missing contributor details.
2025-05-14 10:54:13 INFO 6 items cannot be imported in pure, see reasons above
2025-05-14 10:54:13 INFO 40 items are already in pure
2025-05-14 10:54:13 INFO 0 items can be updated
2025-05-14 10:54:13 INFO Research output that can be imported are in file: output/research_output/to_be_updated.csv
2025-05-14 10:54:13 INFO Script part 1 to import research output in pure from ricgraph has ended
2025-05-14 10:54:13 INFO Please look at the update file and uncheck items you do not want to be imported, then proceed to import them in pure via *Apply Update to Pure*
2025-05-14 10:55:18 INFO Process overview:
1. Start from internal persons in the selected faculty (via Ricgraph).
2. Find their connected research outputs (DOIs).
3. Match these to known Pure UUIDs (from Ricgraph).
4. Retrieve full metadata for each research output from Pure.
5. Enrich each output with OpenAlex data (if available).
6. Export results to a file for review and possible update.

Note: For large faculties, it may take some time before log messages appear.
2025-05-14 10:55:18 INFO Script to update researchoutput in pure from ricgraph has started
2025-05-14 10:55:18 INFO Processing faculty: uu faculty: information & technology services|organization_name
2025-05-14 10:55:18 INFO Research outputs linked in Ricgraph but not in Pure: 53
2025-05-14 10:55:25 INFO Total works found in OpenAlex: 49
2025-05-14 10:55:25 INFO 3 articles removed, because no journal present, processing 46 publications
2025-05-14 10:55:25 INFO Formatting the output in Pure needed JSON format. This is a slow process, you might want to get some coffee...
2025-05-14 10:55:25 INFO Processing: 0
2025-05-14 10:55:40 WARNING Skipped research output https://openalex.org/W4389194212 due to missing contributor details.
2025-05-14 10:55:41 WARNING Skipped research output https://openalex.org/W4395020871 due to missing contributor details.
2025-05-14 10:55:43 INFO Processing: 25
2025-05-14 10:55:46 WARNING Skipped research output https://openalex.org/W3101715492 due to missing contributor details.
2025-05-14 10:55:50 WARNING Skipped research output https://openalex.org/W4402673977. No ISSN for Generative AI for Research Data Processing: Lessons Learnt From Three Use Cases
2025-05-14 10:55:52 WARNING Skipped research output https://openalex.org/W3167978227. No ISSN for Parcels 2.2 - An increasingly versatile, open-source Lagrangian ocean simulation tool
2025-05-14 10:55:54 WARNING Skipped research output https://openalex.org/W3042686066. no managing organization found
2025-05-14 10:55:54 INFO 6 items cannot be imported in pure, see reasons above
2025-05-14 10:55:54 INFO 40 items are already in pure
2025-05-14 10:55:54 INFO 0 items can be updated
2025-05-14 10:55:54 INFO Research output that can be imported are in file: output/research_output/to_be_updated.csv
2025-05-14 10:55:54 INFO Script part 1 to import research output in pure from ricgraph has ended
2025-05-14 10:55:54 INFO Please look at the update file and uncheck items you do not want to be imported, then proceed to import them in pure via *Apply Update to Pure*
2025-05-14 10:56:41 INFO Process overview:
1. Start from internal persons in the selected faculty (via Ricgraph).
2. Find their connected research outputs (DOIs).
3. Match these to known Pure UUIDs (from Ricgraph).
4. Retrieve full metadata for each research output from Pure.
5. Enrich each output with OpenAlex data (if available).
6. Export results to a file for review and possible update.

Note: For large faculties, it may take some time before log messages appear.
2025-05-14 10:56:41 INFO Script to update researchoutput in pure from ricgraph has started
2025-05-14 10:56:41 INFO Processing faculty: uu faculty: academic services|organization_name
2025-05-14 10:56:41 INFO Research outputs linked in Ricgraph but not in Pure: 9
2025-05-14 10:56:44 INFO Total works found in OpenAlex: 8
2025-05-14 10:56:44 INFO Formatting the output in Pure needed JSON format. This is a slow process, you might want to get some coffee...
2025-05-14 10:56:44 INFO Processing: 0
2025-05-14 10:56:48 WARNING Skipped research output https://openalex.org/W2549679510. no managing organization found
2025-05-14 10:56:50 INFO 1 items cannot be imported in pure, see reasons above
2025-05-14 10:56:50 INFO 7 items are already in pure
2025-05-14 10:56:50 INFO 0 items can be updated
2025-05-14 10:56:50 INFO Research output that can be imported are in file: output/research_output/to_be_updated.csv
2025-05-14 10:56:50 INFO Script part 1 to import research output in pure from ricgraph has ended
2025-05-14 10:56:50 INFO Please look at the update file and uncheck items you do not want to be imported, then proceed to import them in pure via *Apply Update to Pure*
2025-05-14 10:59:15 INFO Process overview:
1. Start from internal persons in the selected faculty (via Ricgraph).
2. Find their connected research outputs (DOIs).
3. Match these to known Pure UUIDs (from Ricgraph).
4. Retrieve full metadata for each research output from Pure.
5. Enrich each output with OpenAlex data (if available).
6. Export results to a file for review and possible update.

Note: For large faculties, it may take some time before log messages appear.
2025-05-14 10:59:15 INFO Script to update researchoutput in pure from ricgraph has started
2025-05-14 10:59:15 INFO Processing faculty: uu faculty: information & technology services|organization_name
2025-05-14 10:59:15 INFO Research outputs linked in Ricgraph but not in Pure: 10
2025-05-14 10:59:17 INFO Total works found in OpenAlex: 10
2025-05-14 10:59:17 INFO 2 articles removed, because no journal present, processing 8 publications
2025-05-14 10:59:17 INFO Formatting the output in Pure needed JSON format. This is a slow process, you might want to get some coffee...
2025-05-14 10:59:17 INFO Processing: 0
2025-05-14 10:59:29 WARNING Skipped research output https://openalex.org/W4389194212 due to missing contributor details.
2025-05-14 10:59:31 WARNING Skipped research output https://openalex.org/W3167978227. No ISSN for Parcels 2.2 - An increasingly versatile, open-source Lagrangian ocean simulation tool
2025-05-14 10:59:31 INFO 2 items cannot be imported in pure, see reasons above
2025-05-14 10:59:31 INFO 6 items are already in pure
2025-05-14 10:59:31 INFO 0 items can be updated
2025-05-14 10:59:31 INFO Research output that can be imported are in file: output/research_output/to_be_updated.csv
2025-05-14 10:59:31 INFO Script part 1 to import research output in pure from ricgraph has ended
2025-05-14 10:59:31 INFO Please look at the update file and uncheck items you do not want to be imported, then proceed to import them in pure via *Apply Update to Pure*
2025-05-14 10:59:45 INFO Process overview:
1. Start from internal persons in the selected faculty (via Ricgraph).
2. Find their connected research outputs (DOIs).
3. Match these to known Pure UUIDs (from Ricgraph).
4. Retrieve full metadata for each research output from Pure.
5. Enrich each output with OpenAlex data (if available).
6. Export results to a file for review and possible update.

Note: For large faculties, it may take some time before log messages appear.
2025-05-14 10:59:45 INFO Script to update researchoutput in pure from ricgraph has started
2025-05-14 10:59:45 INFO Processing faculty: uu faculty: law, economics and governance|organization_name
2025-05-14 10:59:56 INFO Research outputs linked in Ricgraph but not in Pure: 661
2025-05-14 11:01:08 INFO Total works found in OpenAlex: 591
2025-05-14 11:01:08 INFO 2 articles removed, because no journal present, processing 589 publications
2025-05-14 11:01:08 INFO Formatting the output in Pure needed JSON format. This is a slow process, you might want to get some coffee...
2025-05-14 11:01:08 INFO Processing: 0
2025-05-14 11:01:25 WARNING Skipped research output https://openalex.org/W1963225909. no managing organization found
2025-05-14 11:01:31 WARNING Skipped research output https://openalex.org/W3194782636. no managing organization found
2025-05-14 11:01:33 WARNING Skipped research output https://openalex.org/W205920062. no managing organization found
2025-05-14 11:01:33 INFO Processing: 25
2025-05-14 11:01:39 WARNING Skipped research output https://openalex.org/W4385571145. No ISSN for LeXFiles and LegalLAMA: Facilitating English Multinational Legal Language Model Development
2025-05-14 11:01:58 WARNING Skipped research output https://openalex.org/W2150890654. no managing organization found
2025-05-14 11:02:02 INFO Processing: 50
2025-05-14 11:02:32 WARNING Skipped research output https://openalex.org/W193196321. no managing organization found
2025-05-14 11:02:42 INFO Processing: 75
2025-05-14 11:02:43 WARNING Skipped research output https://openalex.org/W2270246669. no managing organization found
2025-05-14 11:02:44 WARNING Skipped research output https://openalex.org/W2923028274. no managing organization found
2025-05-14 11:02:44 WARNING Skipped research output https://openalex.org/W3105491954. no managing organization found
2025-05-14 11:02:46 WARNING Skipped research output https://openalex.org/W2243041367. no managing organization found
2025-05-14 11:02:49 WARNING Skipped research output https://openalex.org/W4393281173. no managing organization found
2025-05-14 11:02:52 WARNING Skipped research output https://openalex.org/W3122426721. no managing organization found
2025-05-14 11:02:55 WARNING Skipped research output https://openalex.org/W1548868985. no managing organization found
2025-05-14 11:02:57 WARNING Skipped research output https://openalex.org/W2247362198. no managing organization found
2025-05-14 11:02:58 WARNING Skipped research output https://openalex.org/W2009893376. no managing organization found
2025-05-14 11:02:59 WARNING Skipped research output https://openalex.org/W3146154361. no managing organization found
2025-05-14 11:03:00 WARNING Skipped research output https://openalex.org/W4312687323. no managing organization found
2025-05-14 11:03:00 INFO Processing: 100
2025-05-14 11:03:02 WARNING Skipped research output https://openalex.org/W2160586063. no managing organization found
2025-05-14 11:03:03 WARNING Skipped research output https://openalex.org/W2119403524. no managing organization found
2025-05-14 11:03:04 WARNING Skipped research output https://openalex.org/W2311265514. no managing organization found
2025-05-14 11:03:22 WARNING Skipped research output https://openalex.org/W2096196953. no managing organization found
2025-05-14 11:03:22 INFO Processing: 125
2025-05-14 11:03:24 WARNING Skipped research output https://openalex.org/W2891106079. no managing organization found
2025-05-14 11:03:25 WARNING Skipped research output https://openalex.org/W3124608634. no managing organization found
2025-05-14 11:03:27 WARNING Skipped research output https://openalex.org/W2124678501. no managing organization found
2025-05-14 11:03:29 WARNING Skipped research output https://openalex.org/W4406191728. no managing organization found
2025-05-14 11:03:33 WARNING Skipped research output https://openalex.org/W2278500022. no managing organization found
2025-05-14 11:03:40 WARNING Skipped research output https://openalex.org/W2794669607. no managing organization found
2025-05-14 11:03:41 INFO Processing: 150
2025-05-14 11:03:43 WARNING Skipped research output https://openalex.org/W3121352395. no managing organization found
2025-05-14 11:03:48 WARNING Skipped research output https://openalex.org/W2951900954. no managing organization found
2025-05-14 11:03:50 WARNING Skipped research output https://openalex.org/W2943511866. no managing organization found
2025-05-14 11:03:52 WARNING Skipped research output https://openalex.org/W2573210957. No ISSN for The Sound of Silence: Silent Ideologies in Public Services
2025-05-14 11:03:53 WARNING Skipped research output https://openalex.org/W2106930412. no managing organization found
2025-05-14 11:03:56 WARNING Skipped research output https://openalex.org/W3206273578. no managing organization found
2025-05-14 11:03:56 INFO Processing: 175
2025-05-14 11:03:58 WARNING Skipped research output https://openalex.org/W4205605722. no managing organization found
2025-05-14 11:04:00 WARNING Skipped research output https://openalex.org/W4206124803. No ISSN for Introduction to the Minitrack on Digital Government and AI
2025-05-14 11:04:01 WARNING Skipped research output https://openalex.org/W4400998950. No ISSN for Hurricane Katrina: measuring disaster impacts
2025-05-14 11:04:05 WARNING Skipped research output https://openalex.org/W1558784515. no managing organization found
2025-05-14 11:04:06 WARNING Skipped research output https://openalex.org/W3159129686. No ISSN for The Holy Grail: The Evaluation of Anti-Radicalization Policies in the Netherlands
2025-05-14 11:04:10 WARNING Skipped research output https://openalex.org/W2132807910. no managing organization found
2025-05-14 11:04:11 WARNING Skipped research output https://openalex.org/W2946125917. no managing organization found
2025-05-14 11:04:11 INFO Processing: 200
2025-05-14 11:04:26 WARNING Skipped research output https://openalex.org/W1500437751. no managing organization found
2025-05-14 11:04:30 WARNING Skipped research output https://openalex.org/W4304208413. No ISSN for DePhi: Decentralizing Philanthropy via Blockchain for Traceable Micro-transactions
2025-05-14 11:04:36 WARNING Skipped research output https://openalex.org/W1729610836. no managing organization found
2025-05-14 11:04:36 INFO Processing: 225
2025-05-14 11:04:42 WARNING Skipped research output https://openalex.org/W2136141682. no managing organization found
2025-05-14 11:04:44 WARNING Skipped research output https://openalex.org/W2342107747. no managing organization found
2025-05-14 11:04:54 WARNING Skipped research output https://openalex.org/W1524545539. no managing organization found
2025-05-14 11:04:54 INFO Processing: 250
2025-05-14 11:05:01 WARNING Skipped research output https://openalex.org/W4386516238. No ISSN for Justification, stability and relevance for case-based reasoning with incomplete focus cases
2025-05-14 11:05:02 WARNING Skipped research output https://openalex.org/W183617394. no managing organization found
2025-05-14 11:05:04 WARNING Skipped research output https://openalex.org/W3153787709. No ISSN for Making Diversity Research Matter for Social Change: New Conversations Beyond the Firm
2025-05-14 11:05:09 WARNING Skipped research output https://openalex.org/W2280712006. no managing organization found
2025-05-14 11:05:10 INFO Processing: 275
2025-05-14 11:05:19 WARNING Skipped research output https://openalex.org/W2294592825. no managing organization found
2025-05-14 11:05:30 INFO Processing: 300
2025-05-14 11:05:31 WARNING Skipped research output https://openalex.org/W3207793649. no managing organization found
2025-05-14 11:05:35 WARNING Skipped research output https://openalex.org/W3124414815. no managing organization found
2025-05-14 11:05:36 WARNING Skipped research output https://openalex.org/W1581653521. no managing organization found
2025-05-14 11:05:43 WARNING Skipped research output https://openalex.org/W2751600484. no managing organization found
2025-05-14 11:05:44 WARNING Skipped research output https://openalex.org/W2096744462. no managing organization found
2025-05-14 11:05:45 WARNING Skipped research output https://openalex.org/W3198426843. no managing organization found
2025-05-14 11:05:46 WARNING Skipped research output https://openalex.org/W3183497880. no managing organization found
2025-05-14 11:05:50 INFO Processing: 325
2025-05-14 11:05:52 WARNING Skipped research output https://openalex.org/W2321301331. No ISSN for Welfare-to-Work at the Front Line
2025-05-14 11:05:53 WARNING Skipped research output https://openalex.org/W4283214974. no managing organization found
2025-05-14 11:05:59 WARNING Skipped research output https://openalex.org/W3121840861. no managing organization found
2025-05-14 11:06:00 WARNING Skipped research output https://openalex.org/W3022052957. no managing organization found
2025-05-14 11:06:02 WARNING Skipped research output https://openalex.org/W2222254744. no managing organization found
2025-05-14 11:06:03 WARNING Skipped research output https://openalex.org/W1550839859. No ISSN for Elite for all, all for elite? An assessment of the impact of sport development on elite sport success
2025-05-14 11:06:03 INFO Processing: 350
2025-05-14 11:06:07 WARNING Skipped research output https://openalex.org/W4385574344. No ISSN for Abstractive Summarization of Dutch Court Verdicts Using Sequence-to-sequence Models
2025-05-14 11:06:08 WARNING Skipped research output https://openalex.org/W4224323560. No ISSN for Discussing The Legitimacy of Digital Market Surveillance
2025-05-14 11:06:09 WARNING Skipped research output https://openalex.org/W3124651301. no managing organization found
2025-05-14 11:06:17 WARNING Skipped research output https://openalex.org/W2559739254. no managing organization found
2025-05-14 11:06:22 WARNING Skipped research output https://openalex.org/W3123223732. no managing organization found
2025-05-14 11:06:23 INFO Processing: 375
2025-05-14 11:06:29 WARNING Skipped research output https://openalex.org/W3124155051. no managing organization found
2025-05-14 11:06:29 WARNING Skipped research output https://openalex.org/W3125949450. no managing organization found
2025-05-14 11:06:36 WARNING Skipped research output https://openalex.org/W3125554759. no managing organization found
2025-05-14 11:06:48 WARNING Skipped research output https://openalex.org/W2288481749. no managing organization found
2025-05-14 11:06:50 WARNING Skipped research output https://openalex.org/W2122863403. no managing organization found
2025-05-14 11:06:50 WARNING Skipped research output https://openalex.org/W45440489. no managing organization found
2025-05-14 11:06:51 INFO Processing: 400
2025-05-14 11:06:52 WARNING Skipped research output https://openalex.org/W4293244040. no managing organization found
2025-05-14 11:06:57 WARNING Skipped research output https://openalex.org/W2158368467. no managing organization found
2025-05-14 11:06:58 WARNING Skipped research output https://openalex.org/W3016285972. no managing organization found
2025-05-14 11:07:02 WARNING Skipped research output https://openalex.org/W3161113696. no managing organization found
2025-05-14 11:07:09 INFO Processing: 425
2025-05-14 11:07:12 WARNING Skipped research output https://openalex.org/W4392669878. No ISSN for A Multimodal Analysis of Influencer Content on Twitter
2025-05-14 11:07:26 WARNING Skipped research output https://openalex.org/W4400998288. No ISSN for Measuring the intensity of hazards and their impact
2025-05-14 11:07:43 WARNING Skipped research output https://openalex.org/W4387572282. No ISSN for Validation d’une échelle de la confiance des citoyens dans les organisations gouvernementales
2025-05-14 11:07:43 INFO Processing: 450
2025-05-14 11:07:49 WARNING Skipped research output https://openalex.org/W3122037360. no managing organization found
2025-05-14 11:07:49 WARNING Skipped research output https://openalex.org/W2136421009. no managing organization found
2025-05-14 11:07:58 INFO Processing: 475
2025-05-14 11:07:59 WARNING Skipped research output https://openalex.org/W2160746385. no managing organization found
2025-05-14 11:08:07 WARNING Skipped research output https://openalex.org/W4396513953. no managing organization found
2025-05-14 11:08:09 WARNING Skipped research output https://openalex.org/W2178820010. no managing organization found
2025-05-14 11:08:14 WARNING Skipped research output https://openalex.org/W2293992956. no managing organization found
2025-05-14 11:08:17 WARNING Skipped research output https://openalex.org/W2132524402. no managing organization found
2025-05-14 11:08:19 INFO Processing: 500
2025-05-14 11:08:22 WARNING Skipped research output https://openalex.org/W2687969056. No ISSN for Facilitating Collaborative Decision Making with the Software Architecture Video Wall
2025-05-14 11:08:25 WARNING Skipped research output https://openalex.org/W3124008979. no managing organization found
2025-05-14 11:08:36 INFO Processing: 525
2025-05-14 11:08:37 WARNING Skipped research output https://openalex.org/W1582390191. no managing organization found
2025-05-14 11:08:47 WARNING Skipped research output https://openalex.org/W3122618009. no managing organization found
2025-05-14 11:08:48 WARNING Skipped research output https://openalex.org/W2594126840. No ISSN for An Argumentative-Narrative Risk Assessment Model
2025-05-14 11:08:49 WARNING Skipped research output https://openalex.org/W3124139175. no managing organization found
2025-05-14 11:08:49 INFO Processing: 550
2025-05-14 11:08:55 WARNING Skipped research output https://openalex.org/W3122663271. no managing organization found
2025-05-14 11:08:59 WARNING Skipped research output https://openalex.org/W2346474810. no managing organization found
2025-05-14 11:09:04 INFO Processing: 575
2025-05-14 11:09:10 WARNING Skipped research output https://openalex.org/W2587759717. no managing organization found
2025-05-14 11:09:27 WARNING Skipped research output https://openalex.org/W2564247261. no managing organization found
2025-05-14 11:09:28 INFO 99 items cannot be imported in pure, see reasons above
2025-05-14 11:09:28 INFO 242 items are already in pure
2025-05-14 11:09:28 INFO 248 items can be updated
2025-05-14 11:09:28 INFO Research output that can be imported are in file: output/research_output/to_be_updated.csv
2025-05-14 11:09:28 INFO Script part 1 to import research output in pure from ricgraph has ended
2025-05-14 11:09:28 INFO Please look at the update file and uncheck items you do not want to be imported, then proceed to import them in pure via *Apply Update to Pure*
2025-05-14 11:20:17 INFO Process overview:
1. Start from internal persons in the selected faculty (via Ricgraph).
2. Find their connected research outputs (DOIs).
3. Match these to known Pure UUIDs (from Ricgraph).
4. Retrieve full metadata for each research output from Pure.
5. Enrich each output with OpenAlex data (if available).
6. Export results to a file for review and possible update.

Note: For large faculties, it may take some time before log messages appear.
2025-05-14 11:20:17 INFO Script to update researchoutput in pure from ricgraph has started
2025-05-14 11:20:17 INFO Processing faculty: uu faculty: centre for science communications and culture|organization_name
2025-05-14 11:20:17 INFO Research outputs linked in Ricgraph but not in Pure: 0
2025-05-14 11:20:17 INFO Script part 1 to import research output in pure from ricgraph has ended
2025-05-14 11:20:17 INFO Please look at the update file and uncheck items you do not want to be imported, then proceed to import them in pure via *Apply Update to Pure*
2025-05-14 11:20:23 INFO Process overview:
1. Start from internal persons in the selected faculty (via Ricgraph).
2. Find their connected research outputs (DOIs).
3. Match these to known Pure UUIDs (from Ricgraph).
4. Retrieve full metadata for each research output from Pure.
5. Enrich each output with OpenAlex data (if available).
6. Export results to a file for review and possible update.

Note: For large faculties, it may take some time before log messages appear.
2025-05-14 11:20:23 INFO Script to update researchoutput in pure from ricgraph has started
2025-05-14 11:20:23 INFO Processing faculty: uu faculty: student & academic affairs office|organization_name
2025-05-14 11:20:23 INFO Research outputs linked in Ricgraph but not in Pure: 0
2025-05-14 11:20:23 INFO Script part 1 to import research output in pure from ricgraph has ended
2025-05-14 11:20:23 INFO Please look at the update file and uncheck items you do not want to be imported, then proceed to import them in pure via *Apply Update to Pure*
2025-05-14 11:20:27 INFO Process overview:
1. Start from internal persons in the selected faculty (via Ricgraph).
2. Find their connected research outputs (DOIs).
3. Match these to known Pure UUIDs (from Ricgraph).
4. Retrieve full metadata for each research output from Pure.
5. Enrich each output with OpenAlex data (if available).
6. Export results to a file for review and possible update.

Note: For large faculties, it may take some time before log messages appear.
2025-05-14 11:20:27 INFO Script to update researchoutput in pure from ricgraph has started
2025-05-14 11:20:27 INFO Processing faculty: uu faculty: academic services|organization_name
2025-05-14 11:20:27 INFO Research outputs linked in Ricgraph but not in Pure: 0
2025-05-14 11:20:27 INFO Script part 1 to import research output in pure from ricgraph has ended
2025-05-14 11:20:27 INFO Please look at the update file and uncheck items you do not want to be imported, then proceed to import them in pure via *Apply Update to Pure*
2025-05-14 11:20:32 INFO Process overview:
1. Start from internal persons in the selected faculty (via Ricgraph).
2. Find their connected research outputs (DOIs).
3. Match these to known Pure UUIDs (from Ricgraph).
4. Retrieve full metadata for each research output from Pure.
5. Enrich each output with OpenAlex data (if available).
6. Export results to a file for review and possible update.

Note: For large faculties, it may take some time before log messages appear.
2025-05-14 11:20:32 INFO Script to update researchoutput in pure from ricgraph has started
2025-05-14 11:20:32 INFO Processing faculty: uu faculty: information & technology services|organization_name
2025-05-14 11:20:32 INFO Research outputs linked in Ricgraph but not in Pure: 10
2025-05-14 11:20:34 INFO Total works found in OpenAlex: 10
2025-05-14 11:20:34 INFO 2 articles removed, because no journal present, processing 8 publications
2025-05-14 11:20:34 INFO Formatting the output in Pure needed JSON format. This is a slow process, you might want to get some coffee...
2025-05-14 11:20:34 INFO Processing: 0
2025-05-14 11:20:42 INFO Process overview:
1. Start from internal persons in the selected faculty (via Ricgraph).
2. Find their connected research outputs (DOIs).
3. Match these to known Pure UUIDs (from Ricgraph).
4. Retrieve full metadata for each research output from Pure.
5. Enrich each output with OpenAlex data (if available).
6. Export results to a file for review and possible update.

Note: For large faculties, it may take some time before log messages appear.
2025-05-14 11:20:42 INFO Script to update researchoutput in pure from ricgraph has started
2025-05-14 11:20:42 INFO Processing faculty: uu faculty: law, economics and governance|organization_name
2025-05-14 11:20:46 WARNING Skipped research output https://openalex.org/W4389194212 due to missing contributor details.
2025-05-14 11:20:48 WARNING Skipped research output https://openalex.org/W3167978227. No ISSN for Parcels 2.2 - An increasingly versatile, open-source Lagrangian ocean simulation tool
2025-05-14 11:20:48 INFO 2 items cannot be imported in pure, see reasons above
2025-05-14 11:20:48 INFO 6 items are already in pure
2025-05-14 11:20:48 INFO 0 items can be updated
2025-05-14 11:20:48 INFO Research output that can be imported are in file: output/research_output/to_be_updated.csv
2025-05-14 11:20:48 INFO Script part 1 to import research output in pure from ricgraph has ended
2025-05-14 11:20:48 INFO Please look at the update file and uncheck items you do not want to be imported, then proceed to import them in pure via *Apply Update to Pure*
2025-05-14 11:20:53 INFO Research outputs linked in Ricgraph but not in Pure: 661
2025-05-14 11:22:06 INFO Total works found in OpenAlex: 591
2025-05-14 11:22:06 INFO 2 articles removed, because no journal present, processing 589 publications
2025-05-14 11:22:06 INFO Formatting the output in Pure needed JSON format. This is a slow process, you might want to get some coffee...
2025-05-14 11:22:06 INFO Processing: 0
2025-05-14 11:22:08 WARNING Skipped research output https://openalex.org/W2124678501. no managing organization found
2025-05-14 11:22:09 WARNING Skipped research output https://openalex.org/W3121352395. no managing organization found
2025-05-14 11:22:09 WARNING Skipped research output https://openalex.org/W193196321. no managing organization found
2025-05-14 11:22:11 WARNING Skipped research output https://openalex.org/W1558784515. no managing organization found
2025-05-14 11:22:13 WARNING Skipped research output https://openalex.org/W4396513953. no managing organization found
2025-05-14 11:22:14 WARNING Skipped research output https://openalex.org/W3121840861. no managing organization found
2025-05-14 11:22:17 WARNING Skipped research output https://openalex.org/W4385571145. No ISSN for LeXFiles and LegalLAMA: Facilitating English Multinational Legal Language Model Development
2025-05-14 11:22:18 INFO Processing: 25
2025-05-14 11:22:20 WARNING Skipped research output https://openalex.org/W4385574344. No ISSN for Abstractive Summarization of Dutch Court Verdicts Using Sequence-to-sequence Models
2025-05-14 11:22:21 WARNING Skipped research output https://openalex.org/W4386516238. No ISSN for Justification, stability and relevance for case-based reasoning with incomplete focus cases
2025-05-14 11:22:23 WARNING Skipped research output https://openalex.org/W3124608634. no managing organization found
2025-05-14 11:22:23 INFO Process overview:
1. Start from internal persons in the selected faculty (via Ricgraph).
2. Find their connected research outputs (DOIs).
3. Match these to known Pure UUIDs (from Ricgraph).
4. Retrieve full metadata for each research output from Pure.
5. Enrich each output with OpenAlex data (if available).
6. Export results to a file for review and possible update.

Note: For large faculties, it may take some time before log messages appear.
2025-05-14 11:22:23 INFO Script to update researchoutput in pure from ricgraph has started
2025-05-14 11:22:23 INFO Processing faculty: uu faculty: law, economics and governance|organization_name
2025-05-14 11:22:24 WARNING Skipped research output https://openalex.org/W3122663271. no managing organization found
2025-05-14 11:22:26 WARNING Skipped research output https://openalex.org/W2122863403. no managing organization found
2025-05-14 11:22:27 WARNING Skipped research output https://openalex.org/W1581653521. no managing organization found
2025-05-14 11:22:27 INFO Processing: 50
2025-05-14 11:22:30 WARNING Skipped research output https://openalex.org/W4400998288. No ISSN for Measuring the intensity of hazards and their impact
2025-05-14 11:22:31 INFO Processing: 75
2025-05-14 11:22:32 WARNING Skipped research output https://openalex.org/W3016285972. no managing organization found
2025-05-14 11:22:34 WARNING Skipped research output https://openalex.org/W3124155051. no managing organization found
2025-05-14 11:22:34 INFO Research outputs linked in Ricgraph but not in Pure: 661
2025-05-14 11:22:34 WARNING Skipped research output https://openalex.org/W4205605722. no managing organization found
2025-05-14 11:22:37 WARNING Skipped research output https://openalex.org/W2009893376. no managing organization found
2025-05-14 11:22:39 WARNING Skipped research output https://openalex.org/W1550839859. No ISSN for Elite for all, all for elite? An assessment of the impact of sport development on elite sport success
2025-05-14 11:22:39 INFO Processing: 100
2025-05-14 11:22:42 WARNING Skipped research output https://openalex.org/W2594126840. No ISSN for An Argumentative-Narrative Risk Assessment Model
2025-05-14 11:22:43 WARNING Skipped research output https://openalex.org/W2160586063. no managing organization found
2025-05-14 11:22:45 WARNING Skipped research output https://openalex.org/W3124651301. no managing organization found
2025-05-14 11:22:46 INFO Processing: 125
2025-05-14 11:22:48 WARNING Skipped research output https://openalex.org/W4224323560. No ISSN for Discussing The Legitimacy of Digital Market Surveillance
2025-05-14 11:22:50 WARNING Skipped research output https://openalex.org/W1548868985. no managing organization found
2025-05-14 11:22:50 WARNING Skipped research output https://openalex.org/W183617394. no managing organization found
2025-05-14 11:22:51 WARNING Skipped research output https://openalex.org/W2096744462. no managing organization found
2025-05-14 11:22:52 WARNING Skipped research output https://openalex.org/W3183497880. no managing organization found
2025-05-14 11:22:54 INFO Processing: 150
2025-05-14 11:22:56 WARNING Skipped research output https://openalex.org/W2132807910. no managing organization found
2025-05-14 11:22:58 WARNING Skipped research output https://openalex.org/W3194782636. no managing organization found
2025-05-14 11:22:59 WARNING Skipped research output https://openalex.org/W45440489. no managing organization found
2025-05-14 11:23:00 INFO Processing: 175
2025-05-14 11:23:01 WARNING Skipped research output https://openalex.org/W1963225909. no managing organization found
2025-05-14 11:23:03 WARNING Skipped research output https://openalex.org/W3124139175. no managing organization found
2025-05-14 11:23:05 WARNING Skipped research output https://openalex.org/W4392669878. No ISSN for A Multimodal Analysis of Influencer Content on Twitter
2025-05-14 11:23:05 WARNING Skipped research output https://openalex.org/W3159129686. No ISSN for The Holy Grail: The Evaluation of Anti-Radicalization Policies in the Netherlands
2025-05-14 11:23:07 WARNING Skipped research output https://openalex.org/W3123223732. no managing organization found
2025-05-14 11:23:08 INFO Processing: 200
2025-05-14 11:23:10 WARNING Skipped research output https://openalex.org/W2136141682. no managing organization found
2025-05-14 11:23:12 INFO Processing: 225
2025-05-14 11:23:13 WARNING Skipped research output https://openalex.org/W4400998950. No ISSN for Hurricane Katrina: measuring disaster impacts
2025-05-14 11:23:15 WARNING Skipped research output https://openalex.org/W2178820010. no managing organization found
2025-05-14 11:23:17 WARNING Skipped research output https://openalex.org/W2946125917. no managing organization found
2025-05-14 11:23:17 INFO Processing: 250
2025-05-14 11:23:18 WARNING Skipped research output https://openalex.org/W3153787709. No ISSN for Making Diversity Research Matter for Social Change: New Conversations Beyond the Firm
2025-05-14 11:23:19 WARNING Skipped research output https://openalex.org/W2158368467. no managing organization found
2025-05-14 11:23:23 WARNING Skipped research output https://openalex.org/W4304208413. No ISSN for DePhi: Decentralizing Philanthropy via Blockchain for Traceable Micro-transactions
2025-05-14 11:23:26 WARNING Skipped research output https://openalex.org/W2587759717. no managing organization found
2025-05-14 11:23:28 WARNING Skipped research output https://openalex.org/W2951900954. no managing organization found
2025-05-14 11:23:28 WARNING Skipped research output https://openalex.org/W2346474810. no managing organization found
2025-05-14 11:23:30 WARNING Skipped research output https://openalex.org/W3207793649. no managing organization found
2025-05-14 11:23:32 WARNING Skipped research output https://openalex.org/W205920062. no managing organization found
2025-05-14 11:23:32 INFO Processing: 275
2025-05-14 11:23:34 WARNING Skipped research output https://openalex.org/W2573210957. No ISSN for The Sound of Silence: Silent Ideologies in Public Services
2025-05-14 11:23:36 WARNING Skipped research output https://openalex.org/W2288481749. no managing organization found
2025-05-14 11:23:36 WARNING Skipped research output https://openalex.org/W2119403524. no managing organization found
2025-05-14 11:23:37 WARNING Skipped research output https://openalex.org/W2559739254. no managing organization found
2025-05-14 11:23:38 WARNING Skipped research output https://openalex.org/W3125949450. no managing organization found
2025-05-14 11:23:38 WARNING Skipped research output https://openalex.org/W4312687323. no managing organization found
2025-05-14 11:23:40 WARNING Skipped research output https://openalex.org/W4393281173. no managing organization found
2025-05-14 11:23:41 INFO Processing: 300
2025-05-14 11:23:43 WARNING Skipped research output https://openalex.org/W3124008979. no managing organization found
2025-05-14 11:23:45 WARNING Skipped research output https://openalex.org/W2280712006. no managing organization found
2025-05-14 11:23:46 WARNING Skipped research output https://openalex.org/W2294592825. no managing organization found
2025-05-14 11:23:47 INFO Total works found in OpenAlex: 591
2025-05-14 11:23:47 WARNING Skipped research output https://openalex.org/W2293992956. no managing organization found
2025-05-14 11:23:47 INFO 2 articles removed, because no journal present, processing 589 publications
2025-05-14 11:23:47 INFO Formatting the output in Pure needed JSON format. This is a slow process, you might want to get some coffee...
2025-05-14 11:23:47 INFO Processing: 0
2025-05-14 11:23:51 WARNING Skipped research output https://openalex.org/W2346474810. no managing organization found
2025-05-14 11:23:52 INFO Processing: 325
2025-05-14 11:23:52 WARNING Skipped research output https://openalex.org/W2294592825. no managing organization found
2025-05-14 11:23:54 WARNING Skipped research output https://openalex.org/W3022052957. no managing organization found
2025-05-14 11:23:54 WARNING Skipped research output https://openalex.org/W2106930412. no managing organization found
2025-05-14 11:23:55 WARNING Skipped research output https://openalex.org/W3198426843. no managing organization found
2025-05-14 11:23:56 INFO Processing: 25
2025-05-14 11:23:56 WARNING Skipped research output https://openalex.org/W4386516238. No ISSN for Justification, stability and relevance for case-based reasoning with incomplete focus cases
2025-05-14 11:23:56 WARNING Skipped research output https://openalex.org/W2222254744. no managing organization found
2025-05-14 11:23:58 WARNING Skipped research output https://openalex.org/W2751600484. no managing organization found
2025-05-14 11:23:58 WARNING Skipped research output https://openalex.org/W3122426721. no managing organization found
2025-05-14 11:23:59 INFO Processing: 350
2025-05-14 11:23:59 WARNING Skipped research output https://openalex.org/W3124651301. no managing organization found
2025-05-14 11:24:00 WARNING Skipped research output https://openalex.org/W2321301331. No ISSN for Welfare-to-Work at the Front Line
2025-05-14 11:24:02 WARNING Skipped research output https://openalex.org/W2096196953. no managing organization found
2025-05-14 11:24:04 WARNING Skipped research output https://openalex.org/W4385571145. No ISSN for LeXFiles and LegalLAMA: Facilitating English Multinational Legal Language Model Development
2025-05-14 11:24:04 WARNING Skipped research output https://openalex.org/W1500437751. no managing organization found
2025-05-14 11:24:05 WARNING Skipped research output https://openalex.org/W1550839859. No ISSN for Elite for all, all for elite? An assessment of the impact of sport development on elite sport success
2025-05-14 11:24:05 INFO Processing: 50
2025-05-14 11:24:05 INFO Processing: 375
2025-05-14 11:24:07 WARNING Skipped research output https://openalex.org/W2559739254. no managing organization found
2025-05-14 11:24:08 WARNING Skipped research output https://openalex.org/W4400998950. No ISSN for Hurricane Katrina: measuring disaster impacts
2025-05-14 11:24:08 WARNING Skipped research output https://openalex.org/W3122618009. no managing organization found
2025-05-14 11:24:09 WARNING Skipped research output https://openalex.org/W4396513953. no managing organization found
2025-05-14 11:24:09 WARNING Skipped research output https://openalex.org/W2923028274. no managing organization found
2025-05-14 11:24:10 WARNING Skipped research output https://openalex.org/W2946125917. no managing organization found
2025-05-14 11:24:10 WARNING Skipped research output https://openalex.org/W3161113696. no managing organization found
2025-05-14 11:24:11 WARNING Skipped research output https://openalex.org/W3206273578. no managing organization found
2025-05-14 11:24:11 WARNING Skipped research output https://openalex.org/W2150890654. no managing organization found
2025-05-14 11:24:12 WARNING Skipped research output https://openalex.org/W2132807910. no managing organization found
2025-05-14 11:24:12 INFO Processing: 75
2025-05-14 11:24:12 WARNING Skipped research output https://openalex.org/W1582390191. no managing organization found
2025-05-14 11:24:13 WARNING Skipped research output https://openalex.org/W2119403524. no managing organization found
2025-05-14 11:24:14 WARNING Skipped research output https://openalex.org/W2150890654. no managing organization found
2025-05-14 11:24:14 WARNING Skipped research output https://openalex.org/W2243041367. no managing organization found
2025-05-14 11:24:14 INFO Processing: 400
2025-05-14 11:24:15 WARNING Skipped research output https://openalex.org/W3124608634. no managing organization found
2025-05-14 11:24:16 WARNING Skipped research output https://openalex.org/W3105491954. no managing organization found
2025-05-14 11:24:17 INFO Processing: 100
2025-05-14 11:24:19 WARNING Skipped research output https://openalex.org/W4385574344. No ISSN for Abstractive Summarization of Dutch Court Verdicts Using Sequence-to-sequence Models
2025-05-14 11:24:20 WARNING Skipped research output https://openalex.org/W4206124803. No ISSN for Introduction to the Minitrack on Digital Government and AI
2025-05-14 11:24:20 WARNING Skipped research output https://openalex.org/W2178820010. no managing organization found
2025-05-14 11:24:21 WARNING Skipped research output https://openalex.org/W2136421009. no managing organization found
2025-05-14 11:24:21 INFO Processing: 425
2025-05-14 11:24:21 WARNING Skipped research output https://openalex.org/W2573210957. No ISSN for The Sound of Silence: Silent Ideologies in Public Services
2025-05-14 11:24:22 WARNING Skipped research output https://openalex.org/W4400998288. No ISSN for Measuring the intensity of hazards and their impact
2025-05-14 11:24:23 WARNING Skipped research output https://openalex.org/W2342107747. no managing organization found
2025-05-14 11:24:24 WARNING Skipped research output https://openalex.org/W3121840861. no managing organization found
2025-05-14 11:24:24 INFO Processing: 450
2025-05-14 11:24:25 WARNING Skipped research output https://openalex.org/W2096744462. no managing organization found
2025-05-14 11:24:26 WARNING Skipped research output https://openalex.org/W3124008979. no managing organization found
2025-05-14 11:24:27 WARNING Skipped research output https://openalex.org/W4293244040. no managing organization found
2025-05-14 11:24:29 WARNING Skipped research output https://openalex.org/W2951900954. no managing organization found
2025-05-14 11:24:29 INFO Processing: 125
2025-05-14 11:24:30 WARNING Skipped research output https://openalex.org/W2943511866. no managing organization found
2025-05-14 11:24:31 WARNING Skipped research output https://openalex.org/W45440489. no managing organization found
2025-05-14 11:24:32 WARNING Skipped research output https://openalex.org/W4406191728. no managing organization found
2025-05-14 11:24:33 WARNING Skipped research output https://openalex.org/W3207793649. no managing organization found
2025-05-14 11:24:33 WARNING Skipped research output https://openalex.org/W2321301331. No ISSN for Welfare-to-Work at the Front Line
2025-05-14 11:24:34 WARNING Skipped research output https://openalex.org/W3122037360. no managing organization found
2025-05-14 11:24:34 WARNING Skipped research output https://openalex.org/W3022052957. no managing organization found
2025-05-14 11:24:34 INFO Processing: 475
2025-05-14 11:24:35 INFO Processing: 150
2025-05-14 11:24:35 WARNING Skipped research output https://openalex.org/W2342107747. no managing organization found
2025-05-14 11:24:37 WARNING Skipped research output https://openalex.org/W2096196953. no managing organization found
2025-05-14 11:24:38 WARNING Skipped research output https://openalex.org/W3122037360. no managing organization found
2025-05-14 11:24:38 WARNING Skipped research output https://openalex.org/W2564247261. no managing organization found
2025-05-14 11:24:39 WARNING Skipped research output https://openalex.org/W3122426721. no managing organization found
2025-05-14 11:24:40 WARNING Skipped research output https://openalex.org/W3124414815. no managing organization found
2025-05-14 11:24:40 INFO Processing: 175
2025-05-14 11:24:40 WARNING Skipped research output https://openalex.org/W4387572282. No ISSN for Validation d&#x27;une échelle de la confiance des citoyens dans les organisations gouvernementales
2025-05-14 11:24:41 WARNING Skipped research output https://openalex.org/W4387572282. No ISSN for Validation d&#x27;une échelle de la confiance des citoyens dans les organisations gouvernementales
2025-05-14 11:24:42 WARNING Skipped research output https://openalex.org/W2278500022. no managing organization found
2025-05-14 11:24:43 WARNING Skipped research output https://openalex.org/W4206124803. No ISSN for Introduction to the Minitrack on Digital Government and AI
2025-05-14 11:24:43 INFO Processing: 500
2025-05-14 11:24:44 WARNING Skipped research output https://openalex.org/W1582390191. no managing organization found
2025-05-14 11:24:46 WARNING Skipped research output https://openalex.org/W4224323560. No ISSN for Discussing The Legitimacy of Digital Market Surveillance
2025-05-14 11:24:46 WARNING Skipped research output https://openalex.org/W2136421009. no managing organization found
2025-05-14 11:24:47 WARNING Skipped research output https://openalex.org/W2891106079. no managing organization found
2025-05-14 11:24:49 WARNING Skipped research output https://openalex.org/W3206273578. no managing organization found
2025-05-14 11:24:49 WARNING Skipped research output https://openalex.org/W3198426843. no managing organization found
2025-05-14 11:24:49 INFO Processing: 200
2025-05-14 11:24:49 INFO Processing: 525
2025-05-14 11:24:50 WARNING Skipped research output https://openalex.org/W1524545539. no managing organization found
2025-05-14 11:24:50 WARNING Skipped research output https://openalex.org/W3105491954. no managing organization found
2025-05-14 11:24:51 WARNING Skipped research output https://openalex.org/W1581653521. no managing organization found
2025-05-14 11:24:52 WARNING Skipped research output https://openalex.org/W4392669878. No ISSN for A Multimodal Analysis of Influencer Content on Twitter
2025-05-14 11:24:52 WARNING Skipped research output https://openalex.org/W3125554759. no managing organization found
2025-05-14 11:24:54 WARNING Skipped research output https://openalex.org/W3146154361. no managing organization found
2025-05-14 11:24:54 INFO Processing: 225
2025-05-14 11:24:55 WARNING Skipped research output https://openalex.org/W2136141682. no managing organization found
2025-05-14 11:24:56 INFO Processing: 550
2025-05-14 11:24:57 WARNING Skipped research output https://openalex.org/W3124155051. no managing organization found
2025-05-14 11:24:58 WARNING Skipped research output https://openalex.org/W1729610836. no managing organization found
2025-05-14 11:24:58 WARNING Skipped research output https://openalex.org/W2247362198. no managing organization found
2025-05-14 11:24:58 WARNING Skipped research output https://openalex.org/W2751600484. no managing organization found
2025-05-14 11:24:59 WARNING Skipped research output https://openalex.org/W3125554759. no managing organization found
2025-05-14 11:24:59 WARNING Skipped research output https://openalex.org/W4283214974. no managing organization found
2025-05-14 11:25:00 WARNING Skipped research output https://openalex.org/W2270246669. no managing organization found
2025-05-14 11:25:01 WARNING Skipped research output https://openalex.org/W2160746385. no managing organization found
2025-05-14 11:25:02 WARNING Skipped research output https://openalex.org/W2160586063. no managing organization found
2025-05-14 11:25:02 WARNING Skipped research output https://openalex.org/W3124139175. no managing organization found
2025-05-14 11:25:02 WARNING Skipped research output https://openalex.org/W2564247261. no managing organization found
2025-05-14 11:25:02 INFO Processing: 250
2025-05-14 11:25:04 WARNING Skipped research output https://openalex.org/W2794669607. no managing organization found
2025-05-14 11:25:04 INFO Processing: 575
2025-05-14 11:25:04 WARNING Skipped research output https://openalex.org/W3122663271. no managing organization found
2025-05-14 11:25:05 WARNING Skipped research output https://openalex.org/W2687969056. No ISSN for Facilitating Collaborative Decision Making with the Software Architecture Video Wall
2025-05-14 11:25:07 WARNING Skipped research output https://openalex.org/W2794669607. no managing organization found
2025-05-14 11:25:09 WARNING Skipped research output https://openalex.org/W2132524402. no managing organization found
2025-05-14 11:25:10 WARNING Skipped research output https://openalex.org/W2311265514. no managing organization found
2025-05-14 11:25:10 INFO 99 items cannot be imported in pure, see reasons above
2025-05-14 11:25:10 INFO 489 items are already in pure
2025-05-14 11:25:10 INFO 1 items can be updated
2025-05-14 11:25:10 INFO Research output that can be imported are in file: output/research_output/to_be_updated.csv
2025-05-14 11:25:10 INFO Script part 1 to import research output in pure from ricgraph has ended
2025-05-14 11:25:10 INFO Please look at the update file and uncheck items you do not want to be imported, then proceed to import them in pure via *Apply Update to Pure*
2025-05-14 11:25:10 WARNING Skipped research output https://openalex.org/W1500437751. no managing organization found
2025-05-14 11:25:10 INFO Processing: 275
2025-05-14 11:25:14 WARNING Skipped research output https://openalex.org/W2247362198. no managing organization found
2025-05-14 11:25:15 WARNING Skipped research output https://openalex.org/W2009893376. no managing organization found
2025-05-14 11:25:15 INFO Processing: 300
2025-05-14 11:25:17 WARNING Skipped research output https://openalex.org/W2122863403. no managing organization found
2025-05-14 11:25:19 WARNING Skipped research output https://openalex.org/W3146154361. no managing organization found
2025-05-14 11:25:19 WARNING Skipped research output https://openalex.org/W4283214974. no managing organization found
2025-05-14 11:25:20 WARNING Skipped research output https://openalex.org/W1963225909. no managing organization found
2025-05-14 11:25:21 WARNING Skipped research output https://openalex.org/W2278500022. no managing organization found
2025-05-14 11:25:22 WARNING Skipped research output https://openalex.org/W3125949450. no managing organization found
2025-05-14 11:25:23 INFO Processing: 325
2025-05-14 11:25:24 WARNING Skipped research output https://openalex.org/W2891106079. no managing organization found
2025-05-14 11:25:26 WARNING Skipped research output https://openalex.org/W1524545539. no managing organization found
2025-05-14 11:25:27 WARNING Skipped research output https://openalex.org/W4406191728. no managing organization found
2025-05-14 11:25:28 WARNING Skipped research output https://openalex.org/W1548868985. no managing organization found
2025-05-14 11:25:29 WARNING Skipped research output https://openalex.org/W183617394. no managing organization found
2025-05-14 11:25:29 INFO Processing: 350
2025-05-14 11:25:30 WARNING Skipped research output https://openalex.org/W2270246669. no managing organization found
2025-05-14 11:25:32 WARNING Skipped research output https://openalex.org/W2243041367. no managing organization found
2025-05-14 11:25:35 WARNING Skipped research output https://openalex.org/W2923028274. no managing organization found
2025-05-14 11:25:35 INFO Processing: 375
2025-05-14 11:25:38 WARNING Skipped research output https://openalex.org/W4205605722. no managing organization found
2025-05-14 11:25:38 WARNING Skipped research output https://openalex.org/W3159129686. No ISSN for The Holy Grail: The Evaluation of Anti-Radicalization Policies in the Netherlands
2025-05-14 11:25:42 WARNING Skipped research output https://openalex.org/W4304208413. No ISSN for DePhi: Decentralizing Philanthropy via Blockchain for Traceable Micro-transactions
2025-05-14 11:25:42 INFO Processing: 400
2025-05-14 11:25:43 WARNING Skipped research output https://openalex.org/W1558784515. no managing organization found
2025-05-14 11:25:45 WARNING Skipped research output https://openalex.org/W2280712006. no managing organization found
2025-05-14 11:25:47 WARNING Skipped research output https://openalex.org/W4293244040. no managing organization found
2025-05-14 11:25:49 INFO Processing: 425
2025-05-14 11:25:52 WARNING Skipped research output https://openalex.org/W2132524402. no managing organization found
2025-05-14 11:25:54 WARNING Skipped research output https://openalex.org/W3121352395. no managing organization found
2025-05-14 11:25:55 INFO Processing: 450
2025-05-14 11:25:57 WARNING Skipped research output https://openalex.org/W4393281173. no managing organization found
2025-05-14 11:25:59 WARNING Skipped research output https://openalex.org/W2288481749. no managing organization found
2025-05-14 11:26:01 WARNING Skipped research output https://openalex.org/W1729610836. no managing organization found
2025-05-14 11:26:03 WARNING Skipped research output https://openalex.org/W3122618009. no managing organization found
2025-05-14 11:26:03 INFO Processing: 475
2025-05-14 11:26:03 WARNING Skipped research output https://openalex.org/W193196321. no managing organization found
2025-05-14 11:26:05 WARNING Skipped research output https://openalex.org/W4312687323. no managing organization found
2025-05-14 11:26:06 WARNING Skipped research output https://openalex.org/W2222254744. no managing organization found
2025-05-14 11:26:08 WARNING Skipped research output https://openalex.org/W2311265514. no managing organization found
2025-05-14 11:26:12 WARNING Skipped research output https://openalex.org/W2587759717. no managing organization found
2025-05-14 11:26:13 WARNING Skipped research output https://openalex.org/W2106930412. no managing organization found
2025-05-14 11:26:13 INFO Processing: 500
2025-05-14 11:26:14 WARNING Skipped research output https://openalex.org/W3161113696. no managing organization found
2025-05-14 11:26:16 WARNING Skipped research output https://openalex.org/W2687969056. No ISSN for Facilitating Collaborative Decision Making with the Software Architecture Video Wall
2025-05-14 11:26:18 WARNING Skipped research output https://openalex.org/W2124678501. no managing organization found
2025-05-14 11:26:19 WARNING Skipped research output https://openalex.org/W3016285972. no managing organization found
2025-05-14 11:26:21 WARNING Skipped research output https://openalex.org/W3153787709. No ISSN for Making Diversity Research Matter for Social Change: New Conversations Beyond the Firm
2025-05-14 11:26:21 INFO Processing: 525
2025-05-14 11:26:25 WARNING Skipped research output https://openalex.org/W3194782636. no managing organization found
2025-05-14 11:26:26 WARNING Skipped research output https://openalex.org/W205920062. no managing organization found
2025-05-14 11:26:27 WARNING Skipped research output https://openalex.org/W3123223732. no managing organization found
2025-05-14 11:26:29 WARNING Skipped research output https://openalex.org/W2158368467. no managing organization found
2025-05-14 11:26:31 WARNING Skipped research output https://openalex.org/W3124414815. no managing organization found
2025-05-14 11:26:31 INFO Processing: 550
2025-05-14 11:26:33 WARNING Skipped research output https://openalex.org/W3183497880. no managing organization found
2025-05-14 11:26:33 WARNING Skipped research output https://openalex.org/W2293992956. no managing organization found
2025-05-14 11:26:35 WARNING Skipped research output https://openalex.org/W2943511866. no managing organization found
2025-05-14 11:26:37 INFO Processing: 575
2025-05-14 11:26:39 WARNING Skipped research output https://openalex.org/W2160746385. no managing organization found
2025-05-14 11:26:40 WARNING Skipped research output https://openalex.org/W2594126840. No ISSN for An Argumentative-Narrative Risk Assessment Model
2025-05-14 11:26:41 INFO 99 items cannot be imported in pure, see reasons above
2025-05-14 11:26:41 INFO 489 items are already in pure
2025-05-14 11:26:41 INFO 1 items can be updated
2025-05-14 11:26:41 INFO Research output that can be imported are in file: output/research_output/to_be_updated.csv
2025-05-14 11:26:41 INFO Script part 1 to import research output in pure from ricgraph has ended
2025-05-14 11:26:41 INFO Please look at the update file and uncheck items you do not want to be imported, then proceed to import them in pure via *Apply Update to Pure*
2025-05-14 14:27:24 INFO Successfully loaded file to_be_updated.csv.
2025-05-14 14:27:25 INFO created dataset: 201 - 1d9283ce-8df7-45d3-8ba7-35d9b3829f9c
2025-05-14 14:27:25 INFO created dataset: 201 - a1e59dbd-30dc-4cbc-8dbb-cfffc0f9d42a
2025-05-14 14:27:25 INFO created dataset: 201 - 1ccc476f-7ec8-4662-8125-9c24cf9afa15
2025-05-14 14:27:26 INFO created dataset: 201 - 014739bf-cad7-409b-b8e0-dfdaa7f5cfe7
2025-05-14 14:27:26 INFO created dataset: 201 - 6909074c-e7f0-4ae5-9b6c-1ff9a95a3042
2025-05-14 14:27:26 INFO created dataset: 201 - 90386897-3894-4561-bce0-962ed42a3b8c
2025-05-14 14:27:27 INFO created dataset: 201 - 0bfedf6a-63ea-4e25-9aac-8071f04ac440
2025-05-14 14:27:27 INFO created dataset: 201 - d9dbcccf-62db-49f0-a2a0-769f3b6535bf
2025-05-14 14:27:27 INFO created dataset: 201 - 07a78917-1847-4418-8a6e-1d285de6a4d0
2025-05-14 14:27:27 INFO created dataset: 201 - 34a29f02-b137-40a7-bff6-c0b738c0204b
2025-05-14 14:27:28 INFO created dataset: 201 - 0817eaf8-d11c-469c-8041-132bd6526a25
2025-05-14 14:27:28 INFO created dataset: 201 - b01f2553-7f95-4678-b1d0-d48eab1087de
2025-05-14 14:27:28 INFO created dataset: 201 - 9f8539b8-5a66-448e-95c7-bbb2eed18d62
2025-05-14 14:27:28 INFO created dataset: 201 - 2a721c6b-84bc-41da-8568-dbec764ee330
2025-05-14 14:27:28 INFO created dataset: 201 - fdd1a9e8-6c94-40ca-8fc2-529af0ef0bc8
2025-05-14 14:27:29 INFO created dataset: 201 - 7f899a0c-1267-4c24-9bbf-4e91382d68a7
2025-05-14 14:27:29 INFO created dataset: 201 - cb0cb5ed-127b-46c0-a557-e99c183ecc0b
2025-05-14 14:27:29 INFO created dataset: 201 - 8d158131-d829-41ca-9d39-6d9dae2547d8
2025-05-14 14:27:29 INFO created dataset: 201 - 81f9eb7a-dd2f-41d9-8810-ec49f3be3b5a
2025-05-14 14:27:30 INFO created dataset: 201 - 1f4bdfd0-eaa7-4d82-b0ac-49af1967cec3
2025-05-14 14:27:30 INFO created dataset: 201 - d7eb2568-ac79-4361-8c24-b9f93568e792
2025-05-14 14:27:30 INFO created dataset: 201 - 2935ca1d-4564-4dd9-a196-ab8e0748f8e1
2025-05-14 14:27:30 INFO created dataset: 201 - d91dcf55-096b-4b6e-b3d0-6ef552103338
2025-05-14 14:27:31 INFO created dataset: 201 - 42676f9f-4d4b-43a2-ba9a-0561e5c1170c
2025-05-14 14:27:31 INFO created dataset: 201 - 7d20870f-f093-4726-ba1c-ecfd9f49e964
2025-05-14 14:27:31 INFO created dataset: 201 - 07460401-34fe-4e99-9d66-f8fb9cf74b94
2025-05-14 14:27:31 INFO created dataset: 201 - 56330803-459d-46a8-8160-6a5d88312d17
2025-05-14 14:27:31 INFO created dataset: 201 - a90abb64-a828-4a55-a39b-a4a4fc870274
2025-05-14 14:27:32 INFO created dataset: 201 - fcc59125-b66a-4855-b000-6600d76193a1
2025-05-14 14:27:32 INFO created dataset: 201 - ca9fd745-0105-4998-ad8c-b9c2883608b5
2025-05-14 14:27:32 INFO created dataset: 201 - 53f88347-d94b-452c-a82f-839076953a5e
2025-05-14 14:27:32 INFO created dataset: 201 - 318455fa-4619-4f1d-9043-6bd8536b138c
2025-05-14 14:27:32 INFO created dataset: 201 - 14f69c64-4a0b-4a09-bf08-d765949bf867
2025-05-14 14:27:33 INFO created dataset: 201 - 732dcf19-4d1e-43c8-8033-d18e24ed6ac7
2025-05-14 14:27:33 INFO created dataset: 201 - 761125d7-6773-4c50-9359-d3f142a83ab3
2025-05-14 14:27:33 INFO created dataset: 201 - 13ccaa64-1c52-4ce2-a0a8-032a19e2be4e
2025-05-14 14:27:33 INFO created dataset: 201 - 5f0e640e-1547-4a25-bdde-07425964f33d
2025-05-14 14:27:33 INFO created dataset: 201 - bcb5738c-3740-4293-aaf7-9e3b53a0928b
2025-05-14 14:27:33 INFO created dataset: 201 - 6a9992de-1928-464d-bfb4-c9053ada0c71
2025-05-14 14:27:34 INFO created dataset: 201 - c1770a9a-9b0d-40bf-9593-85c47085d52d
2025-05-14 14:27:34 INFO created dataset: 201 - 13f0fb6d-45ac-4e4e-81de-7dc03f5ece3f
2025-05-14 14:27:34 INFO created dataset: 201 - 203d0801-27cc-4ef3-86f7-6678398efcad
2025-05-14 14:27:34 INFO created dataset: 201 - e4cd5ecd-52eb-4367-938b-5979252fa681
2025-05-14 14:27:34 INFO created dataset: 201 - aae8a791-8b47-48a3-86b3-d0bc2d6b3b6e
2025-05-14 14:27:35 INFO created dataset: 201 - 1aa453c3-d12d-488c-a736-76414c51fe5f
2025-05-14 14:27:35 INFO created dataset: 201 - f93d84a9-de91-45bc-816b-b0e6bb41f770
2025-05-14 14:27:35 INFO created dataset: 201 - 4d0069e3-0c2e-43ed-8845-3fa731418c40
2025-05-14 14:27:36 INFO created dataset: 201 - e1c554f4-f3a1-490a-aad1-26d4b0af0d90
2025-05-14 14:27:36 INFO created dataset: 201 - 45169183-e389-4997-9ea9-5e2bbbf9db2d
2025-05-14 14:27:36 INFO created dataset: 201 - cc8573a1-8f32-4eb2-ba4a-58a250182672
2025-05-14 14:27:36 INFO created dataset: 201 - c007717f-379c-4a61-88ac-d6f4e043801a
2025-05-14 14:27:37 INFO created dataset: 201 - 3cfa30bb-db8f-4df3-97f2-0dcd1fe830f1
2025-05-14 14:27:37 INFO created dataset: 201 - dc3dff9b-f757-46f7-a5de-b47c33e7348d
2025-05-14 14:27:37 INFO created dataset: 201 - 407a958c-2212-4a8c-bd4e-a330d3f0cdfb
2025-05-14 14:27:37 INFO created dataset: 201 - a04d2606-2c5d-4697-b21e-22ca72474e9a
2025-05-14 14:27:37 INFO created dataset: 201 - 8db64385-3766-4fab-a0c6-2e532ebbdfc1
2025-05-14 14:27:38 INFO created dataset: 201 - aa46283b-aaa7-48c5-9ab3-df5e692b6772
2025-05-14 14:27:38 INFO created dataset: 201 - df45ac6e-c8e9-44cd-84a6-b127c42b08a4
2025-05-14 14:27:38 INFO created dataset: 201 - a03d43ae-47a6-403f-a9a7-9670f535d568
2025-05-14 14:27:38 INFO created dataset: 201 - 6b4474f9-54f8-4a56-83c0-5a4fdbd8acaa
2025-05-14 14:27:38 INFO created dataset: 201 - 79be366d-d653-4d9f-ad1e-3b8ebed4f69f
2025-05-14 14:27:38 INFO created dataset: 201 - ff4621cc-5ea5-451e-aa0e-e39f51c30e1f
2025-05-14 14:27:38 INFO created dataset: 201 - 7883f868-efde-4069-84e2-e0c0fadd4f17
2025-05-14 14:27:39 INFO created dataset: 201 - 4012e0e7-398c-4067-874f-6cc8ea10f593
2025-05-14 14:27:39 INFO created dataset: 201 - 46d23fa2-ffbe-4239-b1ed-b04808f74d8b
2025-05-14 14:27:39 INFO created dataset: 201 - 256984ff-1b92-476b-ab42-86b9690119c5
2025-05-14 14:27:39 INFO created dataset: 201 - d230f424-3f66-4f81-8c3d-349ba636f467
2025-05-14 14:27:39 INFO created dataset: 201 - 00c26340-5923-41d6-9979-909ce92ec916
2025-05-14 14:27:39 INFO created dataset: 201 - 5a9b625a-d763-42ad-ab29-eaef91ce4dd0
2025-05-14 14:27:40 INFO created dataset: 201 - 074e2224-8e8e-4036-9ea4-02c2456aa86d
2025-05-14 14:27:40 INFO created dataset: 201 - 225f87af-9074-4386-816f-5ef45d0da2b3
2025-05-14 14:27:40 INFO created dataset: 201 - 5d6a395b-e073-45d6-aa44-50436c76fd4b
2025-05-14 14:27:40 INFO created dataset: 201 - 984843c8-e658-4954-b50a-c9ae3d271b72
2025-05-14 14:27:40 INFO created dataset: 201 - 7ce22324-d30e-4861-ac8d-93a1eb904f5a
2025-05-14 14:27:40 INFO created dataset: 201 - 440f82ed-7661-49c3-8982-b01f661bf61c
2025-05-14 14:27:41 INFO created dataset: 201 - b0e7f72e-9172-4045-a4df-7859e47a9926
2025-05-14 14:27:41 INFO created dataset: 201 - cee500f0-116c-4566-b797-12b7549ddfb5
2025-05-14 14:27:41 INFO created dataset: 201 - 7e46fce1-4d12-4b57-b5a1-1e13980dac9d
2025-05-14 14:27:41 INFO created dataset: 201 - 48d4396b-40cd-4e2e-825b-a2e58d7e9bf9
2025-05-14 14:27:41 INFO created dataset: 201 - d53da640-1e66-49d3-ab52-c4a5eb78193e
2025-05-14 14:27:41 INFO created dataset: 201 - ee8e4d25-0bca-4ed7-afed-86cbbf9556b5
2025-05-14 14:27:42 INFO created dataset: 201 - de5d6dab-3a0a-41cc-9a5f-eded92aa623a
2025-05-14 14:27:42 INFO created dataset: 201 - f4387336-b9f2-4a7e-948f-e67de1e433bd
2025-05-14 14:27:42 INFO created dataset: 201 - 2494bc6a-90a0-4145-a361-4fee3337a4eb
2025-05-14 14:27:42 INFO created dataset: 201 - d34b3dc2-e56f-484b-aea3-2d8ec8b4e68b
2025-05-14 14:27:42 INFO created dataset: 201 - 9006f04d-57b5-4fc8-a080-0750574f87e8
2025-05-14 14:27:43 INFO created dataset: 201 - c412e501-48d7-4dbf-9867-3f87df8d4c08
2025-05-14 14:27:43 INFO created dataset: 201 - a18b99d2-ca71-46ec-ab13-fb635b7918ef
2025-05-14 14:27:43 INFO created dataset: 201 - c21ede45-538c-4dcb-a92c-123607717c0b
2025-05-14 14:27:43 INFO created dataset: 201 - fbd7276d-d049-45d4-9445-a6299ac9feff
2025-05-14 14:27:43 INFO created dataset: 201 - 829274e5-23be-4c7b-b549-40aa0d388995
2025-05-14 14:27:44 INFO created dataset: 201 - f753c579-558c-4810-a352-ae3e73668cee
2025-05-14 14:27:44 INFO created dataset: 201 - d2c8e7e3-cad7-44a5-8bb3-47ee1514ddf9
2025-05-14 14:27:44 INFO created dataset: 201 - e855d83c-8702-4a63-974d-c7d832cec01a
2025-05-14 14:27:44 INFO created dataset: 201 - df0d4945-46af-46a6-bcda-373e7221a971
2025-05-14 14:28:17 INFO Script to update external organisations in pure from ricgraph has started
2025-05-14 14:31:30 INFO Script to update external organisations in pure from ricgraph has started
2025-05-14 14:31:30 INFO Total unique DOIs found in Ricgraph: 8
2025-05-14 14:31:30 INFO Fetching batch 1/1 with 8 UUIDs
2025-05-14 14:31:31 INFO Script to update external organisations in pure from ricgraph has started
2025-05-14 14:31:31 INFO Total unique DOIs found in Ricgraph: 8
2025-05-14 14:31:31 INFO Fetching batch 1/1 with 8 UUIDs
2025-05-14 14:31:31 INFO Batch 1 returned 6 results
2025-05-14 14:31:31 INFO Total research outputs fetched from Pure: 6
2025-05-14 14:31:32 INFO Batch 1 returned 6 results
2025-05-14 14:31:32 INFO Total research outputs fetched from Pure: 6
2025-05-14 14:56:18 INFO Script to update external organisations in pure from ricgraph has started
2025-05-14 14:56:18 INFO Total unique DOIs found in Ricgraph: 8
2025-05-14 14:56:18 INFO Fetching batch 1/1 with 8 UUIDs
2025-05-14 14:56:19 INFO Batch 1 returned 6 results
2025-05-14 14:56:20 INFO Total research outputs fetched from Pure: 6
2025-05-14 14:57:05 INFO Script to update external organisations in pure from ricgraph has started
2025-05-14 14:57:05 INFO Total unique DOIs found in Ricgraph: 8
2025-05-14 14:57:05 INFO Fetching batch 1/1 with 8 UUIDs
2025-05-14 14:57:06 INFO Batch 1 returned 6 results
2025-05-14 14:57:06 INFO Total research outputs fetched from Pure: 6
2025-05-14 14:57:08 INFO Total works found in OpenAlex: 8
2025-05-14 15:00:53 INFO Script to update external organisations in pure from ricgraph has started
2025-05-14 15:00:54 INFO Total unique DOIs found in Ricgraph: 49
2025-05-14 15:00:54 INFO Fetching batch 1/1 with 39 UUIDs
2025-05-14 15:00:56 INFO Batch 1 returned 23 results
2025-05-14 15:00:56 INFO Total research outputs fetched from Pure: 23
2025-05-14 15:01:03 INFO Total works found in OpenAlex: 49
2025-05-14 15:01:41 INFO Script to update external organisations in pure from ricgraph has started
2025-05-14 15:01:42 INFO Total unique DOIs found in Ricgraph: 8
2025-05-14 15:01:42 INFO Fetching batch 1/1 with 8 UUIDs
2025-05-14 15:01:42 INFO Batch 1 returned 6 results
2025-05-14 15:01:42 INFO Total research outputs fetched from Pure: 6
2025-05-14 15:01:44 INFO Total works found in OpenAlex: 8
2025-05-14 15:02:19 INFO Script to update external organisations in pure from ricgraph has started
2025-05-14 15:02:19 INFO Total unique DOIs found in Ricgraph: 8
2025-05-14 15:02:19 INFO Fetching batch 1/1 with 8 UUIDs
2025-05-14 15:02:20 INFO Batch 1 returned 6 results
2025-05-14 15:02:20 INFO Total research outputs fetched from Pure: 6
2025-05-14 15:02:22 INFO Total works found in OpenAlex: 8
2025-05-14 15:03:15 INFO Script to update external organisations in pure from ricgraph has started
2025-05-14 15:03:15 INFO Total unique DOIs found in Ricgraph: 8
2025-05-14 15:03:15 INFO Fetching batch 1/1 with 8 UUIDs
2025-05-14 15:03:16 INFO Batch 1 returned 6 results
2025-05-14 15:03:16 INFO Total research outputs fetched from Pure: 6
2025-05-14 15:03:18 INFO Total works found in OpenAlex: 8
2025-05-14 15:03:57 INFO Script to update external organisations in pure from ricgraph has started
2025-05-14 15:03:57 INFO Total unique DOIs found in Ricgraph: 8
2025-05-14 15:03:57 INFO Fetching batch 1/1 with 8 UUIDs
2025-05-14 15:03:58 INFO Batch 1 returned 6 results
2025-05-14 15:03:58 INFO Total research outputs fetched from Pure: 6
2025-05-14 15:04:00 INFO Total works found in OpenAlex: 8
2025-05-14 15:05:11 INFO Script to update external organisations in pure from ricgraph has started
2025-05-14 15:05:11 INFO Total unique DOIs found in Ricgraph: 8
2025-05-14 15:05:11 INFO Fetching batch 1/1 with 8 UUIDs
2025-05-14 15:05:12 INFO Batch 1 returned 6 results
2025-05-14 15:05:12 INFO Total research outputs fetched from Pure: 6
2025-05-14 15:05:14 INFO Total works found in OpenAlex: 8
2025-05-14 15:05:14 INFO start fetching external orgs from pure
2025-05-14 15:05:14 INFO Finding ext orgs for batch 1/2, 10 DOIs per batch.
2025-05-14 15:05:15 INFO Finding ext orgs for batch 2/2, 10 DOIs per batch.
2025-05-14 15:05:15 INFO Total matching external orgs found: 11
2025-05-14 15:05:15 INFO start fetching organizations in open alex
2025-05-14 15:05:16 INFO end fetching organizations in open alex
2025-05-14 15:05:16 INFO nr of ext orgs that can be  updated: 0
2025-05-14 15:05:16 INFO nr of ext orgs that already have a ror in pure: 4
2025-05-14 15:28:43 INFO Script to update external organisations in pure from ricgraph has started
2025-05-14 15:28:43 INFO Total unique DOIs found in Ricgraph: 5
2025-05-14 15:28:43 INFO Fetching batch 1/1 with 5 UUIDs
2025-05-14 15:28:44 INFO Batch 1 returned 5 results
2025-05-14 15:28:44 INFO Total research outputs fetched from Pure: 5
2025-05-14 15:28:45 INFO Total works found in OpenAlex: 5
2025-05-14 15:28:45 INFO start fetching external orgs from pure
2025-05-14 15:28:45 INFO Finding ext orgs for batch 1/2, 10 DOIs per batch.
2025-05-14 15:28:46 INFO Finding ext orgs for batch 2/2, 10 DOIs per batch.
2025-05-14 15:28:46 INFO Total matching external orgs found: 12
2025-05-14 15:28:47 INFO Fetched 1 unique institutions from OpenAlex
2025-05-14 15:28:47 INFO nr of ext orgs that can be  updated: 0
2025-05-14 15:28:47 INFO nr of ext orgs that already have a ror in pure: 0
2025-05-14 15:40:59 INFO Script to update external organisations in pure from ricgraph has started
2025-05-14 15:40:59 INFO Total unique DOIs found in Ricgraph: 8
2025-05-14 15:40:59 INFO Fetching batch 1/1 with 8 UUIDs
2025-05-14 15:41:00 INFO Batch 1 returned 6 results
2025-05-14 15:41:00 INFO Total research outputs fetched from Pure: 6
2025-05-14 15:41:02 INFO Total works found in OpenAlex: 8
2025-05-14 15:41:02 INFO start fetching external orgs from pure
2025-05-14 15:41:02 INFO Finding ext orgs for batch 1/2, 10 DOIs per batch.
2025-05-14 15:41:02 INFO Finding ext orgs for batch 2/2, 10 DOIs per batch.
2025-05-14 15:41:02 INFO Total matching external orgs found: 11
2025-05-14 15:41:03 INFO Fetched 1 unique institutions from OpenAlex
2025-05-14 15:41:03 INFO nr of ext orgs that can be  updated: 0
2025-05-14 15:41:03 INFO nr of ext orgs that already have a ror in pure: 4
2025-05-14 15:42:02 INFO Script to update external organisations in pure from ricgraph has started
2025-05-14 15:42:02 INFO Total unique DOIs found in Ricgraph: 8
2025-05-14 15:42:02 INFO Fetching batch 1/1 with 8 UUIDs
2025-05-14 15:42:03 INFO Batch 1 returned 6 results
2025-05-14 15:42:03 INFO Total research outputs fetched from Pure: 6
2025-05-14 15:42:05 INFO Total works found in OpenAlex: 8
2025-05-14 15:42:05 INFO start fetching external orgs from pure
2025-05-14 15:42:05 INFO Finding ext orgs for batch 1/2, 10 DOIs per batch.
2025-05-14 15:42:05 INFO Finding ext orgs for batch 2/2, 10 DOIs per batch.
2025-05-14 15:42:05 INFO Total matching external orgs found: 11
2025-05-14 15:42:06 INFO Fetched 1 unique institutions from OpenAlex
2025-05-14 15:42:06 INFO nr of ext orgs that can be  updated: 0
2025-05-14 15:42:06 INFO nr of ext orgs that already have a ror in pure: 2
2025-05-14 15:47:27 INFO Script to update external organisations in pure from ricgraph has started
2025-05-14 15:47:27 INFO Total unique DOIs found in Ricgraph: 8
2025-05-14 15:47:27 INFO Fetching batch 1/1 with 8 UUIDs
2025-05-14 15:47:28 INFO Batch 1 returned 6 results
2025-05-14 15:47:28 INFO Total research outputs fetched from Pure: 6
2025-05-14 15:47:29 INFO Total works found in OpenAlex: 8
2025-05-14 15:49:44 INFO Script to update external organisations in pure from ricgraph has started
2025-05-14 15:49:44 INFO Total unique DOIs found in Ricgraph: 8
2025-05-14 15:49:44 INFO Fetching batch 1/1 with 8 UUIDs
2025-05-14 15:49:45 INFO Batch 1 returned 6 results
2025-05-14 15:49:45 INFO Total research outputs fetched from Pure: 6
2025-05-14 15:49:47 INFO Total works found in OpenAlex: 8
2025-05-14 15:49:47 INFO start fetching external orgs from pure
2025-05-14 15:49:47 INFO Finding ext orgs for batch 1/2, 10 DOIs per batch.
2025-05-14 15:49:48 INFO Finding ext orgs for batch 2/2, 10 DOIs per batch.
2025-05-14 15:49:48 INFO Total matching external orgs found: 11
2025-05-14 15:49:49 INFO Fetched 1 unique institutions from OpenAlex
2025-05-14 15:49:49 INFO nr of ext orgs that can be  updated: 0
2025-05-14 15:49:49 INFO nr of ext orgs that already have a ror in pure: 2
2025-05-14 15:50:34 INFO Script to update external organisations in pure from ricgraph has started
2025-05-14 15:50:34 INFO Total unique DOIs found in Ricgraph: 8
2025-05-14 15:50:34 INFO Fetching batch 1/1 with 8 UUIDs
2025-05-14 15:50:35 INFO Batch 1 returned 6 results
2025-05-14 15:50:35 INFO Total research outputs fetched from Pure: 6
2025-05-14 15:50:37 INFO Total works found in OpenAlex: 8
2025-05-14 15:50:37 INFO start fetching external orgs from pure
2025-05-14 15:50:37 INFO Finding ext orgs for batch 1/2, 10 DOIs per batch.
2025-05-14 15:50:37 INFO Finding ext orgs for batch 2/2, 10 DOIs per batch.
2025-05-14 15:50:37 INFO Total matching external orgs found: 11
2025-05-14 15:50:38 INFO Fetched 1 unique institutions from OpenAlex
2025-05-14 15:50:38 INFO nr of ext orgs that can be  updated: 0
2025-05-14 15:50:38 INFO nr of ext orgs that already have a ror in pure: 4
2025-05-14 15:51:54 INFO Script to update external organisations in pure from ricgraph has started
2025-05-14 15:51:54 INFO Total unique DOIs found in Ricgraph: 8
2025-05-14 15:51:54 INFO Fetching batch 1/1 with 8 UUIDs
2025-05-14 15:51:55 INFO Batch 1 returned 6 results
2025-05-14 15:51:55 INFO Total research outputs fetched from Pure: 6
2025-05-14 15:51:57 INFO Total works found in OpenAlex: 8
2025-05-14 15:51:57 INFO start fetching external orgs from pure
2025-05-14 15:51:57 INFO Finding ext orgs for batch 1/2, 10 DOIs per batch.
2025-05-14 15:51:58 INFO Finding ext orgs for batch 2/2, 10 DOIs per batch.
2025-05-14 15:51:58 INFO Total matching external orgs found: 11
2025-05-14 15:51:59 INFO Fetched 1 unique institutions from OpenAlex
2025-05-14 15:51:59 INFO nr of ext orgs that can be  updated: 0
2025-05-14 15:51:59 INFO nr of ext orgs that already have a ror in pure: 2
2025-05-14 15:52:20 INFO Script to update external organisations in pure from ricgraph has started
2025-05-14 15:52:20 INFO Total unique DOIs found in Ricgraph: 8
2025-05-14 15:52:20 INFO Fetching batch 1/1 with 8 UUIDs
2025-05-14 15:52:20 INFO Batch 1 returned 6 results
2025-05-14 15:52:21 INFO Total research outputs fetched from Pure: 6
2025-05-14 15:52:22 INFO Total works found in OpenAlex: 8
2025-05-14 15:52:22 INFO start fetching external orgs from pure
2025-05-14 15:52:22 INFO Finding ext orgs for batch 1/2, 10 DOIs per batch.
2025-05-14 15:52:23 INFO Finding ext orgs for batch 2/2, 10 DOIs per batch.
2025-05-14 15:52:23 INFO Total matching external orgs found: 11
2025-05-14 15:52:24 INFO Fetched 1 unique institutions from OpenAlex
2025-05-14 15:52:24 INFO nr of ext orgs that can be  updated: 0
2025-05-14 15:52:24 INFO nr of ext orgs that already have a ror in pure: 2
2025-05-14 15:53:22 INFO Script to update external organisations in pure from ricgraph has started
2025-05-14 15:53:22 INFO Total unique DOIs found in Ricgraph: 8
2025-05-14 15:53:22 INFO Fetching batch 1/1 with 8 UUIDs
2025-05-14 15:53:22 INFO Batch 1 returned 6 results
2025-05-14 15:53:23 INFO Total research outputs fetched from Pure: 6
2025-05-14 15:53:24 INFO Total works found in OpenAlex: 8
2025-05-14 15:53:24 INFO start fetching external orgs from pure
2025-05-14 15:53:24 INFO Finding ext orgs for batch 1/2, 10 DOIs per batch.
2025-05-14 15:53:25 INFO Finding ext orgs for batch 2/2, 10 DOIs per batch.
2025-05-14 15:53:25 INFO Total matching external orgs found: 11
2025-05-14 15:53:26 INFO Fetched 1 unique institutions from OpenAlex
2025-05-14 15:53:26 INFO nr of ext orgs that can be  updated: 0
2025-05-14 15:53:26 INFO nr of ext orgs that already have a ror in pure: 2
2025-05-14 15:54:55 INFO Script to update external organisations in pure from ricgraph has started
2025-05-14 15:54:55 INFO Total unique DOIs found in Ricgraph: 8
2025-05-14 15:54:55 INFO Fetching batch 1/1 with 8 UUIDs
2025-05-14 15:54:56 INFO Batch 1 returned 6 results
2025-05-14 15:54:56 INFO Total research outputs fetched from Pure: 6
2025-05-14 15:54:58 INFO Total works found in OpenAlex: 8
2025-05-14 15:54:58 INFO start fetching external orgs from pure
2025-05-14 15:54:58 INFO Finding ext orgs for batch 1/2, 10 DOIs per batch.
2025-05-14 15:54:58 INFO Finding ext orgs for batch 2/2, 10 DOIs per batch.
2025-05-14 15:54:59 INFO Total matching external orgs found: 11
2025-05-14 15:54:59 INFO Fetched 1 unique institutions from OpenAlex
2025-05-14 15:54:59 INFO nr of ext orgs that can be  updated: 0
2025-05-14 15:54:59 INFO nr of ext orgs that already have a ror in pure: 4
2025-05-14 15:55:29 INFO Script to update external organisations in pure from ricgraph has started
2025-05-14 15:55:29 INFO Total unique DOIs found in Ricgraph: 8
2025-05-14 15:55:29 INFO Fetching batch 1/1 with 8 UUIDs
2025-05-14 15:55:30 INFO Batch 1 returned 6 results
2025-05-14 15:55:30 INFO Total research outputs fetched from Pure: 6
2025-05-14 15:55:32 INFO Total works found in OpenAlex: 8
2025-05-14 15:55:32 INFO start fetching external orgs from pure
2025-05-14 15:55:32 INFO Finding ext orgs for batch 1/2, 10 DOIs per batch.
2025-05-14 15:55:32 INFO Finding ext orgs for batch 2/2, 10 DOIs per batch.
2025-05-14 15:55:33 INFO Total matching external orgs found: 11
2025-05-14 15:55:34 INFO Fetched 1 unique institutions from OpenAlex
2025-05-14 15:55:34 INFO nr of ext orgs that can be  updated: 0
2025-05-14 15:55:34 INFO nr of ext orgs that already have a ror in pure: 2
2025-05-14 15:57:00 INFO Script to update external organisations in pure from ricgraph has started
2025-05-14 15:57:00 INFO Total unique DOIs found in Ricgraph: 8
2025-05-14 15:57:00 INFO Fetching batch 1/1 with 8 UUIDs
2025-05-14 15:57:00 INFO Batch 1 returned 6 results
2025-05-14 15:57:01 INFO Total research outputs fetched from Pure: 6
2025-05-14 15:57:02 INFO Total works found in OpenAlex: 8
2025-05-14 15:57:02 INFO start fetching external orgs from pure
2025-05-14 15:57:02 INFO Finding ext orgs for batch 1/2, 10 DOIs per batch.
2025-05-14 15:57:03 INFO Finding ext orgs for batch 2/2, 10 DOIs per batch.
2025-05-14 15:57:03 INFO Total matching external orgs found: 11
2025-05-14 15:57:04 INFO Fetched 1 unique institutions from OpenAlex
2025-05-14 15:57:29 INFO Script to update external organisations in pure from ricgraph has started
2025-05-14 15:57:30 INFO Total unique DOIs found in Ricgraph: 8
2025-05-14 15:57:30 INFO Fetching batch 1/1 with 8 UUIDs
2025-05-14 15:57:30 INFO Batch 1 returned 6 results
2025-05-14 15:57:30 INFO Total research outputs fetched from Pure: 6
2025-05-14 15:57:32 INFO Total works found in OpenAlex: 8
2025-05-14 15:57:32 INFO start fetching external orgs from pure
2025-05-14 15:57:32 INFO Finding ext orgs for batch 1/2, 10 DOIs per batch.
2025-05-14 15:57:33 INFO Finding ext orgs for batch 2/2, 10 DOIs per batch.
2025-05-14 15:57:33 INFO Total matching external orgs found: 11
2025-05-14 15:57:34 INFO Fetched 1 unique institutions from OpenAlex
2025-05-14 15:57:34 INFO nr of ext orgs that can be  updated: 0
2025-05-14 15:57:34 INFO nr of ext orgs that already have a ror in pure: 4
2025-05-14 15:58:42 INFO Script to update external organisations in pure from ricgraph has started
2025-05-14 15:58:42 INFO Total unique DOIs found in Ricgraph: 8
2025-05-14 15:58:42 INFO Fetching batch 1/1 with 8 UUIDs
2025-05-14 15:58:43 INFO Batch 1 returned 6 results
2025-05-14 15:58:43 INFO Total research outputs fetched from Pure: 6
2025-05-14 15:58:45 INFO Total works found in OpenAlex: 8
2025-05-14 15:58:45 INFO start fetching external orgs from pure
2025-05-14 15:58:45 INFO Finding ext orgs for batch 1/2, 10 DOIs per batch.
2025-05-14 15:58:48 INFO Finding ext orgs for batch 2/2, 10 DOIs per batch.
2025-05-14 15:58:49 INFO Total matching external orgs found: 11
2025-05-14 15:58:50 INFO Fetched 1 unique institutions from OpenAlex
2025-05-14 15:58:50 INFO nr of ext orgs that can be  updated: 0
2025-05-14 15:58:50 INFO nr of ext orgs that already have a ror in pure: 2
2025-05-14 16:03:09 INFO Script to update external organisations in pure from ricgraph has started
2025-05-14 16:03:09 INFO Total unique DOIs found in Ricgraph: 8
2025-05-14 16:03:09 INFO Fetching batch 1/1 with 8 UUIDs
2025-05-14 16:03:09 INFO Batch 1 returned 6 results
2025-05-14 16:03:10 INFO Total research outputs fetched from Pure: 6
2025-05-14 16:03:11 INFO Total works found in OpenAlex: 8
2025-05-14 16:03:11 INFO start fetching external orgs from pure
2025-05-14 16:03:11 INFO Finding ext orgs for batch 1/2, 10 DOIs per batch.
2025-05-14 16:03:12 INFO Finding ext orgs for batch 2/2, 10 DOIs per batch.
2025-05-14 16:03:12 INFO Total matching external orgs found: 11
2025-05-14 16:03:13 INFO Fetched 1 unique institutions from OpenAlex
2025-05-14 16:03:13 INFO nr of ext orgs that can be  updated: 0
2025-05-14 16:03:13 INFO nr of ext orgs that already have a ror in pure: 4
2025-05-14 16:04:24 INFO Script to update external organisations in pure from ricgraph has started
2025-05-14 16:04:24 INFO Total unique DOIs found in Ricgraph: 8
2025-05-14 16:04:24 INFO Fetching batch 1/1 with 8 UUIDs
2025-05-14 16:04:25 INFO Batch 1 returned 6 results
2025-05-14 16:04:25 INFO Total research outputs fetched from Pure: 6
2025-05-14 16:04:27 INFO Total works found in OpenAlex: 8
2025-05-14 16:04:27 INFO start fetching external orgs from pure
2025-05-14 16:04:27 INFO Finding ext orgs for batch 1/2, 10 DOIs per batch.
2025-05-14 16:04:27 INFO Finding ext orgs for batch 2/2, 10 DOIs per batch.
2025-05-14 16:04:27 INFO Total matching external orgs found: 11
2025-05-14 16:04:28 INFO Fetched 1 unique institutions from OpenAlex
2025-05-14 16:04:28 INFO nr of ext orgs that can be  updated: 0
2025-05-14 16:04:28 INFO nr of ext orgs that already have a ror in pure: 2
2025-05-14 16:13:51 INFO Script to update external organisations in pure from ricgraph has started
2025-05-14 16:13:51 INFO Total unique DOIs found in Ricgraph: 49
2025-05-14 16:13:51 INFO Fetching batch 1/1 with 39 UUIDs
2025-05-14 16:13:53 INFO Batch 1 returned 23 results
2025-05-14 16:13:53 INFO Total research outputs fetched from Pure: 23
2025-05-14 16:14:00 INFO Total works found in OpenAlex: 49
2025-05-14 16:14:00 INFO start fetching external orgs from pure
2025-05-14 16:14:00 INFO Finding ext orgs for batch 1/2, 10 DOIs per batch.
2025-05-14 16:14:00 INFO Finding ext orgs for batch 2/2, 10 DOIs per batch.
2025-05-14 16:14:01 INFO Total matching external orgs found: 11
2025-05-14 16:14:02 INFO Fetched 1 unique institutions from OpenAlex
2025-05-14 16:14:03 INFO Processed 25 batch
2025-05-14 16:14:03 INFO nr of ext orgs that can be  updated: 8
2025-05-14 16:14:03 INFO nr of ext orgs that already have a ror in pure: 0
2025-05-15 08:50:48 INFO Script to update external organisations in pure from ricgraph has started
2025-05-15 08:50:48 INFO Total unique DOIs found in Ricgraph: 8
2025-05-15 08:50:48 INFO Fetching batch 1/1 with 8 UUIDs
2025-05-15 08:50:53 INFO Batch 1 returned 6 results
2025-05-15 08:50:54 INFO Total research outputs fetched from Pure: 6
2025-05-15 08:50:55 INFO Total works found in OpenAlex: 8
2025-05-15 08:50:55 INFO start fetching external orgs from pure
2025-05-15 08:50:55 INFO Finding ext orgs for batch 1/2, 10 DOIs per batch.
2025-05-15 08:50:58 INFO Finding ext orgs for batch 2/2, 10 DOIs per batch.
2025-05-15 08:50:58 INFO Total matching external orgs found: 11
2025-05-15 08:50:59 INFO Fetched 1 unique institutions from OpenAlex
2025-05-15 08:50:59 INFO nr of ext orgs that can be  updated: 0
2025-05-15 08:50:59 INFO nr of ext orgs that already have a ror in pure: 2
2025-05-15 08:54:00 INFO Script to update external organisations in pure from ricgraph has started
2025-05-15 08:54:00 INFO Total unique DOIs found in Ricgraph: 8
2025-05-15 08:54:00 INFO Fetching batch 1/1 with 8 UUIDs
2025-05-15 08:54:01 INFO Batch 1 returned 6 results
2025-05-15 08:54:01 INFO Total research outputs fetched from Pure: 6
2025-05-15 08:54:03 INFO Total works found in OpenAlex: 8
2025-05-15 08:54:03 INFO start fetching external orgs from pure
2025-05-15 08:54:03 INFO Finding ext orgs for batch 1/2, 10 DOIs per batch.
2025-05-15 08:54:04 INFO Finding ext orgs for batch 2/2, 10 DOIs per batch.
2025-05-15 08:54:04 INFO Total matching external orgs found: 11
2025-05-15 08:54:05 INFO Fetched 1 unique institutions from OpenAlex
2025-05-15 08:54:05 INFO nr of ext orgs that can be  updated: 0
2025-05-15 08:54:05 INFO nr of ext orgs that already have a ror in pure: 2
2025-05-15 08:58:20 INFO Script to update external organisations in pure from ricgraph has started
2025-05-15 08:58:20 INFO Total unique DOIs found in Ricgraph: 8
2025-05-15 08:58:20 INFO Fetching batch 1/1 with 8 UUIDs
2025-05-15 08:58:21 INFO Batch 1 returned 6 results
2025-05-15 08:58:21 INFO Total research outputs fetched from Pure: 6
2025-05-15 08:58:23 INFO Total works found in OpenAlex: 8
2025-05-15 08:58:23 INFO start fetching external orgs from pure
2025-05-15 08:58:23 INFO Finding ext orgs for batch 1/2, 10 DOIs per batch.
2025-05-15 08:58:24 INFO Finding ext orgs for batch 2/2, 10 DOIs per batch.
2025-05-15 08:58:24 INFO Total matching external orgs found: 11
2025-05-15 08:58:25 INFO Fetched 1 unique institutions from OpenAlex
2025-05-15 08:58:25 INFO nr of ext orgs that can be  updated: 0
2025-05-15 08:58:25 INFO nr of ext orgs that already have a ror in pure: 2
2025-05-15 09:06:06 INFO Script to update external organisations in pure from ricgraph has started
2025-05-15 09:06:06 INFO Total unique DOIs found in Ricgraph: 8
2025-05-15 09:06:06 INFO Fetching batch 1/1 with 8 UUIDs
2025-05-15 09:06:07 INFO Batch 1 returned 6 results
2025-05-15 09:06:07 INFO Total research outputs fetched from Pure: 6
2025-05-15 09:06:09 INFO Total works found in OpenAlex: 8
2025-05-15 09:06:39 INFO Script to update external organisations in pure from ricgraph has started
2025-05-15 09:06:39 INFO Total unique DOIs found in Ricgraph: 8
2025-05-15 09:06:39 INFO Fetching batch 1/1 with 8 UUIDs
2025-05-15 09:06:40 INFO Batch 1 returned 6 results
2025-05-15 09:06:40 INFO Total research outputs fetched from Pure: 6
2025-05-15 09:06:41 INFO Total works found in OpenAlex: 8
2025-05-15 09:08:15 INFO Script to update external organisations in pure from ricgraph has started
2025-05-15 09:08:15 INFO Total unique DOIs found in Ricgraph: 8
2025-05-15 09:08:15 INFO Fetching batch 1/1 with 8 UUIDs
2025-05-15 09:08:16 INFO Batch 1 returned 6 results
2025-05-15 09:08:16 INFO Total research outputs fetched from Pure: 6
2025-05-15 09:08:18 INFO Total works found in OpenAlex: 8
2025-05-15 09:08:18 INFO start fetching external orgs from pure
2025-05-15 09:12:39 INFO Script to update external organisations in pure from ricgraph has started
2025-05-15 09:12:40 INFO Total unique DOIs found in Ricgraph: 8
2025-05-15 09:12:40 INFO Fetching batch 1/1 with 8 UUIDs
2025-05-15 09:12:41 INFO Batch 1 returned 6 results
2025-05-15 09:12:41 INFO Total research outputs fetched from Pure: 6
2025-05-15 09:12:43 INFO Total works found in OpenAlex: 8
2025-05-15 09:12:43 INFO start fetching external orgs from pure
2025-05-15 09:14:36 INFO Script to update external organisations in pure from ricgraph has started
2025-05-15 09:14:36 INFO Total unique DOIs found in Ricgraph: 8
2025-05-15 09:14:36 INFO Fetching batch 1/1 with 8 UUIDs
2025-05-15 09:14:37 INFO Batch 1 returned 6 results
2025-05-15 09:14:37 INFO Total research outputs fetched from Pure: 6
2025-05-15 09:14:39 INFO Total works found in OpenAlex: 8
2025-05-15 09:14:39 INFO start fetching external orgs from pure
2025-05-15 09:17:10 INFO Script to update external organisations in pure from ricgraph has started
2025-05-15 09:17:11 INFO Total unique DOIs found in Ricgraph: 8
2025-05-15 09:17:11 INFO Fetching batch 1/1 with 8 UUIDs
2025-05-15 09:17:11 INFO Batch 1 returned 6 results
2025-05-15 09:17:11 INFO Total research outputs fetched from Pure: 6
2025-05-15 09:17:13 INFO Total works found in OpenAlex: 8
2025-05-15 09:17:13 INFO start fetching external orgs from pure
2025-05-15 09:19:03 INFO Script to update external organisations in pure from ricgraph has started
2025-05-15 09:19:03 INFO Total unique DOIs found in Ricgraph: 8
2025-05-15 09:19:03 INFO Fetching batch 1/1 with 8 UUIDs
2025-05-15 09:19:04 INFO Batch 1 returned 6 results
2025-05-15 09:19:04 INFO Total research outputs fetched from Pure: 6
2025-05-15 09:19:06 INFO Total works found in OpenAlex: 8
2025-05-15 09:19:06 INFO start fetching external orgs from pure
2025-05-15 09:21:29 INFO Script to update external organisations in pure from ricgraph has started
2025-05-15 09:21:29 INFO Total unique DOIs found in Ricgraph: 8
2025-05-15 09:21:29 INFO Fetching batch 1/1 with 8 UUIDs
2025-05-15 09:21:29 INFO Batch 1 returned 6 results
2025-05-15 09:21:30 INFO Total research outputs fetched from Pure: 6
2025-05-15 09:21:31 INFO Total works found in OpenAlex: 8
2025-05-15 09:21:31 INFO start fetching external orgs from pure
2025-05-15 09:22:36 INFO Script to update external organisations in pure from ricgraph has started
2025-05-15 09:22:36 INFO Total unique DOIs found in Ricgraph: 8
2025-05-15 09:22:36 INFO Fetching batch 1/1 with 8 UUIDs
2025-05-15 09:22:37 INFO Batch 1 returned 6 results
2025-05-15 09:22:37 INFO Total research outputs fetched from Pure: 6
2025-05-15 09:22:39 INFO Total works found in OpenAlex: 8
2025-05-15 09:22:39 INFO start fetching external orgs from pure
2025-05-15 09:22:39 INFO Finding ext orgs for batch 1/2, 10 DOIs per batch.
2025-05-15 09:22:39 INFO Finding ext orgs for batch 2/2, 10 DOIs per batch.
2025-05-15 09:22:39 INFO Total matching external orgs found: 11
2025-05-15 09:24:19 INFO Script to update external organisations in pure from ricgraph has started
2025-05-15 09:24:19 INFO Total unique DOIs found in Ricgraph: 8
2025-05-15 09:24:19 INFO Fetching batch 1/1 with 8 UUIDs
2025-05-15 09:24:20 INFO Batch 1 returned 6 results
2025-05-15 09:24:20 INFO Total research outputs fetched from Pure: 6
2025-05-15 09:24:22 INFO Total works found in OpenAlex: 8
2025-05-15 09:24:22 INFO start fetching external orgs from pure
2025-05-15 09:24:22 INFO Finding ext orgs for batch 1/2, 10 DOIs per batch.
2025-05-15 09:24:23 INFO Finding ext orgs for batch 2/2, 10 DOIs per batch.
2025-05-15 09:24:23 INFO Total matching external orgs found: 11
2025-05-15 09:25:53 INFO Script to update external organisations in pure from ricgraph has started
2025-05-15 09:25:53 INFO Total unique DOIs found in Ricgraph: 8
2025-05-15 09:25:53 INFO Fetching batch 1/1 with 8 UUIDs
2025-05-15 09:25:53 INFO Batch 1 returned 6 results
2025-05-15 09:25:54 INFO Total research outputs fetched from Pure: 6
2025-05-15 09:25:55 INFO Total works found in OpenAlex: 8
2025-05-15 09:25:55 INFO start fetching external orgs from pure
2025-05-15 09:25:55 INFO Finding ext orgs for batch 1/2, 10 DOIs per batch.
2025-05-15 09:25:56 INFO Finding ext orgs for batch 2/2, 10 DOIs per batch.
2025-05-15 09:25:56 INFO Total matching external orgs found: 11
2025-05-15 09:25:57 INFO Fetched 1 unique institutions from OpenAlex
2025-05-15 09:25:57 INFO nr of ext orgs that can be  updated: 0
2025-05-15 09:25:57 INFO nr of ext orgs that already have a ror in pure: 4
2025-05-15 09:27:20 INFO Script to update external organisations in pure from ricgraph has started
2025-05-15 09:27:21 INFO Total unique DOIs found in Ricgraph: 8
2025-05-15 09:27:21 INFO Fetching batch 1/1 with 8 UUIDs
2025-05-15 09:27:22 INFO Batch 1 returned 6 results
2025-05-15 09:27:22 INFO Total research outputs fetched from Pure: 6
2025-05-15 09:27:23 INFO Total works found in OpenAlex: 8
2025-05-15 09:27:23 INFO start fetching external orgs from pure
2025-05-15 09:27:23 INFO Finding ext orgs for batch 1/2, 10 DOIs per batch.
2025-05-15 09:27:24 INFO Finding ext orgs for batch 2/2, 10 DOIs per batch.
2025-05-15 09:27:24 INFO Total matching external orgs found: 11
2025-05-15 09:27:25 INFO Fetched 1 unique institutions from OpenAlex
2025-05-15 09:27:25 INFO nr of ext orgs that can be  updated: 0
2025-05-15 09:27:25 INFO nr of ext orgs that already have a ror in pure: 2
2025-05-15 09:30:32 INFO Script to update external organisations in pure from ricgraph has started
2025-05-15 09:30:32 INFO Total unique DOIs found in Ricgraph: 8
2025-05-15 09:30:32 INFO Fetching batch 1/1 with 8 UUIDs
2025-05-15 09:30:33 INFO Batch 1 returned 6 results
2025-05-15 09:30:33 INFO Total research outputs fetched from Pure: 6
2025-05-15 09:30:34 INFO Total works found in OpenAlex: 8
2025-05-15 09:30:34 INFO start fetching external orgs from pure
2025-05-15 09:30:34 INFO Finding ext orgs for batch 1/2, 10 DOIs per batch.
2025-05-15 09:30:35 INFO Finding ext orgs for batch 2/2, 10 DOIs per batch.
2025-05-15 09:30:35 INFO Total matching external orgs found: 11
2025-05-15 09:30:36 INFO Fetched 1 unique institutions from OpenAlex
2025-05-15 09:30:36 INFO nr of ext orgs that can be  updated: 0
2025-05-15 09:30:36 INFO nr of ext orgs that already have a ror in pure: 2
2025-05-15 09:33:33 INFO Script to update external organisations in pure from ricgraph has started
2025-05-15 09:33:33 INFO Total unique DOIs found in Ricgraph: 8
2025-05-15 09:33:33 INFO Fetching batch 1/1 with 8 UUIDs
2025-05-15 09:33:34 INFO Batch 1 returned 6 results
2025-05-15 09:33:34 INFO Total research outputs fetched from Pure: 6
2025-05-15 09:33:36 INFO Total works found in OpenAlex: 8
2025-05-15 09:33:36 INFO start fetching external orgs from pure
2025-05-15 09:33:36 INFO Finding ext orgs for batch 1/2, 10 DOIs per batch.
2025-05-15 09:33:36 INFO Finding ext orgs for batch 2/2, 10 DOIs per batch.
2025-05-15 09:33:37 INFO Total matching external orgs found: 11
2025-05-15 09:33:37 INFO Fetched 1 unique institutions from OpenAlex
2025-05-15 09:33:37 INFO nr of ext orgs that can be  updated: 0
2025-05-15 09:33:37 INFO nr of ext orgs that already have a ror in pure: 2
2025-05-15 09:36:30 INFO Script to update external organisations in pure from ricgraph has started
2025-05-15 09:36:30 INFO Total unique DOIs found in Ricgraph: 8
2025-05-15 09:36:30 INFO Fetching batch 1/1 with 8 UUIDs
2025-05-15 09:36:32 INFO Batch 1 returned 6 results
2025-05-15 09:36:32 INFO Total research outputs fetched from Pure: 6
2025-05-15 09:36:34 INFO Total works found in OpenAlex: 8
2025-05-15 09:36:34 INFO start fetching external orgs from pure
2025-05-15 09:36:34 INFO Finding ext orgs for batch 1/2, 10 DOIs per batch.
2025-05-15 09:36:34 INFO Finding ext orgs for batch 2/2, 10 DOIs per batch.
2025-05-15 09:36:34 INFO Total matching external orgs found: 11
2025-05-15 09:36:35 INFO Fetched 14 unique institutions from OpenAlex
2025-05-15 09:36:35 INFO nr of ext orgs that can be  updated: 0
2025-05-15 09:36:35 INFO nr of ext orgs that already have a ror in pure: 4
2025-05-15 09:48:22 INFO Script to update external organisations in pure from ricgraph has started
2025-05-15 09:48:22 INFO Total unique DOIs found in Ricgraph: 8
2025-05-15 09:48:22 INFO Fetching batch 1/1 with 8 UUIDs
2025-05-15 09:48:24 INFO Batch 1 returned 6 results
2025-05-15 09:48:24 INFO Total research outputs fetched from Pure: 6
2025-05-15 09:48:26 INFO Total works found in OpenAlex: 8
2025-05-15 09:48:26 INFO start fetching external orgs from pure
2025-05-15 09:48:26 INFO Finding ext orgs for batch 1/2, 10 DOIs per batch.
2025-05-15 09:48:27 INFO Finding ext orgs for batch 2/2, 10 DOIs per batch.
2025-05-15 09:48:27 INFO Total matching external orgs found: 11
2025-05-15 09:48:27 INFO Fetched 14 unique institutions from OpenAlex
2025-05-15 09:48:27 INFO nr of ext orgs that can be  updated: 0
2025-05-15 09:48:27 INFO nr of ext orgs that already have a ror in pure: 4
2025-05-15 09:49:47 INFO Script to update external organisations in pure from ricgraph has started
2025-05-15 09:49:48 INFO Total unique DOIs found in Ricgraph: 8
2025-05-15 09:49:48 INFO Fetching batch 1/1 with 8 UUIDs
2025-05-15 09:49:48 INFO Batch 1 returned 6 results
2025-05-15 09:49:49 INFO Total research outputs fetched from Pure: 6
2025-05-15 09:49:50 INFO Total works found in OpenAlex: 8
2025-05-15 09:49:50 INFO start fetching external orgs from pure
2025-05-15 09:49:50 INFO Finding ext orgs for batch 1/2, 10 DOIs per batch.
2025-05-15 09:49:51 INFO Finding ext orgs for batch 2/2, 10 DOIs per batch.
2025-05-15 09:49:51 INFO Total external orgs found in pure: 11
2025-05-15 09:49:52 INFO Fetched 14 unique institutions from OpenAlex
2025-05-15 09:49:52 INFO nr of ext orgs that can be  updated: 0
2025-05-15 09:49:52 INFO nr of ext orgs that already have a ror in pure: 2
2025-05-15 09:55:37 INFO Script to update external organisations in pure from ricgraph has started
2025-05-15 09:55:37 INFO Total unique DOIs found in Ricgraph: 8
2025-05-15 09:55:37 INFO Fetching batch 1/1 with 8 UUIDs
2025-05-15 09:55:38 INFO Batch 1 returned 6 results
2025-05-15 09:55:38 INFO Total research outputs fetched from Pure: 6
2025-05-15 09:55:40 INFO Total works found in OpenAlex: 8
2025-05-15 09:55:40 INFO start fetching external orgs from pure
2025-05-15 09:55:40 INFO Finding ext orgs for batch 1/2, 10 DOIs per batch.
2025-05-15 09:55:40 INFO Finding ext orgs for batch 2/2, 10 DOIs per batch.
2025-05-15 09:55:41 INFO Total external orgs found in pure: 11
2025-05-15 09:55:41 INFO Fetched 14 unique institutions from OpenAlex
2025-05-15 09:55:41 INFO Pure org 'Leiden University' already has ROR https://ror.org/027bh9e22, no update needed.
2025-05-15 09:55:41 INFO Pure org 'University of York' already has ROR https://ror.org/04m01e293, no update needed.
2025-05-15 09:55:41 INFO No match found for Pure org 'Laboratory of Pediatric Infectious Diseases, Radboud Center for Infectious Diseases, Radboud University Medical Center, Nijmegen, The Netherlands marien.dejonge@radboudumc.nl.' in OpenAlex organizations.
2025-05-15 09:55:41 INFO No match found for Pure org 'Department of Medical Microbiology, Academic Medical Center, University of Amsterdam, Amsterdam, The Netherlands.' in OpenAlex organizations.
2025-05-15 09:55:41 INFO Pure org 'University Medical Center Utrecht' already has ROR https://ror.org/0575yy874, no update needed.
2025-05-15 09:55:41 INFO No match found for Pure org 'Department of Virosciences, Erasmus Medical Center, Erasmus University, Rotterdam, The Netherlands.' in OpenAlex organizations.
2025-05-15 09:55:41 INFO No match found for Pure org 'Animal Welfare Body Utrecht' in OpenAlex organizations.
2025-05-15 09:55:41 INFO No match found for Pure org 'Utrecht University, University Medical Center Utrecht and Rehabilitation Center' in OpenAlex organizations.
2025-05-15 09:55:41 INFO Pure org 'Utrecht University' already has ROR https://ror.org/04pp8hn57, no update needed.
2025-05-15 09:55:41 INFO Pure org 'Ludwig Maximilian University of Munich' already has ROR https://ror.org/05591te55, no update needed.
2025-05-15 09:55:41 INFO No match found for Pure org 'University of Amsterdam' in OpenAlex organizations.
2025-05-15 09:55:41 INFO nr of ext orgs that can be  updated: 0
2025-05-15 09:55:41 INFO nr of ext orgs that already have a ror in pure: 4
2025-05-15 09:59:25 INFO Script to update external organisations in pure from ricgraph has started
2025-05-15 09:59:25 INFO Total unique DOIs found in Ricgraph: 8
2025-05-15 09:59:25 INFO Fetching batch 1/1 with 8 UUIDs
2025-05-15 09:59:26 INFO Batch 1 returned 6 results
2025-05-15 09:59:26 INFO Total research outputs fetched from Pure: 6
2025-05-15 09:59:28 INFO Total works found in OpenAlex: 8
2025-05-15 09:59:28 INFO start fetching external orgs from pure
2025-05-15 09:59:28 INFO Finding ext orgs for batch 1/2, 10 DOIs per batch.
2025-05-15 09:59:28 INFO Finding ext orgs for batch 2/2, 10 DOIs per batch.
2025-05-15 09:59:29 INFO Total external orgs found in pure: 11
2025-05-15 09:59:29 INFO Fetched 14 unique institutions from OpenAlex
2025-05-15 09:59:29 INFO Pure org 'Leiden University' already has ROR https://ror.org/027bh9e22, no update needed.
2025-05-15 09:59:29 INFO Pure org 'University of York' already has ROR https://ror.org/04m01e293, no update needed.
2025-05-15 09:59:29 INFO No match found for Pure org 'Utrecht University, University Medical Center Utrecht and Rehabilitation Center' in OpenAlex organizations.
2025-05-15 09:59:29 INFO No match found for Pure org 'Laboratory of Pediatric Infectious Diseases, Radboud Center for Infectious Diseases, Radboud University Medical Center, Nijmegen, The Netherlands marien.dejonge@radboudumc.nl.' in OpenAlex organizations.
2025-05-15 09:59:29 INFO No match found for Pure org 'Department of Medical Microbiology, Academic Medical Center, University of Amsterdam, Amsterdam, The Netherlands.' in OpenAlex organizations.
2025-05-15 09:59:29 INFO No match found for Pure org 'Animal Welfare Body Utrecht' in OpenAlex organizations.
2025-05-15 09:59:29 INFO No match found for Pure org 'Department of Virosciences, Erasmus Medical Center, Erasmus University, Rotterdam, The Netherlands.' in OpenAlex organizations.
2025-05-15 09:59:29 INFO Pure org 'University Medical Center Utrecht' already has ROR https://ror.org/0575yy874, no update needed.
2025-05-15 09:59:29 INFO Pure org 'Utrecht University' already has ROR https://ror.org/04pp8hn57, no update needed.
2025-05-15 09:59:29 INFO Pure org 'Ludwig Maximilian University of Munich' already has ROR https://ror.org/05591te55, no update needed.
2025-05-15 09:59:29 INFO No match found for Pure org 'University of Amsterdam' in OpenAlex organizations.
2025-05-15 09:59:29 INFO nr of ext orgs that can be updated: 0
2025-05-15 10:00:02 INFO Script to update external organisations in pure from ricgraph has started
2025-05-15 10:00:02 INFO Total unique DOIs found in Ricgraph: 8
2025-05-15 10:00:02 INFO Fetching batch 1/1 with 8 UUIDs
2025-05-15 10:00:03 INFO Batch 1 returned 6 results
2025-05-15 10:00:03 INFO Total research outputs fetched from Pure: 6
2025-05-15 10:00:05 INFO Total works found in OpenAlex: 8
2025-05-15 10:00:05 INFO start fetching external orgs from pure
2025-05-15 10:00:05 INFO Finding ext orgs for batch 1/2, 10 DOIs per batch.
2025-05-15 10:00:05 INFO Finding ext orgs for batch 2/2, 10 DOIs per batch.
2025-05-15 10:00:05 INFO Total external orgs found in pure: 11
2025-05-15 10:00:06 INFO Fetched 14 unique institutions from OpenAlex
2025-05-15 10:00:06 INFO No match found for Pure org 'Laboratory of Pediatric Infectious Diseases, Radboud Center for Infectious Diseases, Radboud University Medical Center, Nijmegen, The Netherlands marien.dejonge@radboudumc.nl.' in OpenAlex organizations.
2025-05-15 10:00:06 INFO No match found for Pure org 'Animal Welfare Body Utrecht' in OpenAlex organizations.
2025-05-15 10:00:06 INFO Pure org 'University Medical Center Utrecht' already has ROR https://ror.org/0575yy874, no update needed.
2025-05-15 10:00:06 INFO No match found for Pure org 'Department of Medical Microbiology, Academic Medical Center, University of Amsterdam, Amsterdam, The Netherlands.' in OpenAlex organizations.
2025-05-15 10:00:06 INFO No match found for Pure org 'Utrecht University, University Medical Center Utrecht and Rehabilitation Center' in OpenAlex organizations.
2025-05-15 10:00:06 INFO No match found for Pure org 'Department of Virosciences, Erasmus Medical Center, Erasmus University, Rotterdam, The Netherlands.' in OpenAlex organizations.
2025-05-15 10:00:06 INFO No match found for Pure org 'University of Amsterdam' in OpenAlex organizations.
2025-05-15 10:00:06 INFO Pure org 'Utrecht University' already has ROR https://ror.org/04pp8hn57, no update needed.
2025-05-15 10:00:06 INFO Pure org 'Ludwig Maximilian University of Munich' already has ROR https://ror.org/05591te55, no update needed.
2025-05-15 10:00:06 INFO Pure org 'Leiden University' already has ROR https://ror.org/027bh9e22, no update needed.
2025-05-15 10:00:06 INFO Pure org 'University of York' already has ROR https://ror.org/04m01e293, no update needed.
2025-05-15 10:00:06 INFO nr of ext orgs that can be updated: 0
2025-05-15 10:00:06 INFO nr of ext orgs that already have a ROR in Pure: 2
2025-05-15 10:00:06 INFO nr of ext orgs with no name match in OpenAlex: 6
2025-05-15 10:00:34 INFO Script to update external organisations in pure from ricgraph has started
2025-05-15 10:00:34 INFO Total unique DOIs found in Ricgraph: 49
2025-05-15 10:00:34 INFO Fetching batch 1/1 with 39 UUIDs
2025-05-15 10:00:37 INFO Batch 1 returned 23 results
2025-05-15 10:00:37 INFO Total research outputs fetched from Pure: 23
2025-05-15 10:00:44 INFO Total works found in OpenAlex: 49
2025-05-15 10:00:44 INFO start fetching external orgs from pure
2025-05-15 10:00:44 INFO Finding ext orgs for batch 1/3, 10 DOIs per batch.
2025-05-15 10:00:45 INFO Finding ext orgs for batch 2/3, 10 DOIs per batch.
2025-05-15 10:00:45 INFO Finding ext orgs for batch 3/3, 10 DOIs per batch.
2025-05-15 10:00:46 INFO Total external orgs found in pure: 12
2025-05-15 10:00:47 INFO Fetched 26 unique institutions from OpenAlex
2025-05-15 10:00:47 INFO Pure org 'University of Konstanz' already has ROR https://ror.org/0546hnb39, no update needed.
2025-05-15 10:00:47 INFO No match found for Pure org 'Institut fur Philosophie Universitat Leipzig' in OpenAlex organizations.
2025-05-15 10:00:47 INFO Pure org 'Universidade Federal do Rio Grande do Sul' already has ROR https://ror.org/041yk2d64, no update needed.
2025-05-15 10:00:47 INFO Pure org 'Universidade de São Paulo' already has ROR https://ror.org/036rp1748, no update needed.
2025-05-15 10:00:47 INFO Pure org 'Universidade Federal do Rio Grande do Sul' already has ROR https://ror.org/041yk2d64, no update needed.
2025-05-15 10:00:47 INFO Pure org 'Universidade de São Paulo' already has ROR https://ror.org/036rp1748, no update needed.
2025-05-15 10:00:47 INFO No match found for Pure org 'SWOV Institute for Road Safety Research, The Hague, The Netherlands;' in OpenAlex organizations.
2025-05-15 10:00:47 INFO No match found for Pure org 'Faculty of Civil Engineering and Geosciences, Delft University of Technology, Delft, The Netherlands;' in OpenAlex organizations.
2025-05-15 10:00:47 INFO No match found for Pure org 'Faculty of Economics and Business Administration, VU Amsterdam, Amsterdam, The Netherlands' in OpenAlex organizations.
2025-05-15 10:00:47 INFO Pure org 'Leiden University' already has ROR https://ror.org/027bh9e22, no update needed.
2025-05-15 10:00:47 INFO Pure org 'Leiden University' already has ROR https://ror.org/027bh9e22, no update needed.
2025-05-15 10:00:47 INFO Pure org 'Utrecht University' already has ROR https://ror.org/04pp8hn57, no update needed.
2025-05-15 10:00:47 INFO Pure org 'Leiden University' already has ROR https://ror.org/027bh9e22, no update needed.
2025-05-15 10:00:47 INFO Pure org 'Utrecht University' already has ROR https://ror.org/04pp8hn57, no update needed.
2025-05-15 10:00:47 INFO Pure org 'Leiden University' already has ROR https://ror.org/027bh9e22, no update needed.
2025-05-15 10:00:47 INFO Pure org 'Utrecht University' already has ROR https://ror.org/04pp8hn57, no update needed.
2025-05-15 10:00:47 INFO No match found for Pure org 'extern' in OpenAlex organizations.
2025-05-15 10:00:47 INFO No match found for Pure org 'extern' in OpenAlex organizations.
2025-05-15 10:00:47 INFO No match found for Pure org 'extern' in OpenAlex organizations.
2025-05-15 10:00:47 INFO No match found for Pure org 'extern' in OpenAlex organizations.
2025-05-15 10:00:47 INFO No match found for Pure org 'Centre d'Estudis Avançats de Blanes (CEAB-CSIC)' in OpenAlex organizations.
2025-05-15 10:00:47 INFO nr of ext orgs that can be updated: 0
2025-05-15 10:00:47 INFO nr of ext orgs that already have a ROR in Pure: 0
2025-05-15 10:00:47 INFO nr of ext orgs with no name match in OpenAlex: 9
2025-05-15 10:01:04 INFO Script to update external organisations in pure from ricgraph has started
2025-05-15 10:01:04 INFO Total unique DOIs found in Ricgraph: 5
2025-05-15 10:01:04 INFO Fetching batch 1/1 with 5 UUIDs
2025-05-15 10:01:05 INFO Batch 1 returned 4 results
2025-05-15 10:01:05 INFO Total research outputs fetched from Pure: 4
2025-05-15 10:01:07 INFO Total works found in OpenAlex: 5
2025-05-15 10:01:07 INFO start fetching external orgs from pure
2025-05-15 10:01:07 INFO Finding ext orgs for batch 1/2, 10 DOIs per batch.
2025-05-15 10:01:07 INFO Finding ext orgs for batch 2/2, 10 DOIs per batch.
2025-05-15 10:01:08 INFO Total external orgs found in pure: 13
2025-05-15 10:01:09 INFO Fetched 18 unique institutions from OpenAlex
2025-05-15 10:01:09 INFO Pure org 'Ludwig Maximilian University of Munich' already has ROR https://ror.org/05591te55, no update needed.
2025-05-15 10:01:09 INFO Pure org 'Ludwig Maximilian University of Munich' already has ROR https://ror.org/05591te55, no update needed.
2025-05-15 10:01:09 INFO Will update ROR for Pure org 'Bavarian Natural History Collections' with ROR https://ror.org/05th1v540
2025-05-15 10:01:09 INFO No match found for Pure org 'Musée National d'Histoire Naturelle de Luxembourg' in OpenAlex organizations.
2025-05-15 10:01:09 INFO Pure org 'University of Glasgow' already has ROR https://ror.org/00vtgdb53, no update needed.
2025-05-15 10:01:09 INFO Will update ROR for Pure org 'Lehman College' with ROR https://ror.org/03m908832
2025-05-15 10:01:09 INFO No match found for Pure org 'Rocky Mountain Dinosaur Resource Center' in OpenAlex organizations.
2025-05-15 10:01:09 INFO Will update ROR for Pure org 'City University of New York' with ROR https://ror.org/00453a208
2025-05-15 10:01:09 INFO Pure org 'University of Bristol' already has ROR https://ror.org/0524sp257, no update needed.
2025-05-15 10:01:09 INFO No match found for Pure org 'National Museums of Scotland' in OpenAlex organizations.
2025-05-15 10:01:09 INFO Will update ROR for Pure org 'American Museum of Natural History' with ROR https://ror.org/03thb3e06
2025-05-15 10:01:10 INFO No match found for Pure org 'Independent Center for Advanced Research machinic.it' in OpenAlex organizations.
2025-05-15 10:01:10 INFO Pure org 'Polish Academy of Sciences' already has ROR https://ror.org/01dr6c206, no update needed.
2025-05-15 10:01:10 INFO Will update ROR for Pure org 'University of Silesia in Katowice' with ROR https://ror.org/0104rcc94
2025-05-15 10:01:10 INFO nr of ext orgs that can be updated: 5
2025-05-15 10:01:10 INFO nr of ext orgs that already have a ROR in Pure: 2
2025-05-15 10:01:10 INFO nr of ext orgs with no name match in OpenAlex: 4
2025-05-15 10:06:21 INFO Script to update external organisations in pure from ricgraph has started
2025-05-15 10:06:21 INFO Total unique DOIs found in Ricgraph: 5
2025-05-15 10:06:21 INFO Fetching batch 1/1 with 5 UUIDs
2025-05-15 10:06:21 INFO Batch 1 returned 4 results
2025-05-15 10:06:21 INFO Total research outputs fetched from Pure: 4
2025-05-15 10:06:23 INFO Total works found in OpenAlex: 5
2025-05-15 10:06:23 INFO start fetching external orgs from pure
2025-05-15 10:06:23 INFO Finding ext orgs for batch 1/2, 10 DOIs per batch.
2025-05-15 10:06:24 INFO Finding ext orgs for batch 2/2, 10 DOIs per batch.
2025-05-15 10:06:24 INFO Total external orgs found in pure: 13
2025-05-15 10:06:24 INFO Fetched 18 unique institutions from OpenAlex
2025-05-15 10:06:24 INFO Pure org 'Ludwig Maximilian University of Munich' already has ROR https://ror.org/05591te55, no update needed.
2025-05-15 10:06:24 INFO Pure org 'Ludwig Maximilian University of Munich' already has ROR https://ror.org/05591te55, no update needed.
2025-05-15 10:06:24 INFO Pure org 'University of Glasgow' already has ROR https://ror.org/00vtgdb53, no update needed.
2025-05-15 10:06:24 INFO No match found for Pure org 'National Museums of Scotland' in OpenAlex organizations.
2025-05-15 10:06:24 INFO Pure org 'University of Bristol' already has ROR https://ror.org/0524sp257, no update needed.
2025-05-15 10:06:24 INFO Will update ROR for Pure org 'City University of New York' with ROR https://ror.org/00453a208
2025-05-15 10:06:24 INFO No match found for Pure org 'Rocky Mountain Dinosaur Resource Center' in OpenAlex organizations.
2025-05-15 10:06:24 INFO Will update ROR for Pure org 'American Museum of Natural History' with ROR https://ror.org/03thb3e06
2025-05-15 10:06:24 INFO Will update ROR for Pure org 'Lehman College' with ROR https://ror.org/03m908832
2025-05-15 10:06:24 INFO Will update ROR for Pure org 'Bavarian Natural History Collections' with ROR https://ror.org/05th1v540
2025-05-15 10:06:24 INFO No match found for Pure org 'Musée National d'Histoire Naturelle de Luxembourg' in OpenAlex organizations.
2025-05-15 10:06:25 INFO No match found for Pure org 'Independent Center for Advanced Research machinic.it' in OpenAlex organizations.
2025-05-15 10:06:25 INFO Pure org 'Polish Academy of Sciences' already has ROR https://ror.org/01dr6c206, no update needed.
2025-05-15 10:06:25 INFO Will update ROR for Pure org 'University of Silesia in Katowice' with ROR https://ror.org/0104rcc94
2025-05-15 10:06:25 INFO nr of ext orgs that can be updated: 5
2025-05-15 10:06:25 INFO nr of ext orgs that already have a ROR in Pure: 5
2025-05-15 10:06:25 INFO nr of ext orgs with no name match in OpenAlex: 4
2025-05-15 10:07:22 INFO Script to update external organisations in pure from ricgraph has started
2025-05-15 10:07:22 INFO Total unique DOIs found in Ricgraph: 5
2025-05-15 10:07:22 INFO Fetching batch 1/1 with 5 UUIDs
2025-05-15 10:07:22 INFO Batch 1 returned 4 results
2025-05-15 10:07:23 INFO Total research outputs fetched from Pure: 4
2025-05-15 10:07:24 INFO Total works found in OpenAlex: 5
2025-05-15 10:07:24 INFO start fetching external orgs from pure
2025-05-15 10:07:24 INFO Finding ext orgs for batch 1/2, 10 DOIs per batch.
2025-05-15 10:07:25 INFO Finding ext orgs for batch 2/2, 10 DOIs per batch.
2025-05-15 10:07:25 INFO Total external orgs found in pure: 13
2025-05-15 10:07:26 INFO Fetched 18 unique institutions from OpenAlex
2025-05-15 10:07:26 INFO Pure org 'Ludwig Maximilian University of Munich' already has ROR https://ror.org/05591te55, no update needed.
2025-05-15 10:07:26 INFO Will update ROR for Pure org 'Lehman College' with ROR https://ror.org/03m908832
2025-05-15 10:07:26 INFO Pure org 'Ludwig Maximilian University of Munich' already has ROR https://ror.org/05591te55, no update needed.
2025-05-15 10:07:26 INFO No match found for Pure org 'Musée National d'Histoire Naturelle de Luxembourg' in OpenAlex organizations.
2025-05-15 10:07:26 INFO Will update ROR for Pure org 'City University of New York' with ROR https://ror.org/00453a208
2025-05-15 10:07:26 INFO Will update ROR for Pure org 'American Museum of Natural History' with ROR https://ror.org/03thb3e06
2025-05-15 10:07:26 INFO Pure org 'University of Bristol' already has ROR https://ror.org/0524sp257, no update needed.
2025-05-15 10:07:26 INFO No match found for Pure org 'National Museums of Scotland' in OpenAlex organizations.
2025-05-15 10:07:26 INFO No match found for Pure org 'Rocky Mountain Dinosaur Resource Center' in OpenAlex organizations.
2025-05-15 10:07:26 INFO Pure org 'University of Glasgow' already has ROR https://ror.org/00vtgdb53, no update needed.
2025-05-15 10:07:26 INFO Will update ROR for Pure org 'Bavarian Natural History Collections' with ROR https://ror.org/05th1v540
2025-05-15 10:07:26 INFO No match found for Pure org 'Independent Center for Advanced Research machinic.it' in OpenAlex organizations.
2025-05-15 10:07:26 INFO Will update ROR for Pure org 'University of Silesia in Katowice' with ROR https://ror.org/0104rcc94
2025-05-15 10:07:26 INFO Pure org 'Polish Academy of Sciences' already has ROR https://ror.org/01dr6c206, no update needed.
2025-05-15 10:07:26 INFO Total match records: 14
2025-05-15 10:07:26 INFO Total external orgs processed: 14
2025-05-15 10:07:26 INFO nr of ext orgs that can be updated: 5
2025-05-15 10:07:26 INFO nr of ext orgs that already have a ROR in Pure: 5
2025-05-15 10:07:26 INFO nr of ext orgs with no name match in OpenAlex: 4
2025-05-15 10:09:33 INFO Script to update external organisations in pure from ricgraph has started
2025-05-15 10:09:33 INFO Total unique DOIs found in Ricgraph: 5
2025-05-15 10:09:33 INFO Fetching batch 1/1 with 5 UUIDs
2025-05-15 10:09:34 INFO Batch 1 returned 4 results
2025-05-15 10:09:34 INFO Total research outputs fetched from Pure: 4
2025-05-15 10:09:36 INFO start fetching external orgs from pure
2025-05-15 10:09:36 INFO Finding ext orgs for batch 1/2, 10 DOIs per batch.
2025-05-15 10:09:36 INFO Finding ext orgs for batch 2/2, 10 DOIs per batch.
2025-05-15 10:09:37 INFO Pure org 'Ludwig Maximilian University of Munich' already has ROR https://ror.org/05591te55, no update needed.
2025-05-15 10:09:37 INFO No match found for Pure org 'Musée National d'Histoire Naturelle de Luxembourg' in OpenAlex organizations.
2025-05-15 10:09:37 INFO Will update ROR for Pure org 'Lehman College' with ROR https://ror.org/03m908832
2025-05-15 10:09:37 INFO Pure org 'University of Glasgow' already has ROR https://ror.org/00vtgdb53, no update needed.
2025-05-15 10:09:37 INFO Pure org 'University of Bristol' already has ROR https://ror.org/0524sp257, no update needed.
2025-05-15 10:09:37 INFO Pure org 'Ludwig Maximilian University of Munich' already has ROR https://ror.org/05591te55, no update needed.
2025-05-15 10:09:37 INFO No match found for Pure org 'National Museums of Scotland' in OpenAlex organizations.
2025-05-15 10:09:37 INFO Will update ROR for Pure org 'American Museum of Natural History' with ROR https://ror.org/03thb3e06
2025-05-15 10:09:37 INFO Will update ROR for Pure org 'Bavarian Natural History Collections' with ROR https://ror.org/05th1v540
2025-05-15 10:09:37 INFO No match found for Pure org 'Rocky Mountain Dinosaur Resource Center' in OpenAlex organizations.
2025-05-15 10:09:37 INFO Will update ROR for Pure org 'City University of New York' with ROR https://ror.org/00453a208
2025-05-15 10:09:38 INFO No match found for Pure org 'Independent Center for Advanced Research machinic.it' in OpenAlex organizations.
2025-05-15 10:09:38 INFO Will update ROR for Pure org 'University of Silesia in Katowice' with ROR https://ror.org/0104rcc94
2025-05-15 10:09:38 INFO Pure org 'Polish Academy of Sciences' already has ROR https://ror.org/01dr6c206, no update needed.
2025-05-15 10:09:38 INFO Total match records: 14
2025-05-15 10:09:38 INFO Total external orgs processed: 14
2025-05-15 10:09:38 INFO nr of ext orgs that can be updated: 5
2025-05-15 10:09:38 INFO nr of ext orgs that already have a ROR in Pure: 5
2025-05-15 10:09:38 INFO nr of ext orgs with no name match in OpenAlex: 4
2025-05-15 10:10:14 INFO Script to update external organisations in pure from ricgraph has started
2025-05-15 10:10:14 INFO Total unique DOIs found in Ricgraph: 5
2025-05-15 10:10:14 INFO Fetching batch 1/1 with 5 UUIDs
2025-05-15 10:10:15 INFO Batch 1 returned 4 results
2025-05-15 10:10:15 INFO Total research outputs fetched from Pure: 4
2025-05-15 10:10:17 INFO start fetching external orgs from pure
2025-05-15 10:10:17 INFO Finding ext orgs for batch 1/2, 10 DOIs per batch.
2025-05-15 10:10:17 INFO Finding ext orgs for batch 2/2, 10 DOIs per batch.
2025-05-15 10:10:18 INFO Pure org 'Ludwig Maximilian University of Munich' already has ROR https://ror.org/05591te55, no update needed.
2025-05-15 10:10:18 INFO Will update ROR for Pure org 'Lehman College' with ROR https://ror.org/03m908832
2025-05-15 10:10:18 INFO Pure org 'University of Glasgow' already has ROR https://ror.org/00vtgdb53, no update needed.
2025-05-15 10:10:18 INFO No match found for Pure org 'Musée National d'Histoire Naturelle de Luxembourg' in OpenAlex organizations.
2025-05-15 10:10:18 INFO Pure org 'University of Bristol' already has ROR https://ror.org/0524sp257, no update needed.
2025-05-15 10:10:18 INFO Will update ROR for Pure org 'City University of New York' with ROR https://ror.org/00453a208
2025-05-15 10:10:18 INFO No match found for Pure org 'National Museums of Scotland' in OpenAlex organizations.
2025-05-15 10:10:18 INFO Will update ROR for Pure org 'American Museum of Natural History' with ROR https://ror.org/03thb3e06
2025-05-15 10:10:18 INFO Will update ROR for Pure org 'Bavarian Natural History Collections' with ROR https://ror.org/05th1v540
2025-05-15 10:10:18 INFO No match found for Pure org 'Rocky Mountain Dinosaur Resource Center' in OpenAlex organizations.
2025-05-15 10:10:18 INFO Pure org 'Ludwig Maximilian University of Munich' already has ROR https://ror.org/05591te55, no update needed.
2025-05-15 10:10:19 INFO Pure org 'Polish Academy of Sciences' already has ROR https://ror.org/01dr6c206, no update needed.
2025-05-15 10:10:19 INFO Will update ROR for Pure org 'University of Silesia in Katowice' with ROR https://ror.org/0104rcc94
2025-05-15 10:10:19 INFO No match found for Pure org 'Independent Center for Advanced Research machinic.it' in OpenAlex organizations.
2025-05-15 10:10:19 INFO Total external orgs processed: 14
2025-05-15 10:10:19 INFO nr of ext orgs that can be updated: 5
2025-05-15 10:10:19 INFO nr of ext orgs that already have a ROR in Pure: 5
2025-05-15 10:10:19 INFO nr of ext orgs with no name match in OpenAlex: 4
2025-05-15 10:10:31 INFO Script to update external organisations in pure from ricgraph has started
2025-05-15 10:10:45 INFO Total unique DOIs found in Ricgraph: 4043
2025-05-15 10:10:45 INFO Fetching batch 1/7 with 500 UUIDs
2025-05-15 10:10:58 INFO Batch 1 returned 362 results
2025-05-15 10:10:58 INFO Fetching batch 2/7 with 500 UUIDs
2025-05-15 10:11:12 INFO Batch 2 returned 429 results
2025-05-15 10:11:12 INFO Fetching batch 3/7 with 500 UUIDs
2025-05-15 10:11:25 INFO Batch 3 returned 453 results
2025-05-15 10:11:25 INFO Fetching batch 4/7 with 500 UUIDs
2025-05-15 10:11:37 INFO Batch 4 returned 454 results
2025-05-15 10:11:37 INFO Fetching batch 5/7 with 500 UUIDs
2025-05-15 10:11:49 INFO Batch 5 returned 459 results
2025-05-15 10:11:49 INFO Fetching batch 6/7 with 500 UUIDs
2025-05-15 10:12:01 INFO Batch 6 returned 468 results
2025-05-15 10:12:01 INFO Fetching batch 7/7 with 452 UUIDs
2025-05-15 10:12:11 INFO Batch 7 returned 430 results
2025-05-15 10:12:11 INFO Total research outputs fetched from Pure: 3055
2025-05-15 10:24:41 INFO start fetching external orgs from pure
2025-05-15 10:24:41 INFO Finding ext orgs for batch 1/284, 10 DOIs per batch.
2025-05-15 10:24:42 INFO Finding ext orgs for batch 2/284, 10 DOIs per batch.
2025-05-15 10:24:43 INFO Finding ext orgs for batch 3/284, 10 DOIs per batch.
2025-05-15 10:24:43 INFO Finding ext orgs for batch 4/284, 10 DOIs per batch.
2025-05-15 10:24:44 INFO Finding ext orgs for batch 5/284, 10 DOIs per batch.
2025-05-15 10:24:44 INFO Finding ext orgs for batch 6/284, 10 DOIs per batch.
2025-05-15 10:24:45 INFO Finding ext orgs for batch 7/284, 10 DOIs per batch.
2025-05-15 10:24:46 INFO Finding ext orgs for batch 8/284, 10 DOIs per batch.
2025-05-15 10:24:46 INFO Finding ext orgs for batch 9/284, 10 DOIs per batch.
2025-05-15 10:24:47 INFO Finding ext orgs for batch 10/284, 10 DOIs per batch.
2025-05-15 10:24:47 INFO Finding ext orgs for batch 11/284, 10 DOIs per batch.
2025-05-15 10:24:47 INFO Finding ext orgs for batch 12/284, 10 DOIs per batch.
2025-05-15 10:24:48 INFO Finding ext orgs for batch 13/284, 10 DOIs per batch.
2025-05-15 10:24:48 INFO Finding ext orgs for batch 14/284, 10 DOIs per batch.
2025-05-15 10:24:49 INFO Finding ext orgs for batch 15/284, 10 DOIs per batch.
2025-05-15 10:24:49 INFO Finding ext orgs for batch 16/284, 10 DOIs per batch.
2025-05-15 10:24:50 INFO Finding ext orgs for batch 17/284, 10 DOIs per batch.
2025-05-15 10:24:50 INFO Finding ext orgs for batch 18/284, 10 DOIs per batch.
2025-05-15 10:24:51 INFO Finding ext orgs for batch 19/284, 10 DOIs per batch.
2025-05-15 10:24:51 INFO Finding ext orgs for batch 20/284, 10 DOIs per batch.
2025-05-15 10:24:51 INFO Finding ext orgs for batch 21/284, 10 DOIs per batch.
2025-05-15 10:24:52 INFO Finding ext orgs for batch 22/284, 10 DOIs per batch.
2025-05-15 10:24:53 INFO Finding ext orgs for batch 23/284, 10 DOIs per batch.
2025-05-15 10:24:53 INFO Finding ext orgs for batch 24/284, 10 DOIs per batch.
2025-05-15 10:24:53 INFO Finding ext orgs for batch 25/284, 10 DOIs per batch.
2025-05-15 10:24:54 INFO Finding ext orgs for batch 26/284, 10 DOIs per batch.
2025-05-15 10:24:54 INFO Finding ext orgs for batch 27/284, 10 DOIs per batch.
2025-05-15 10:24:55 INFO Finding ext orgs for batch 28/284, 10 DOIs per batch.
2025-05-15 10:24:55 INFO Finding ext orgs for batch 29/284, 10 DOIs per batch.
2025-05-15 10:24:56 INFO Finding ext orgs for batch 30/284, 10 DOIs per batch.
2025-05-15 10:24:56 INFO Finding ext orgs for batch 31/284, 10 DOIs per batch.
2025-05-15 10:24:57 INFO Finding ext orgs for batch 32/284, 10 DOIs per batch.
2025-05-15 10:24:58 INFO Finding ext orgs for batch 33/284, 10 DOIs per batch.
2025-05-15 10:24:58 INFO Finding ext orgs for batch 34/284, 10 DOIs per batch.
2025-05-15 10:24:59 INFO Finding ext orgs for batch 35/284, 10 DOIs per batch.
2025-05-15 10:24:59 INFO Finding ext orgs for batch 36/284, 10 DOIs per batch.
2025-05-15 10:25:00 INFO Finding ext orgs for batch 37/284, 10 DOIs per batch.
2025-05-15 10:25:00 INFO Finding ext orgs for batch 38/284, 10 DOIs per batch.
2025-05-15 10:25:01 INFO Finding ext orgs for batch 39/284, 10 DOIs per batch.
2025-05-15 10:25:01 INFO Finding ext orgs for batch 40/284, 10 DOIs per batch.
2025-05-15 10:25:02 INFO Finding ext orgs for batch 41/284, 10 DOIs per batch.
2025-05-15 10:25:02 INFO Finding ext orgs for batch 42/284, 10 DOIs per batch.
2025-05-15 10:25:03 INFO Finding ext orgs for batch 43/284, 10 DOIs per batch.
2025-05-15 10:25:03 INFO Finding ext orgs for batch 44/284, 10 DOIs per batch.
2025-05-15 10:25:04 INFO Finding ext orgs for batch 45/284, 10 DOIs per batch.
2025-05-15 10:25:04 INFO Finding ext orgs for batch 46/284, 10 DOIs per batch.
2025-05-15 10:25:05 INFO Finding ext orgs for batch 47/284, 10 DOIs per batch.
2025-05-15 10:25:05 INFO Finding ext orgs for batch 48/284, 10 DOIs per batch.
2025-05-15 10:25:05 INFO Finding ext orgs for batch 49/284, 10 DOIs per batch.
2025-05-15 10:25:06 INFO Finding ext orgs for batch 50/284, 10 DOIs per batch.
2025-05-15 10:25:06 INFO Finding ext orgs for batch 51/284, 10 DOIs per batch.
2025-05-15 10:25:07 INFO Finding ext orgs for batch 52/284, 10 DOIs per batch.
2025-05-15 10:25:07 INFO Finding ext orgs for batch 53/284, 10 DOIs per batch.
2025-05-15 10:25:07 INFO Finding ext orgs for batch 54/284, 10 DOIs per batch.
2025-05-15 10:25:08 INFO Finding ext orgs for batch 55/284, 10 DOIs per batch.
2025-05-15 10:25:08 INFO Finding ext orgs for batch 56/284, 10 DOIs per batch.
2025-05-15 10:25:09 INFO Finding ext orgs for batch 57/284, 10 DOIs per batch.
2025-05-15 10:25:09 INFO Finding ext orgs for batch 58/284, 10 DOIs per batch.
2025-05-15 10:25:09 INFO Finding ext orgs for batch 59/284, 10 DOIs per batch.
2025-05-15 10:25:10 INFO Finding ext orgs for batch 60/284, 10 DOIs per batch.
2025-05-15 10:25:10 INFO Finding ext orgs for batch 61/284, 10 DOIs per batch.
2025-05-15 10:25:11 INFO Finding ext orgs for batch 62/284, 10 DOIs per batch.
2025-05-15 10:25:11 INFO Finding ext orgs for batch 63/284, 10 DOIs per batch.
2025-05-15 10:25:12 INFO Finding ext orgs for batch 64/284, 10 DOIs per batch.
2025-05-15 10:25:12 INFO Finding ext orgs for batch 65/284, 10 DOIs per batch.
2025-05-15 10:25:12 INFO Finding ext orgs for batch 66/284, 10 DOIs per batch.
2025-05-15 10:25:13 INFO Finding ext orgs for batch 67/284, 10 DOIs per batch.
2025-05-15 10:25:13 INFO Finding ext orgs for batch 68/284, 10 DOIs per batch.
2025-05-15 10:25:14 INFO Finding ext orgs for batch 69/284, 10 DOIs per batch.
2025-05-15 10:25:14 INFO Finding ext orgs for batch 70/284, 10 DOIs per batch.
2025-05-15 10:25:15 INFO Finding ext orgs for batch 71/284, 10 DOIs per batch.
2025-05-15 10:25:15 INFO Finding ext orgs for batch 72/284, 10 DOIs per batch.
2025-05-15 10:25:15 INFO Finding ext orgs for batch 73/284, 10 DOIs per batch.
2025-05-15 10:25:15 INFO Finding ext orgs for batch 74/284, 10 DOIs per batch.
2025-05-15 10:25:16 INFO Finding ext orgs for batch 75/284, 10 DOIs per batch.
2025-05-15 10:25:16 INFO Finding ext orgs for batch 76/284, 10 DOIs per batch.
2025-05-15 10:25:17 INFO Finding ext orgs for batch 77/284, 10 DOIs per batch.
2025-05-15 10:25:17 INFO Finding ext orgs for batch 78/284, 10 DOIs per batch.
2025-05-15 10:25:17 INFO Finding ext orgs for batch 79/284, 10 DOIs per batch.
2025-05-15 10:25:18 INFO Finding ext orgs for batch 80/284, 10 DOIs per batch.
2025-05-15 10:25:18 INFO Finding ext orgs for batch 81/284, 10 DOIs per batch.
2025-05-15 10:25:18 INFO Finding ext orgs for batch 82/284, 10 DOIs per batch.
2025-05-15 10:25:19 INFO Finding ext orgs for batch 83/284, 10 DOIs per batch.
2025-05-15 10:25:19 INFO Finding ext orgs for batch 84/284, 10 DOIs per batch.
2025-05-15 10:25:19 INFO Finding ext orgs for batch 85/284, 10 DOIs per batch.
2025-05-15 10:25:20 INFO Finding ext orgs for batch 86/284, 10 DOIs per batch.
2025-05-15 10:25:20 INFO Finding ext orgs for batch 87/284, 10 DOIs per batch.
2025-05-15 10:25:21 INFO Finding ext orgs for batch 88/284, 10 DOIs per batch.
2025-05-15 10:25:21 INFO Finding ext orgs for batch 89/284, 10 DOIs per batch.
2025-05-15 10:25:21 INFO Finding ext orgs for batch 90/284, 10 DOIs per batch.
2025-05-15 10:25:22 INFO Finding ext orgs for batch 91/284, 10 DOIs per batch.
2025-05-15 10:25:22 INFO Finding ext orgs for batch 92/284, 10 DOIs per batch.
2025-05-15 10:25:23 INFO Finding ext orgs for batch 93/284, 10 DOIs per batch.
2025-05-15 10:25:23 INFO Finding ext orgs for batch 94/284, 10 DOIs per batch.
2025-05-15 10:25:24 INFO Finding ext orgs for batch 95/284, 10 DOIs per batch.
2025-05-15 10:25:24 INFO Finding ext orgs for batch 96/284, 10 DOIs per batch.
2025-05-15 10:25:25 INFO Finding ext orgs for batch 97/284, 10 DOIs per batch.
2025-05-15 10:25:25 INFO Finding ext orgs for batch 98/284, 10 DOIs per batch.
2025-05-15 10:25:25 INFO Finding ext orgs for batch 99/284, 10 DOIs per batch.
2025-05-15 10:25:26 INFO Finding ext orgs for batch 100/284, 10 DOIs per batch.
2025-05-15 10:25:26 INFO Finding ext orgs for batch 101/284, 10 DOIs per batch.
2025-05-15 10:25:27 INFO Finding ext orgs for batch 102/284, 10 DOIs per batch.
2025-05-15 10:25:27 INFO Finding ext orgs for batch 103/284, 10 DOIs per batch.
2025-05-15 10:25:27 INFO Finding ext orgs for batch 104/284, 10 DOIs per batch.
2025-05-15 10:25:28 INFO Finding ext orgs for batch 105/284, 10 DOIs per batch.
2025-05-15 10:25:28 INFO Finding ext orgs for batch 106/284, 10 DOIs per batch.
2025-05-15 10:25:29 INFO Finding ext orgs for batch 107/284, 10 DOIs per batch.
2025-05-15 10:25:29 INFO Finding ext orgs for batch 108/284, 10 DOIs per batch.
2025-05-15 10:25:29 INFO Finding ext orgs for batch 109/284, 10 DOIs per batch.
2025-05-15 10:25:30 INFO Finding ext orgs for batch 110/284, 10 DOIs per batch.
2025-05-15 10:25:30 INFO Finding ext orgs for batch 111/284, 10 DOIs per batch.
2025-05-15 10:25:30 INFO Finding ext orgs for batch 112/284, 10 DOIs per batch.
2025-05-15 10:25:31 INFO Finding ext orgs for batch 113/284, 10 DOIs per batch.
2025-05-15 10:25:31 INFO Finding ext orgs for batch 114/284, 10 DOIs per batch.
2025-05-15 10:25:31 INFO Finding ext orgs for batch 115/284, 10 DOIs per batch.
2025-05-15 10:25:32 INFO Finding ext orgs for batch 116/284, 10 DOIs per batch.
2025-05-15 10:25:32 INFO Finding ext orgs for batch 117/284, 10 DOIs per batch.
2025-05-15 10:25:32 INFO Finding ext orgs for batch 118/284, 10 DOIs per batch.
2025-05-15 10:25:33 INFO Finding ext orgs for batch 119/284, 10 DOIs per batch.
2025-05-15 10:25:33 INFO Finding ext orgs for batch 120/284, 10 DOIs per batch.
2025-05-15 10:25:33 INFO Finding ext orgs for batch 121/284, 10 DOIs per batch.
2025-05-15 10:25:34 INFO Finding ext orgs for batch 122/284, 10 DOIs per batch.
2025-05-15 10:25:34 INFO Finding ext orgs for batch 123/284, 10 DOIs per batch.
2025-05-15 10:25:34 INFO Finding ext orgs for batch 124/284, 10 DOIs per batch.
2025-05-15 10:25:35 INFO Finding ext orgs for batch 125/284, 10 DOIs per batch.
2025-05-15 10:25:35 INFO Finding ext orgs for batch 126/284, 10 DOIs per batch.
2025-05-15 10:25:36 INFO Finding ext orgs for batch 127/284, 10 DOIs per batch.
2025-05-15 10:25:36 INFO Finding ext orgs for batch 128/284, 10 DOIs per batch.
2025-05-15 10:25:36 INFO Finding ext orgs for batch 129/284, 10 DOIs per batch.
2025-05-15 10:25:37 INFO Finding ext orgs for batch 130/284, 10 DOIs per batch.
2025-05-15 10:25:37 INFO Finding ext orgs for batch 131/284, 10 DOIs per batch.
2025-05-15 10:25:37 INFO Finding ext orgs for batch 132/284, 10 DOIs per batch.
2025-05-15 10:25:38 INFO Finding ext orgs for batch 133/284, 10 DOIs per batch.
2025-05-15 10:25:38 INFO Finding ext orgs for batch 134/284, 10 DOIs per batch.
2025-05-15 10:25:38 INFO Finding ext orgs for batch 135/284, 10 DOIs per batch.
2025-05-15 10:25:38 INFO Finding ext orgs for batch 136/284, 10 DOIs per batch.
2025-05-15 10:25:39 INFO Finding ext orgs for batch 137/284, 10 DOIs per batch.
2025-05-15 10:25:39 INFO Finding ext orgs for batch 138/284, 10 DOIs per batch.
2025-05-15 10:25:39 INFO Finding ext orgs for batch 139/284, 10 DOIs per batch.
2025-05-15 10:25:40 INFO Finding ext orgs for batch 140/284, 10 DOIs per batch.
2025-05-15 10:25:40 INFO Finding ext orgs for batch 141/284, 10 DOIs per batch.
2025-05-15 10:25:40 INFO Finding ext orgs for batch 142/284, 10 DOIs per batch.
2025-05-15 10:25:41 INFO Finding ext orgs for batch 143/284, 10 DOIs per batch.
2025-05-15 10:25:41 INFO Finding ext orgs for batch 144/284, 10 DOIs per batch.
2025-05-15 10:25:41 INFO Finding ext orgs for batch 145/284, 10 DOIs per batch.
2025-05-15 10:25:42 INFO Finding ext orgs for batch 146/284, 10 DOIs per batch.
2025-05-15 10:25:42 INFO Finding ext orgs for batch 147/284, 10 DOIs per batch.
2025-05-15 10:25:42 INFO Finding ext orgs for batch 148/284, 10 DOIs per batch.
2025-05-15 10:25:43 INFO Finding ext orgs for batch 149/284, 10 DOIs per batch.
2025-05-15 10:25:43 INFO Finding ext orgs for batch 150/284, 10 DOIs per batch.
2025-05-15 10:25:44 INFO Finding ext orgs for batch 151/284, 10 DOIs per batch.
2025-05-15 10:25:44 INFO Finding ext orgs for batch 152/284, 10 DOIs per batch.
2025-05-15 10:25:44 INFO Finding ext orgs for batch 153/284, 10 DOIs per batch.
2025-05-15 10:25:45 INFO Finding ext orgs for batch 154/284, 10 DOIs per batch.
2025-05-15 10:25:45 INFO Finding ext orgs for batch 155/284, 10 DOIs per batch.
2025-05-15 10:25:45 INFO Finding ext orgs for batch 156/284, 10 DOIs per batch.
2025-05-15 10:25:46 INFO Finding ext orgs for batch 157/284, 10 DOIs per batch.
2025-05-15 10:25:46 INFO Finding ext orgs for batch 158/284, 10 DOIs per batch.
2025-05-15 10:25:46 INFO Finding ext orgs for batch 159/284, 10 DOIs per batch.
2025-05-15 10:25:47 INFO Finding ext orgs for batch 160/284, 10 DOIs per batch.
2025-05-15 10:25:47 INFO Finding ext orgs for batch 161/284, 10 DOIs per batch.
2025-05-15 10:25:47 INFO Finding ext orgs for batch 162/284, 10 DOIs per batch.
2025-05-15 10:25:48 INFO Finding ext orgs for batch 163/284, 10 DOIs per batch.
2025-05-15 10:25:48 INFO Finding ext orgs for batch 164/284, 10 DOIs per batch.
2025-05-15 10:25:48 INFO Finding ext orgs for batch 165/284, 10 DOIs per batch.
2025-05-15 10:25:49 INFO Finding ext orgs for batch 166/284, 10 DOIs per batch.
2025-05-15 10:25:49 INFO Finding ext orgs for batch 167/284, 10 DOIs per batch.
2025-05-15 10:25:49 INFO Finding ext orgs for batch 168/284, 10 DOIs per batch.
2025-05-15 10:25:50 INFO Finding ext orgs for batch 169/284, 10 DOIs per batch.
2025-05-15 10:25:50 INFO Finding ext orgs for batch 170/284, 10 DOIs per batch.
2025-05-15 10:25:50 INFO Finding ext orgs for batch 171/284, 10 DOIs per batch.
2025-05-15 10:25:51 INFO Finding ext orgs for batch 172/284, 10 DOIs per batch.
2025-05-15 10:25:51 INFO Finding ext orgs for batch 173/284, 10 DOIs per batch.
2025-05-15 10:25:52 INFO Finding ext orgs for batch 174/284, 10 DOIs per batch.
2025-05-15 10:25:52 INFO Finding ext orgs for batch 175/284, 10 DOIs per batch.
2025-05-15 10:25:52 INFO Finding ext orgs for batch 176/284, 10 DOIs per batch.
2025-05-15 10:25:53 INFO Finding ext orgs for batch 177/284, 10 DOIs per batch.
2025-05-15 10:25:53 INFO Finding ext orgs for batch 178/284, 10 DOIs per batch.
2025-05-15 10:25:54 INFO Finding ext orgs for batch 179/284, 10 DOIs per batch.
2025-05-15 10:25:54 INFO Finding ext orgs for batch 180/284, 10 DOIs per batch.
2025-05-15 10:25:54 INFO Finding ext orgs for batch 181/284, 10 DOIs per batch.
2025-05-15 10:25:54 INFO Finding ext orgs for batch 182/284, 10 DOIs per batch.
2025-05-15 10:25:55 INFO Finding ext orgs for batch 183/284, 10 DOIs per batch.
2025-05-15 10:25:55 INFO Finding ext orgs for batch 184/284, 10 DOIs per batch.
2025-05-15 10:25:55 INFO Finding ext orgs for batch 185/284, 10 DOIs per batch.
2025-05-15 10:25:56 INFO Finding ext orgs for batch 186/284, 10 DOIs per batch.
2025-05-15 10:25:56 INFO Finding ext orgs for batch 187/284, 10 DOIs per batch.
2025-05-15 10:25:57 INFO Finding ext orgs for batch 188/284, 10 DOIs per batch.
2025-05-15 10:25:57 INFO Finding ext orgs for batch 189/284, 10 DOIs per batch.
2025-05-15 10:25:57 INFO Finding ext orgs for batch 190/284, 10 DOIs per batch.
2025-05-15 10:25:58 INFO Finding ext orgs for batch 191/284, 10 DOIs per batch.
2025-05-15 10:25:58 INFO Finding ext orgs for batch 192/284, 10 DOIs per batch.
2025-05-15 10:25:58 INFO Finding ext orgs for batch 193/284, 10 DOIs per batch.
2025-05-15 10:25:59 INFO Finding ext orgs for batch 194/284, 10 DOIs per batch.
2025-05-15 10:25:59 INFO Finding ext orgs for batch 195/284, 10 DOIs per batch.
2025-05-15 10:26:00 INFO Finding ext orgs for batch 196/284, 10 DOIs per batch.
2025-05-15 10:26:00 INFO Finding ext orgs for batch 197/284, 10 DOIs per batch.
2025-05-15 10:26:00 INFO Finding ext orgs for batch 198/284, 10 DOIs per batch.
2025-05-15 10:26:01 INFO Finding ext orgs for batch 199/284, 10 DOIs per batch.
2025-05-15 10:26:01 INFO Finding ext orgs for batch 200/284, 10 DOIs per batch.
2025-05-15 10:26:01 INFO Finding ext orgs for batch 201/284, 10 DOIs per batch.
2025-05-15 10:26:02 INFO Finding ext orgs for batch 202/284, 10 DOIs per batch.
2025-05-15 10:26:02 INFO Finding ext orgs for batch 203/284, 10 DOIs per batch.
2025-05-15 10:26:03 INFO Finding ext orgs for batch 204/284, 10 DOIs per batch.
2025-05-15 10:26:03 INFO Finding ext orgs for batch 205/284, 10 DOIs per batch.
2025-05-15 10:26:03 INFO Finding ext orgs for batch 206/284, 10 DOIs per batch.
2025-05-15 10:26:04 INFO Finding ext orgs for batch 207/284, 10 DOIs per batch.
2025-05-15 10:26:04 INFO Finding ext orgs for batch 208/284, 10 DOIs per batch.
2025-05-15 10:26:04 INFO Finding ext orgs for batch 209/284, 10 DOIs per batch.
2025-05-15 10:26:04 INFO Finding ext orgs for batch 210/284, 10 DOIs per batch.
2025-05-15 10:26:05 INFO Finding ext orgs for batch 211/284, 10 DOIs per batch.
2025-05-15 10:26:05 INFO Finding ext orgs for batch 212/284, 10 DOIs per batch.
2025-05-15 10:26:06 INFO Finding ext orgs for batch 213/284, 10 DOIs per batch.
2025-05-15 10:26:06 INFO Finding ext orgs for batch 214/284, 10 DOIs per batch.
2025-05-15 10:26:06 INFO Finding ext orgs for batch 215/284, 10 DOIs per batch.
2025-05-15 10:26:07 INFO Finding ext orgs for batch 216/284, 10 DOIs per batch.
2025-05-15 10:26:07 INFO Finding ext orgs for batch 217/284, 10 DOIs per batch.
2025-05-15 10:26:07 INFO Finding ext orgs for batch 218/284, 10 DOIs per batch.
2025-05-15 10:26:08 INFO Finding ext orgs for batch 219/284, 10 DOIs per batch.
2025-05-15 10:26:08 INFO Finding ext orgs for batch 220/284, 10 DOIs per batch.
2025-05-15 10:26:08 INFO Finding ext orgs for batch 221/284, 10 DOIs per batch.
2025-05-15 10:26:09 INFO Finding ext orgs for batch 222/284, 10 DOIs per batch.
2025-05-15 10:26:09 INFO Finding ext orgs for batch 223/284, 10 DOIs per batch.
2025-05-15 10:26:10 INFO Finding ext orgs for batch 224/284, 10 DOIs per batch.
2025-05-15 10:26:10 INFO Finding ext orgs for batch 225/284, 10 DOIs per batch.
2025-05-15 10:26:10 INFO Finding ext orgs for batch 226/284, 10 DOIs per batch.
2025-05-15 10:26:11 INFO Finding ext orgs for batch 227/284, 10 DOIs per batch.
2025-05-15 10:26:11 INFO Finding ext orgs for batch 228/284, 10 DOIs per batch.
2025-05-15 10:26:11 INFO Finding ext orgs for batch 229/284, 10 DOIs per batch.
2025-05-15 10:26:12 INFO Finding ext orgs for batch 230/284, 10 DOIs per batch.
2025-05-15 10:26:12 INFO Finding ext orgs for batch 231/284, 10 DOIs per batch.
2025-05-15 10:26:12 INFO Finding ext orgs for batch 232/284, 10 DOIs per batch.
2025-05-15 10:26:13 INFO Finding ext orgs for batch 233/284, 10 DOIs per batch.
2025-05-15 10:26:13 INFO Finding ext orgs for batch 234/284, 10 DOIs per batch.
2025-05-15 10:26:13 INFO Finding ext orgs for batch 235/284, 10 DOIs per batch.
2025-05-15 10:26:14 INFO Finding ext orgs for batch 236/284, 10 DOIs per batch.
2025-05-15 10:26:14 INFO Finding ext orgs for batch 237/284, 10 DOIs per batch.
2025-05-15 10:26:14 INFO Finding ext orgs for batch 238/284, 10 DOIs per batch.
2025-05-15 10:26:15 INFO Finding ext orgs for batch 239/284, 10 DOIs per batch.
2025-05-15 10:26:15 INFO Finding ext orgs for batch 240/284, 10 DOIs per batch.
2025-05-15 10:26:15 INFO Finding ext orgs for batch 241/284, 10 DOIs per batch.
2025-05-15 10:26:16 INFO Finding ext orgs for batch 242/284, 10 DOIs per batch.
2025-05-15 10:26:16 INFO Finding ext orgs for batch 243/284, 10 DOIs per batch.
2025-05-15 10:26:16 INFO Finding ext orgs for batch 244/284, 10 DOIs per batch.
2025-05-15 10:26:17 INFO Finding ext orgs for batch 245/284, 10 DOIs per batch.
2025-05-15 10:26:17 INFO Finding ext orgs for batch 246/284, 10 DOIs per batch.
2025-05-15 10:26:17 INFO Finding ext orgs for batch 247/284, 10 DOIs per batch.
2025-05-15 10:26:18 INFO Finding ext orgs for batch 248/284, 10 DOIs per batch.
2025-05-15 10:26:18 INFO Finding ext orgs for batch 249/284, 10 DOIs per batch.
2025-05-15 10:26:18 INFO Finding ext orgs for batch 250/284, 10 DOIs per batch.
2025-05-15 10:26:19 INFO Finding ext orgs for batch 251/284, 10 DOIs per batch.
2025-05-15 10:26:19 INFO Finding ext orgs for batch 252/284, 10 DOIs per batch.
2025-05-15 10:26:19 INFO Finding ext orgs for batch 253/284, 10 DOIs per batch.
2025-05-15 10:26:20 INFO Finding ext orgs for batch 254/284, 10 DOIs per batch.
2025-05-15 10:26:20 INFO Finding ext orgs for batch 255/284, 10 DOIs per batch.
2025-05-15 10:26:21 INFO Finding ext orgs for batch 256/284, 10 DOIs per batch.
2025-05-15 10:26:21 INFO Finding ext orgs for batch 257/284, 10 DOIs per batch.
2025-05-15 10:26:21 INFO Finding ext orgs for batch 258/284, 10 DOIs per batch.
2025-05-15 10:26:22 INFO Finding ext orgs for batch 259/284, 10 DOIs per batch.
2025-05-15 10:26:22 INFO Finding ext orgs for batch 260/284, 10 DOIs per batch.
2025-05-15 10:26:22 INFO Finding ext orgs for batch 261/284, 10 DOIs per batch.
2025-05-15 10:26:23 INFO Finding ext orgs for batch 262/284, 10 DOIs per batch.
2025-05-15 10:26:23 INFO Finding ext orgs for batch 263/284, 10 DOIs per batch.
2025-05-15 10:26:23 INFO Finding ext orgs for batch 264/284, 10 DOIs per batch.
2025-05-15 10:26:24 INFO Finding ext orgs for batch 265/284, 10 DOIs per batch.
2025-05-15 10:26:24 INFO Finding ext orgs for batch 266/284, 10 DOIs per batch.
2025-05-15 10:26:25 INFO Finding ext orgs for batch 267/284, 10 DOIs per batch.
2025-05-15 10:26:25 INFO Finding ext orgs for batch 268/284, 10 DOIs per batch.
2025-05-15 10:26:25 INFO Finding ext orgs for batch 269/284, 10 DOIs per batch.
2025-05-15 10:26:26 INFO Finding ext orgs for batch 270/284, 10 DOIs per batch.
2025-05-15 10:26:26 INFO Finding ext orgs for batch 271/284, 10 DOIs per batch.
2025-05-15 10:26:26 INFO Finding ext orgs for batch 272/284, 10 DOIs per batch.
2025-05-15 10:26:27 INFO Finding ext orgs for batch 273/284, 10 DOIs per batch.
2025-05-15 10:26:27 INFO Finding ext orgs for batch 274/284, 10 DOIs per batch.
2025-05-15 10:26:27 INFO Finding ext orgs for batch 275/284, 10 DOIs per batch.
2025-05-15 10:26:28 INFO Finding ext orgs for batch 276/284, 10 DOIs per batch.
2025-05-15 10:26:28 INFO Finding ext orgs for batch 277/284, 10 DOIs per batch.
2025-05-15 10:26:28 INFO Finding ext orgs for batch 278/284, 10 DOIs per batch.
2025-05-15 10:26:28 INFO Finding ext orgs for batch 279/284, 10 DOIs per batch.
2025-05-15 10:26:29 INFO Finding ext orgs for batch 280/284, 10 DOIs per batch.
2025-05-15 10:26:29 INFO Finding ext orgs for batch 281/284, 10 DOIs per batch.
2025-05-15 10:26:29 INFO Finding ext orgs for batch 282/284, 10 DOIs per batch.
2025-05-15 10:26:30 INFO Finding ext orgs for batch 283/284, 10 DOIs per batch.
2025-05-15 10:26:30 INFO Finding ext orgs for batch 284/284, 10 DOIs per batch.
2025-05-15 10:27:03 INFO No match found for Pure org 'extern' in OpenAlex organizations.
2025-05-15 10:27:03 INFO No match found for Pure org 'TNO' in OpenAlex organizations.
2025-05-15 10:27:03 INFO Pure org 'University of Amsterdam' already has ROR https://ror.org/04dkp9463, no update needed.
2025-05-15 10:27:03 INFO Pure org 'University of Amsterdam' already has ROR https://ror.org/04dkp9463, no update needed.
2025-05-15 10:27:03 INFO Pure org 'University of Amsterdam' already has ROR https://ror.org/04dkp9463, no update needed.
2025-05-15 10:27:03 INFO No match found for Pure org 'Maastricht University' in OpenAlex organizations.
2025-05-15 10:27:03 INFO No match found for Pure org 'Maastricht University' in OpenAlex organizations.
2025-05-15 10:27:03 INFO Pure org 'Radboud University Nijmegen' already has ROR https://ror.org/016xsfp80, no update needed.
2025-05-15 10:27:03 INFO No match found for Pure org 'Radboud University Nijmegen' in OpenAlex organizations.
2025-05-15 10:27:03 INFO No match found for Pure org 'University of Amsterdam, VU University Amsterdam' in OpenAlex organizations.
2025-05-15 10:27:03 INFO Pure org 'KU Leuven' already has ROR https://ror.org/05f950310, no update needed.
2025-05-15 10:27:03 INFO No match found for Pure org 'KU Leuven' in OpenAlex organizations.
2025-05-15 10:27:03 INFO Pure org 'KU Leuven' already has ROR https://ror.org/05f950310, no update needed.
2025-05-15 10:27:03 INFO No match found for Pure org 'University of Liege' in OpenAlex organizations.
2025-05-15 10:27:03 INFO Pure org 'Open University of the Netherlands' already has ROR https://ror.org/018dfmf50, no update needed.
2025-05-15 10:27:03 INFO Pure org 'KU Leuven' already has ROR https://ror.org/05f950310, no update needed.
2025-05-15 10:27:03 INFO Pure org 'University of Manchester' already has ROR https://ror.org/027m9bs27, no update needed.
2025-05-15 10:27:03 INFO Pure org 'University of Liverpool' already has ROR https://ror.org/04xs57h96, no update needed.
2025-05-15 10:27:03 INFO Pure org 'Hong Kong Polytechnic University' already has ROR https://ror.org/0030zas98, no update needed.
2025-05-15 10:27:03 INFO Pure org 'University of Manchester' already has ROR https://ror.org/027m9bs27, no update needed.
2025-05-15 10:27:03 INFO No match found for Pure org 'University of Manchester' in OpenAlex organizations.
2025-05-15 10:27:03 INFO Pure org 'University of Liverpool' already has ROR https://ror.org/04xs57h96, no update needed.
2025-05-15 10:27:03 INFO Pure org 'University of Manchester' already has ROR https://ror.org/027m9bs27, no update needed.
2025-05-15 10:27:03 INFO Processed 25 batch
2025-05-15 10:27:03 INFO Pure org 'Monash University' already has ROR https://ror.org/02bfwt286, no update needed.
2025-05-15 10:27:03 INFO Pure org 'University of Manchester' already has ROR https://ror.org/027m9bs27, no update needed.
2025-05-15 10:27:03 INFO Pure org 'University of Glasgow' already has ROR https://ror.org/00vtgdb53, no update needed.
2025-05-15 10:27:03 INFO No match found for Pure org 'Rotterdam School of Economics' in OpenAlex organizations.
2025-05-15 10:27:03 INFO Pure org 'University of Manchester' already has ROR https://ror.org/027m9bs27, no update needed.
2025-05-15 10:27:03 INFO Pure org 'University of Manchester' already has ROR https://ror.org/027m9bs27, no update needed.
2025-05-15 10:27:03 INFO Pure org 'University of Liverpool' already has ROR https://ror.org/04xs57h96, no update needed.
2025-05-15 10:27:03 INFO Pure org 'University of Manchester' already has ROR https://ror.org/027m9bs27, no update needed.
2025-05-15 10:27:03 INFO Pure org 'University of Cambridge' already has ROR https://ror.org/013meh722, no update needed.
2025-05-15 10:27:03 INFO Pure org 'Monash University' already has ROR https://ror.org/02bfwt286, no update needed.
2025-05-15 10:27:03 INFO Pure org 'University of Manchester' already has ROR https://ror.org/027m9bs27, no update needed.
2025-05-15 10:27:03 INFO Pure org 'New York University' already has ROR https://ror.org/0190ak572, no update needed.
2025-05-15 10:27:03 INFO Pure org 'Monash University' already has ROR https://ror.org/02bfwt286, no update needed.
2025-05-15 10:27:03 INFO No match found for Pure org 'University of Manchester' in OpenAlex organizations.
2025-05-15 10:27:03 INFO No match found for Pure org 'York University Toronto' in OpenAlex organizations.
2025-05-15 10:27:03 INFO No match found for Pure org 'University of Manchester' in OpenAlex organizations.
2025-05-15 10:27:03 INFO Pure org 'Maastricht University' already has ROR https://ror.org/02jz4aj89, no update needed.
2025-05-15 10:27:03 INFO No match found for Pure org 'UNU-MERIT' in OpenAlex organizations.
2025-05-15 10:27:03 INFO Pure org 'Barnard College' already has ROR https://ror.org/04rt94r53, no update needed.
2025-05-15 10:27:03 INFO No match found for Pure org 'ETH Zürich' in OpenAlex organizations.
2025-05-15 10:27:03 INFO Pure org 'Maastricht University' already has ROR https://ror.org/02jz4aj89, no update needed.
2025-05-15 10:27:03 INFO Pure org 'ETH Zürich' already has ROR https://ror.org/05a28rw58, no update needed.
2025-05-15 10:27:03 INFO Pure org 'ETH Zürich' already has ROR https://ror.org/05a28rw58, no update needed.
2025-05-15 10:27:03 INFO No match found for Pure org 'extern' in OpenAlex organizations.
2025-05-15 10:27:03 INFO Pure org 'KU Leuven' already has ROR https://ror.org/05f950310, no update needed.
2025-05-15 10:27:03 INFO Pure org 'Université du Québec à Montréal' already has ROR https://ror.org/002rjbv21, no update needed.
2025-05-15 10:27:03 INFO No match found for Pure org 'Aix Marseille University' in OpenAlex organizations.
2025-05-15 10:27:03 INFO Pure org 'Vrije Universiteit Brussel' already has ROR https://ror.org/006e5kg04, no update needed.
2025-05-15 10:27:03 INFO No match found for Pure org 'Aalto Business School' in OpenAlex organizations.
2025-05-15 10:27:03 INFO Pure org 'Macquarie University' already has ROR https://ror.org/01sf06y89, no update needed.
2025-05-15 10:27:03 INFO Pure org 'University of St Andrews' already has ROR https://ror.org/02wn5qz54, no update needed.
2025-05-15 10:27:03 INFO Pure org 'NYU Abu Dhabi' already has ROR https://ror.org/00e5k0821, no update needed.
2025-05-15 10:27:03 INFO Pure org 'KU Leuven' already has ROR https://ror.org/05f950310, no update needed.
2025-05-15 10:27:03 INFO Pure org 'Audencia Business School' already has ROR https://ror.org/000axn811, no update needed.
2025-05-15 10:27:03 INFO No match found for Pure org 'Tasmanian School of Business and Economics' in OpenAlex organizations.
2025-05-15 10:27:03 INFO Pure org 'KU Leuven' already has ROR https://ror.org/05f950310, no update needed.
2025-05-15 10:27:03 INFO Pure org 'University of Luxembourg' already has ROR https://ror.org/036x5ad56, no update needed.
2025-05-15 10:27:03 INFO Pure org 'University of Waikato' already has ROR https://ror.org/013fsnh78, no update needed.
2025-05-15 10:27:03 INFO Pure org 'University of Waikato' already has ROR https://ror.org/013fsnh78, no update needed.
2025-05-15 10:27:03 INFO Pure org 'University of Innsbruck' already has ROR https://ror.org/054pv6659, no update needed.
2025-05-15 10:27:03 INFO Processed 50 batch
2025-05-15 10:27:03 INFO No match found for Pure org 'University of Innsbruck' in OpenAlex organizations.
2025-05-15 10:27:03 INFO Pure org 'Hong Kong Polytechnic University' already has ROR https://ror.org/0030zas98, no update needed.
2025-05-15 10:27:03 INFO Pure org 'City University of Hong Kong' already has ROR https://ror.org/03q8dnn23, no update needed.
2025-05-15 10:27:03 INFO No match found for Pure org 'Hong Kong Polytechnic University' in OpenAlex organizations.
2025-05-15 10:27:03 INFO Pure org 'Hong Kong Polytechnic University' already has ROR https://ror.org/0030zas98, no update needed.
2025-05-15 10:27:03 INFO No match found for Pure org 'University of Rome La Sapienza' in OpenAlex organizations.
2025-05-15 10:27:03 INFO Pure org 'University of Amsterdam' already has ROR https://ror.org/04dkp9463, no update needed.
2025-05-15 10:27:03 INFO Will update ROR for Pure org 'Auckland University of Technology' with ROR https://ror.org/01zvqw119
2025-05-15 10:27:03 INFO Pure org 'King's College London' already has ROR https://ror.org/0220mzb33, no update needed.
2025-05-15 10:27:03 INFO No match found for Pure org 'United States Environmental Protection Agency' in OpenAlex organizations.
2025-05-15 10:27:03 INFO No match found for Pure org 'extern' in OpenAlex organizations.
2025-05-15 10:27:03 INFO No match found for Pure org 'University of Nebraska-Lincoln' in OpenAlex organizations.
2025-05-15 10:27:03 INFO No match found for Pure org 'University of Nebraska' in OpenAlex organizations.
2025-05-15 10:27:03 INFO No match found for Pure org 'University of Nebraska-Lincoln' in OpenAlex organizations.
2025-05-15 10:27:03 INFO Pure org 'United States Environmental Protection Agency' already has ROR https://ror.org/03tns0030, no update needed.
2025-05-15 10:27:03 INFO No match found for Pure org 'University of Nebraska' in OpenAlex organizations.
2025-05-15 10:27:03 INFO No match found for Pure org 'United States Environmental Protection Agency' in OpenAlex organizations.
2025-05-15 10:27:03 INFO Processed 75 batch
2025-05-15 10:27:03 INFO Pure org 'Emory University' already has ROR https://ror.org/03czfpz43, no update needed.
2025-05-15 10:27:03 INFO No match found for Pure org 'University of Nebraska-Lincoln' in OpenAlex organizations.
2025-05-15 10:27:03 INFO Pure org 'Swedish University of Agricultural Sciences' already has ROR https://ror.org/02yy8x990, no update needed.
2025-05-15 10:27:03 INFO No match found for Pure org 'extern' in OpenAlex organizations.
2025-05-15 10:27:03 INFO No match found for Pure org 'University of Nebraska' in OpenAlex organizations.
2025-05-15 10:27:03 INFO Will update ROR for Pure org 'Stockholm Resilience Centre' with ROR https://ror.org/0145rpw38
2025-05-15 10:27:03 INFO Pure org 'United States Environmental Protection Agency' already has ROR https://ror.org/03tns0030, no update needed.
2025-05-15 10:27:03 INFO No match found for Pure org 'University of Nebraska' in OpenAlex organizations.
2025-05-15 10:27:03 INFO Pure org 'United States Environmental Protection Agency' already has ROR https://ror.org/03tns0030, no update needed.
2025-05-15 10:27:03 INFO Pure org 'United States Environmental Protection Agency' already has ROR https://ror.org/03tns0030, no update needed.
2025-05-15 10:27:03 INFO Pure org 'United States Environmental Protection Agency' already has ROR https://ror.org/03tns0030, no update needed.
2025-05-15 10:27:03 INFO Pure org 'United States Environmental Protection Agency' already has ROR https://ror.org/03tns0030, no update needed.
2025-05-15 10:27:03 INFO Pure org 'United States Environmental Protection Agency' already has ROR https://ror.org/03tns0030, no update needed.
2025-05-15 10:27:03 INFO Pure org 'United States Environmental Protection Agency' already has ROR https://ror.org/03tns0030, no update needed.
2025-05-15 10:27:03 INFO Pure org 'United States Environmental Protection Agency' already has ROR https://ror.org/03tns0030, no update needed.
2025-05-15 10:27:03 INFO Pure org 'United States Environmental Protection Agency' already has ROR https://ror.org/03tns0030, no update needed.
2025-05-15 10:27:03 INFO Pure org 'United States Environmental Protection Agency' already has ROR https://ror.org/03tns0030, no update needed.
2025-05-15 10:27:03 INFO Pure org 'United States Environmental Protection Agency' already has ROR https://ror.org/03tns0030, no update needed.
2025-05-15 10:27:03 INFO Pure org 'United States Environmental Protection Agency' already has ROR https://ror.org/03tns0030, no update needed.
2025-05-15 10:27:03 INFO Pure org 'United States Environmental Protection Agency' already has ROR https://ror.org/03tns0030, no update needed.
2025-05-15 10:27:03 INFO Pure org 'United States Environmental Protection Agency' already has ROR https://ror.org/03tns0030, no update needed.
2025-05-15 10:27:03 INFO Pure org 'United States Environmental Protection Agency' already has ROR https://ror.org/03tns0030, no update needed.
2025-05-15 10:27:03 INFO Pure org 'United States Environmental Protection Agency' already has ROR https://ror.org/03tns0030, no update needed.
2025-05-15 10:27:03 INFO Pure org 'United States Environmental Protection Agency' already has ROR https://ror.org/03tns0030, no update needed.
2025-05-15 10:27:03 INFO Pure org 'United States Environmental Protection Agency' already has ROR https://ror.org/03tns0030, no update needed.
2025-05-15 10:27:03 INFO Pure org 'United States Environmental Protection Agency' already has ROR https://ror.org/03tns0030, no update needed.
2025-05-15 10:27:03 INFO Processed 100 batch
2025-05-15 10:27:03 INFO Pure org 'United States Environmental Protection Agency' already has ROR https://ror.org/03tns0030, no update needed.
2025-05-15 10:27:03 INFO Pure org 'United States Environmental Protection Agency' already has ROR https://ror.org/03tns0030, no update needed.
2025-05-15 10:27:03 INFO Pure org 'United States Environmental Protection Agency' already has ROR https://ror.org/03tns0030, no update needed.
2025-05-15 10:27:03 INFO Pure org 'United States Environmental Protection Agency' already has ROR https://ror.org/03tns0030, no update needed.
2025-05-15 10:27:03 INFO Pure org 'United States Environmental Protection Agency' already has ROR https://ror.org/03tns0030, no update needed.
2025-05-15 10:27:03 INFO No match found for Pure org 'United States Environmental Protection Agency' in OpenAlex organizations.
2025-05-15 10:27:03 INFO Pure org 'United States Environmental Protection Agency' already has ROR https://ror.org/03tns0030, no update needed.
2025-05-15 10:27:03 INFO No match found for Pure org 'United States Environmental Protection Agency' in OpenAlex organizations.
2025-05-15 10:27:03 INFO No match found for Pure org 'Clemson University' in OpenAlex organizations.
2025-05-15 10:27:03 INFO Pure org 'United States Environmental Protection Agency' already has ROR https://ror.org/03tns0030, no update needed.
2025-05-15 10:27:03 INFO Pure org 'United States Environmental Protection Agency' already has ROR https://ror.org/03tns0030, no update needed.
2025-05-15 10:27:03 INFO No match found for Pure org 'Clemson University' in OpenAlex organizations.
2025-05-15 10:27:03 INFO Pure org 'United States Environmental Protection Agency' already has ROR https://ror.org/03tns0030, no update needed.
2025-05-15 10:27:03 INFO Pure org 'United States Environmental Protection Agency' already has ROR https://ror.org/03tns0030, no update needed.
2025-05-15 10:27:03 INFO Pure org 'United States Environmental Protection Agency' already has ROR https://ror.org/03tns0030, no update needed.
2025-05-15 10:27:03 INFO Pure org 'United States Environmental Protection Agency' already has ROR https://ror.org/03tns0030, no update needed.
2025-05-15 10:27:03 INFO Pure org 'United States Environmental Protection Agency' already has ROR https://ror.org/03tns0030, no update needed.
2025-05-15 10:27:03 INFO Pure org 'United States Environmental Protection Agency' already has ROR https://ror.org/03tns0030, no update needed.
2025-05-15 10:27:03 INFO Pure org 'United States Environmental Protection Agency' already has ROR https://ror.org/03tns0030, no update needed.
2025-05-15 10:27:03 INFO No match found for Pure org 'University of Edinburgh' in OpenAlex organizations.
2025-05-15 10:27:03 INFO No match found for Pure org 'European Commission Joint Research Centre' in OpenAlex organizations.
2025-05-15 10:27:03 INFO Pure org 'Delft University of Technology' already has ROR https://ror.org/02e2c7k09, no update needed.
2025-05-15 10:27:03 INFO No match found for Pure org 'European Commission Directorate General of Energy' in OpenAlex organizations.
2025-05-15 10:27:03 INFO No match found for Pure org 'European Commission Joint Research Centre' in OpenAlex organizations.
2025-05-15 10:27:03 INFO No match found for Pure org 'European Commission Directorate General of Energy' in OpenAlex organizations.
2025-05-15 10:27:03 INFO Processed 125 batch
2025-05-15 10:27:03 INFO Pure org 'University of Cologne' already has ROR https://ror.org/00rcxh774, no update needed.
2025-05-15 10:27:03 INFO Pure org 'Erasmus University Rotterdam' already has ROR https://ror.org/057w15z03, no update needed.
2025-05-15 10:27:03 INFO Pure org 'Erasmus University Rotterdam' already has ROR https://ror.org/057w15z03, no update needed.
2025-05-15 10:27:03 INFO Pure org 'University of Cologne' already has ROR https://ror.org/00rcxh774, no update needed.
2025-05-15 10:27:03 INFO Pure org 'Erasmus University Rotterdam' already has ROR https://ror.org/057w15z03, no update needed.
2025-05-15 10:27:03 INFO Pure org 'London Business School' already has ROR https://ror.org/001c2sn75, no update needed.
2025-05-15 10:27:03 INFO Pure org 'World Bank' already has ROR https://ror.org/00ae7jd04, no update needed.
2025-05-15 10:27:03 INFO Will update ROR for Pure org 'Peterson Institute for International Economics' with ROR https://ror.org/015121715
2025-05-15 10:27:03 INFO No match found for Pure org 'Institut National de la Statistique' in OpenAlex organizations.
2025-05-15 10:27:03 INFO No match found for Pure org 'World Bank' in OpenAlex organizations.
2025-05-15 10:27:03 INFO No match found for Pure org 'Peterson Institute for International Economics' in OpenAlex organizations.
2025-05-15 10:27:03 INFO Pure org 'World Bank' already has ROR https://ror.org/00ae7jd04, no update needed.
2025-05-15 10:27:03 INFO Pure org 'World Bank' already has ROR https://ror.org/00ae7jd04, no update needed.
2025-05-15 10:27:03 INFO Pure org 'World Bank' already has ROR https://ror.org/00ae7jd04, no update needed.
2025-05-15 10:27:03 INFO No match found for Pure org 'World Bank' in OpenAlex organizations.
2025-05-15 10:27:03 INFO No match found for Pure org 'World Bank' in OpenAlex organizations.
2025-05-15 10:27:03 INFO No match found for Pure org 'World Bank' in OpenAlex organizations.
2025-05-15 10:27:03 INFO Pure org 'World Bank' already has ROR https://ror.org/00ae7jd04, no update needed.
2025-05-15 10:27:03 INFO No match found for Pure org 'International Trade Centre' in OpenAlex organizations.
2025-05-15 10:27:03 INFO Pure org 'World Bank' already has ROR https://ror.org/00ae7jd04, no update needed.
2025-05-15 10:27:03 INFO Pure org 'Université Clermont Auvergne' already has ROR https://ror.org/01a8ajp46, no update needed.
2025-05-15 10:27:03 INFO No match found for Pure org 'World Bank' in OpenAlex organizations.
2025-05-15 10:27:03 INFO No match found for Pure org 'REM/UECE' in OpenAlex organizations.
2025-05-15 10:27:03 INFO No match found for Pure org 'Centre for Economic Policy Research, London' in OpenAlex organizations.
2025-05-15 10:27:03 INFO Will update ROR for Pure org 'Universidad Autónoma de Madrid' with ROR https://ror.org/01cby8j38
2025-05-15 10:27:03 INFO No match found for Pure org 'University of Amsterdam' in OpenAlex organizations.
2025-05-15 10:27:03 INFO Pure org 'University of Groningen' already has ROR https://ror.org/012p63287, no update needed.
2025-05-15 10:27:03 INFO Pure org 'University of Amsterdam' already has ROR https://ror.org/04dkp9463, no update needed.
2025-05-15 10:27:03 INFO No match found for Pure org 'Charles University' in OpenAlex organizations.
2025-05-15 10:27:03 INFO Pure org 'University of Essex' already has ROR https://ror.org/02nkf1q06, no update needed.
2025-05-15 10:27:03 INFO No match found for Pure org 'York University Toronto' in OpenAlex organizations.
2025-05-15 10:27:03 INFO Will update ROR for Pure org 'Institut national de la recherche scientifique' with ROR https://ror.org/04td37d32
2025-05-15 10:27:03 INFO No match found for Pure org 'European Commiss Joint Research Center' in OpenAlex organizations.
2025-05-15 10:27:03 INFO No match found for Pure org 'Joint Research Centre (JRC)' in OpenAlex organizations.
2025-05-15 10:27:04 INFO No match found for Pure org 'European Commission' in OpenAlex organizations.
2025-05-15 10:27:04 INFO Pure org 'University of Milan' already has ROR https://ror.org/00wjc7c48, no update needed.
2025-05-15 10:27:04 INFO Processed 150 batch
2025-05-15 10:27:04 INFO Pure org 'University of Amsterdam' already has ROR https://ror.org/04dkp9463, no update needed.
2025-05-15 10:27:04 INFO Will update ROR for Pure org 'University of Bremen' with ROR https://ror.org/04ers2y35
2025-05-15 10:27:04 INFO Pure org 'Friedrich Schiller University Jena' already has ROR https://ror.org/05qpz1x62, no update needed.
2025-05-15 10:27:04 INFO Will update ROR for Pure org 'University of Bremen' with ROR https://ror.org/04ers2y35
2025-05-15 10:27:04 INFO No match found for Pure org 'Friedrich Schiller University Jena' in OpenAlex organizations.
2025-05-15 10:27:04 INFO Will update ROR for Pure org 'University of Bremen' with ROR https://ror.org/04ers2y35
2025-05-15 10:27:04 INFO Pure org 'Friedrich Schiller University Jena' already has ROR https://ror.org/05qpz1x62, no update needed.
2025-05-15 10:27:04 INFO Pure org 'Friedrich Schiller University Jena' already has ROR https://ror.org/05qpz1x62, no update needed.
2025-05-15 10:27:04 INFO Pure org 'University of Groningen' already has ROR https://ror.org/012p63287, no update needed.
2025-05-15 10:27:04 INFO Pure org 'Friedrich Schiller University Jena' already has ROR https://ror.org/05qpz1x62, no update needed.
2025-05-15 10:27:04 INFO Pure org 'University of Groningen' already has ROR https://ror.org/012p63287, no update needed.
2025-05-15 10:27:04 INFO Pure org 'University of Siena' already has ROR https://ror.org/01tevnk56, no update needed.
2025-05-15 10:27:04 INFO No match found for Pure org 'Erasmus University College' in OpenAlex organizations.
2025-05-15 10:27:04 INFO Pure org 'Sant'Anna School of Advanced Studies' already has ROR https://ror.org/025602r80, no update needed.
2025-05-15 10:27:04 INFO No match found for Pure org 'Maastricht University' in OpenAlex organizations.
2025-05-15 10:27:04 INFO No match found for Pure org 'Erasmus University College' in OpenAlex organizations.
2025-05-15 10:27:04 INFO Pure org 'Catholic University of the Sacred Heart' already has ROR https://ror.org/03h7r5v07, no update needed.
2025-05-15 10:27:04 INFO No match found for Pure org 'Sciences Po' in OpenAlex organizations.
2025-05-15 10:27:04 INFO Pure org 'Sant'Anna School of Advanced Studies' already has ROR https://ror.org/025602r80, no update needed.
2025-05-15 10:27:04 INFO No match found for Pure org 'Maastricht University' in OpenAlex organizations.
2025-05-15 10:27:04 INFO No match found for Pure org 'Erasmus University College' in OpenAlex organizations.
2025-05-15 10:27:04 INFO Pure org 'Catholic University of the Sacred Heart' already has ROR https://ror.org/03h7r5v07, no update needed.
2025-05-15 10:27:04 INFO No match found for Pure org 'Sciences Po' in OpenAlex organizations.
2025-05-15 10:27:04 INFO Pure org 'Sant'Anna School of Advanced Studies' already has ROR https://ror.org/025602r80, no update needed.
2025-05-15 10:27:04 INFO No match found for Pure org 'Erasmus University College' in OpenAlex organizations.
2025-05-15 10:27:04 INFO Pure org 'Sant'Anna School of Advanced Studies' already has ROR https://ror.org/025602r80, no update needed.
2025-05-15 10:27:04 INFO Will update ROR for Pure org 'Scuola Superiore sant'Anna' with ROR https://ror.org/025602r80
2025-05-15 10:27:04 INFO No match found for Pure org 'Erasmus University College' in OpenAlex organizations.
2025-05-15 10:27:04 INFO Pure org 'University of Siena' already has ROR https://ror.org/01tevnk56, no update needed.
2025-05-15 10:27:04 INFO Pure org 'University of Antwerp' already has ROR https://ror.org/008x57b05, no update needed.
2025-05-15 10:27:04 INFO Pure org 'University of Antwerp' already has ROR https://ror.org/008x57b05, no update needed.
2025-05-15 10:27:04 INFO Pure org 'University of Antwerp' already has ROR https://ror.org/008x57b05, no update needed.
2025-05-15 10:27:04 INFO No match found for Pure org 'University of Antwerp' in OpenAlex organizations.
2025-05-15 10:27:04 INFO Pure org 'University of Antwerp' already has ROR https://ror.org/008x57b05, no update needed.
2025-05-15 10:27:04 INFO Processed 175 batch
2025-05-15 10:27:04 INFO Pure org 'KU Leuven' already has ROR https://ror.org/05f950310, no update needed.
2025-05-15 10:27:04 INFO No match found for Pure org 'Asian Development Bank' in OpenAlex organizations.
2025-05-15 10:27:04 INFO Pure org 'University of Oxford' already has ROR https://ror.org/052gg0110, no update needed.
2025-05-15 10:27:04 INFO Pure org 'University of Groningen' already has ROR https://ror.org/012p63287, no update needed.
2025-05-15 10:27:04 INFO No match found for Pure org 'Asian Development Bank' in OpenAlex organizations.
2025-05-15 10:27:04 INFO Pure org 'University of Oxford' already has ROR https://ror.org/052gg0110, no update needed.
2025-05-15 10:27:04 INFO Pure org 'University of Groningen' already has ROR https://ror.org/012p63287, no update needed.
2025-05-15 10:27:04 INFO Pure org 'United Nations University World Institute for Development Economics Research' already has ROR https://ror.org/015y1mx47, no update needed.
2025-05-15 10:27:04 INFO Pure org 'University of Groningen' already has ROR https://ror.org/012p63287, no update needed.
2025-05-15 10:27:04 INFO No match found for Pure org 'Erasmus University Rotterdam' in OpenAlex organizations.
2025-05-15 10:27:04 INFO Pure org 'University of Alicante' already has ROR https://ror.org/05t8bcz72, no update needed.
2025-05-15 10:27:04 INFO Pure org 'Tilburg University' already has ROR https://ror.org/04b8v1s79, no update needed.
2025-05-15 10:27:04 INFO No match found for Pure org 'Australian National University' in OpenAlex organizations.
2025-05-15 10:27:04 INFO Pure org 'Erasmus University Rotterdam' already has ROR https://ror.org/057w15z03, no update needed.
2025-05-15 10:27:04 INFO No match found for Pure org 'Netherlands Bureau for Economic Policy Analysis (CPB)' in OpenAlex organizations.
2025-05-15 10:27:04 INFO Pure org 'Tilburg University' already has ROR https://ror.org/04b8v1s79, no update needed.
2025-05-15 10:27:04 INFO Pure org 'Ghent University' already has ROR https://ror.org/00cv9y106, no update needed.
2025-05-15 10:27:04 INFO Pure org 'Loughborough University' already has ROR https://ror.org/04vg4w365, no update needed.
2025-05-15 10:27:04 INFO Pure org 'University of Lausanne' already has ROR https://ror.org/019whta54, no update needed.
2025-05-15 10:27:04 INFO No match found for Pure org 'University of Oregon' in OpenAlex organizations.
2025-05-15 10:27:04 INFO No match found for Pure org 'University Southern Indiana' in OpenAlex organizations.
2025-05-15 10:27:04 INFO Pure org 'University of Oregon' already has ROR https://ror.org/0293rh119, no update needed.
2025-05-15 10:27:04 INFO Will update ROR for Pure org 'SUNY Oswego' with ROR https://ror.org/01597g643
2025-05-15 10:27:04 INFO No match found for Pure org 'University Southern Indiana' in OpenAlex organizations.
2025-05-15 10:27:04 INFO Will update ROR for Pure org 'SUNY Oswego' with ROR https://ror.org/01597g643
2025-05-15 10:27:04 INFO No match found for Pure org 'University of Oregon' in OpenAlex organizations.
2025-05-15 10:27:04 INFO Pure org 'University of Washington' already has ROR https://ror.org/00cvxb145, no update needed.
2025-05-15 10:27:04 INFO No match found for Pure org 'University of Sheffield' in OpenAlex organizations.
2025-05-15 10:27:04 INFO Pure org 'University of Oregon' already has ROR https://ror.org/0293rh119, no update needed.
2025-05-15 10:27:04 INFO Pure org 'University of Washington' already has ROR https://ror.org/00cvxb145, no update needed.
2025-05-15 10:27:04 INFO Pure org 'University of Sheffield' already has ROR https://ror.org/05krs5044, no update needed.
2025-05-15 10:27:04 INFO Pure org 'University of Oregon' already has ROR https://ror.org/0293rh119, no update needed.
2025-05-15 10:27:04 INFO Pure org 'University of Oregon' already has ROR https://ror.org/0293rh119, no update needed.
2025-05-15 10:27:04 INFO Pure org 'University of Washington' already has ROR https://ror.org/00cvxb145, no update needed.
2025-05-15 10:27:04 INFO Pure org 'University of Washington' already has ROR https://ror.org/00cvxb145, no update needed.
2025-05-15 10:27:04 INFO Pure org 'University of Washington' already has ROR https://ror.org/00cvxb145, no update needed.
2025-05-15 10:27:04 INFO Pure org 'University of Kentucky' already has ROR https://ror.org/02k3smh20, no update needed.
2025-05-15 10:27:04 INFO Pure org 'Erasmus University Rotterdam' already has ROR https://ror.org/057w15z03, no update needed.
2025-05-15 10:27:04 INFO No match found for Pure org 'Erasmus University Rotterdam' in OpenAlex organizations.
2025-05-15 10:27:04 INFO Processed 200 batch
2025-05-15 10:27:04 INFO Pure org 'Erasmus University Rotterdam' already has ROR https://ror.org/057w15z03, no update needed.
2025-05-15 10:27:04 INFO No match found for Pure org 'Erasmus University Rotterdam' in OpenAlex organizations.
2025-05-15 10:27:04 INFO No match found for Pure org 'Erasmus University Rotterdam' in OpenAlex organizations.
2025-05-15 10:27:04 INFO No match found for Pure org 'University of Antwerp' in OpenAlex organizations.
2025-05-15 10:27:04 INFO No match found for Pure org 'Erasmus University Rotterdam' in OpenAlex organizations.
2025-05-15 10:27:04 INFO Pure org 'Erasmus University Rotterdam' already has ROR https://ror.org/057w15z03, no update needed.
2025-05-15 10:27:04 INFO No match found for Pure org 'extern' in OpenAlex organizations.
2025-05-15 10:27:04 INFO No match found for Pure org 'W.H.J. Mulier Institute. Centre for Research on Sports in Society' in OpenAlex organizations.
2025-05-15 10:27:04 INFO Pure org 'Erasmus University Rotterdam' already has ROR https://ror.org/057w15z03, no update needed.
2025-05-15 10:27:04 INFO No match found for Pure org 'W.J.H. Mulier Instituut – Centrum voor sociaal-wetenschappelijk sportonderzoek' in OpenAlex organizations.
2025-05-15 10:27:04 INFO No match found for Pure org 'University of Warwick' in OpenAlex organizations.
2025-05-15 10:27:04 INFO Will update ROR for Pure org 'Cardiff University' with ROR https://ror.org/03kk7td41
2025-05-15 10:27:04 INFO Pure org 'Hasselt University' already has ROR https://ror.org/04nbhqj75, no update needed.
2025-05-15 10:27:04 INFO Pure org 'University of Antwerp' already has ROR https://ror.org/008x57b05, no update needed.
2025-05-15 10:27:04 INFO Pure org 'Erasmus University Rotterdam' already has ROR https://ror.org/057w15z03, no update needed.
2025-05-15 10:27:04 INFO Pure org 'Roskilde University' already has ROR https://ror.org/014axpa37, no update needed.
2025-05-15 10:27:04 INFO Will update ROR for Pure org 'Tallinn University of Technology' with ROR https://ror.org/0443cwa12
2025-05-15 10:27:05 INFO No match found for Pure org 'extern' in OpenAlex organizations.
2025-05-15 10:27:05 INFO No match found for Pure org 'extern' in OpenAlex organizations.
2025-05-15 10:27:05 INFO Pure org 'University of Groningen' already has ROR https://ror.org/012p63287, no update needed.
2025-05-15 10:27:05 INFO No match found for Pure org 'University of Groningen' in OpenAlex organizations.
2025-05-15 10:27:05 INFO Processed 225 batch
2025-05-15 10:27:05 INFO No match found for Pure org 'extern' in OpenAlex organizations.
2025-05-15 10:27:05 INFO Pure org 'Maastricht University' already has ROR https://ror.org/02jz4aj89, no update needed.
2025-05-15 10:27:05 INFO Pure org 'Maastricht University' already has ROR https://ror.org/02jz4aj89, no update needed.
2025-05-15 10:27:05 INFO Pure org 'University of York' already has ROR https://ror.org/04m01e293, no update needed.
2025-05-15 10:27:05 INFO Pure org 'Maastricht University' already has ROR https://ror.org/02jz4aj89, no update needed.
2025-05-15 10:27:05 INFO Pure org 'Erasmus University Rotterdam' already has ROR https://ror.org/057w15z03, no update needed.
2025-05-15 10:27:05 INFO Pure org 'Erasmus University Rotterdam' already has ROR https://ror.org/057w15z03, no update needed.
2025-05-15 10:27:05 INFO Pure org 'Norwegian School of Economics' already has ROR https://ror.org/04v53s997, no update needed.
2025-05-15 10:27:05 INFO Will update ROR for Pure org 'VATT Institute for Economic Research' with ROR https://ror.org/017qjec28
2025-05-15 10:27:05 INFO Pure org 'Erasmus University Rotterdam' already has ROR https://ror.org/057w15z03, no update needed.
2025-05-15 10:27:05 INFO Pure org 'Technical University of Munich' already has ROR https://ror.org/02kkvpp62, no update needed.
2025-05-15 10:27:05 INFO No match found for Pure org 'PGGM N.V.' in OpenAlex organizations.
2025-05-15 10:27:05 INFO Processed 250 batch
2025-05-15 10:27:05 INFO No match found for Pure org 'OvidiuRO' in OpenAlex organizations.
2025-05-15 10:27:05 INFO No match found for Pure org 'The Alex Fund' in OpenAlex organizations.
2025-05-15 10:27:05 INFO Pure org 'Vrije Universiteit Amsterdam' already has ROR https://ror.org/008xxew50, no update needed.
2025-05-15 10:27:05 INFO Pure org 'University of Oxford' already has ROR https://ror.org/052gg0110, no update needed.
2025-05-15 10:27:05 INFO Pure org 'University of Zurich' already has ROR https://ror.org/02crff812, no update needed.
2025-05-15 10:27:05 INFO Pure org 'University of Freiburg' already has ROR https://ror.org/0245cg223, no update needed.
2025-05-15 10:27:05 INFO Pure org 'University of Hamburg' already has ROR https://ror.org/00g30e956, no update needed.
2025-05-15 10:27:05 INFO Pure org 'University of Oxford' already has ROR https://ror.org/052gg0110, no update needed.
2025-05-15 10:27:05 INFO Pure org 'Vrije Universiteit Amsterdam' already has ROR https://ror.org/008xxew50, no update needed.
2025-05-15 10:27:05 INFO No match found for Pure org 'Utrecht University, The Netherlands; Vrije Universiteit, The Netherlands' in OpenAlex organizations.
2025-05-15 10:27:05 INFO Pure org 'Tilburg University' already has ROR https://ror.org/04b8v1s79, no update needed.
2025-05-15 10:27:05 INFO Pure org 'Tilburg University' already has ROR https://ror.org/04b8v1s79, no update needed.
2025-05-15 10:27:05 INFO No match found for Pure org 'Department of Physiology, Anatomy and Genetics, University of Oxford, Oxford, UK; Institute of Technology, University of Tartu, Tartu, Estonia.' in OpenAlex organizations.
2025-05-15 10:27:05 INFO No match found for Pure org 'redactie van Journal of Conflict and Security Law' in OpenAlex organizations.
2025-05-15 10:27:05 INFO No match found for Pure org 'University of Freiburg' in OpenAlex organizations.
2025-05-15 10:27:05 INFO Pure org 'University of Zurich' already has ROR https://ror.org/02crff812, no update needed.
2025-05-15 10:27:05 INFO No match found for Pure org 'extern' in OpenAlex organizations.
2025-05-15 10:27:05 INFO No match found for Pure org 'University of Amsterdam, VU University Amsterdam' in OpenAlex organizations.
2025-05-15 10:27:05 INFO Pure org 'University of Hamburg' already has ROR https://ror.org/00g30e956, no update needed.
2025-05-15 10:27:05 INFO No match found for Pure org 'Aalto University' in OpenAlex organizations.
2025-05-15 10:27:05 INFO Pure org 'Tilburg University' already has ROR https://ror.org/04b8v1s79, no update needed.
2025-05-15 10:27:05 INFO No match found for Pure org 'University of Minnesota Twin Cities' in OpenAlex organizations.
2025-05-15 10:27:05 INFO No match found for Pure org 'Mercator Research Institute on Global Commons and Climate Change' in OpenAlex organizations.
2025-05-15 10:27:05 INFO Will update ROR for Pure org 'Tropical Agricultural Research and Higher Education Center' with ROR https://ror.org/05tkvpg69
2025-05-15 10:27:05 INFO No match found for Pure org 'Technical University of Berlin' in OpenAlex organizations.
2025-05-15 10:27:05 INFO Pure org 'Chalmers University of Technology' already has ROR https://ror.org/040wg7k59, no update needed.
2025-05-15 10:27:05 INFO Pure org 'University of Gothenburg' already has ROR https://ror.org/01tm6cn81, no update needed.
2025-05-15 10:27:05 INFO Pure org 'Colorado State University' already has ROR https://ror.org/03k1gpj17, no update needed.
2025-05-15 10:27:05 INFO Will update ROR for Pure org 'Royal Swedish Academy of Sciences' with ROR https://ror.org/00j62qv07
2025-05-15 10:27:05 INFO Will update ROR for Pure org 'Universidad de Talca' with ROR https://ror.org/01s4gpq44
2025-05-15 10:27:05 INFO No match found for Pure org 'University of California at Davis' in OpenAlex organizations.
2025-05-15 10:27:05 INFO No match found for Pure org 'Australian National University' in OpenAlex organizations.
2025-05-15 10:27:05 INFO Pure org 'University of Exeter' already has ROR https://ror.org/03yghzc09, no update needed.
2025-05-15 10:27:05 INFO Pure org 'Lund University' already has ROR https://ror.org/012a77v79, no update needed.
2025-05-15 10:27:05 INFO Pure org 'University of Hamburg' already has ROR https://ror.org/00g30e956, no update needed.
2025-05-15 10:27:05 INFO Will update ROR for Pure org 'Potsdam Institute for Climate Impact Research' with ROR https://ror.org/03e8s1d88
2025-05-15 10:27:05 INFO Pure org 'Stockholm University' already has ROR https://ror.org/05f0yaq80, no update needed.
2025-05-15 10:27:05 INFO Will update ROR for Pure org 'University of Gothenburg' with ROR https://ror.org/01tm6cn81
2025-05-15 10:27:05 INFO No match found for Pure org 'Leibniz Centre for European Economic Research in Mannheim' in OpenAlex organizations.
2025-05-15 10:27:05 INFO Pure org 'Harvard University' already has ROR https://ror.org/03vek6s52, no update needed.
2025-05-15 10:27:05 INFO No match found for Pure org 'Resources for Future Incorporated' in OpenAlex organizations.
2025-05-15 10:27:06 INFO No match found for Pure org 'Potsdam Institute for Climate Impact Research (PIK' in OpenAlex organizations.
2025-05-15 10:27:06 INFO No match found for Pure org 'Université de Toulouse' in OpenAlex organizations.
2025-05-15 10:27:06 INFO Pure org 'University of Oxford' already has ROR https://ror.org/052gg0110, no update needed.
2025-05-15 10:27:06 INFO No match found for Pure org 'European Commission Joint Research Centre' in OpenAlex organizations.
2025-05-15 10:27:06 INFO Pure org 'TU Berlin' already has ROR https://ror.org/03v4gjf40, no update needed.
2025-05-15 10:27:06 INFO No match found for Pure org 'Netherlands Organization for Applied Scientific Research (TNO)' in OpenAlex organizations.
2025-05-15 10:27:06 INFO Pure org 'Universidad del Rosario' already has ROR https://ror.org/0108mwc04, no update needed.
2025-05-15 10:27:06 INFO Pure org 'Tilburg University' already has ROR https://ror.org/04b8v1s79, no update needed.
2025-05-15 10:27:06 INFO Pure org 'TU Berlin' already has ROR https://ror.org/03v4gjf40, no update needed.
2025-05-15 10:27:06 INFO No match found for Pure org 'European Commission Joint Research Centre' in OpenAlex organizations.
2025-05-15 10:27:06 INFO Pure org 'University of Oxford' already has ROR https://ror.org/052gg0110, no update needed.
2025-05-15 10:27:06 INFO Processed 275 batch
2025-05-15 10:27:06 INFO Pure org 'University of Helsinki' already has ROR https://ror.org/040af2s02, no update needed.
2025-05-15 10:27:06 INFO Pure org 'Delft University of Technology' already has ROR https://ror.org/02e2c7k09, no update needed.
2025-05-15 10:27:06 INFO Pure org 'Delft University of Technology' already has ROR https://ror.org/02e2c7k09, no update needed.
2025-05-15 10:27:06 INFO Pure org 'University of Trento' already has ROR https://ror.org/05trd4x28, no update needed.
2025-05-15 10:27:06 INFO Pure org 'University College Cork' already has ROR https://ror.org/03265fv13, no update needed.
2025-05-15 10:27:06 INFO No match found for Pure org 'University of Rome La Sapienza' in OpenAlex organizations.
2025-05-15 10:27:06 INFO Pure org 'Delft University of Technology' already has ROR https://ror.org/02e2c7k09, no update needed.
2025-05-15 10:27:06 INFO Pure org 'University of Twente' already has ROR https://ror.org/006hf6230, no update needed.
2025-05-15 10:27:06 INFO No match found for Pure org 'Northeastern University China' in OpenAlex organizations.
2025-05-15 10:27:06 INFO No match found for Pure org 'Department of Intelligent Systems, Faculty of Electrical Engineering, Mathematics & Computer Science, Delft University of Technology, Delft, Netherlands' in OpenAlex organizations.
2025-05-15 10:27:06 INFO Pure org 'Delft University of Technology' already has ROR https://ror.org/02e2c7k09, no update needed.
2025-05-15 10:27:06 INFO No match found for Pure org 'Department of Intelligent Systems, Faculty of Electrical Engineering, Mathematics & Computer Science, Delft University of Technology, Delft, Netherlands' in OpenAlex organizations.
2025-05-15 10:27:06 INFO No match found for Pure org 'Northeastern University China' in OpenAlex organizations.
2025-05-15 10:27:06 INFO Pure org 'Delft University of Technology' already has ROR https://ror.org/02e2c7k09, no update needed.
2025-05-15 10:27:06 INFO Pure org 'Pompeu Fabra University' already has ROR https://ror.org/04n0g0b29, no update needed.
2025-05-15 10:27:06 INFO Will update ROR for Pure org 'Université Paul-Valéry Montpellier III' with ROR https://ror.org/00qhdy563
2025-05-15 10:27:06 INFO Pure org 'Abu Dhabi University' already has ROR https://ror.org/01r3kjq03, no update needed.
2025-05-15 10:27:06 INFO Will update ROR for Pure org 'Lappeenranta University of Technology' with ROR https://ror.org/0208vgz68
2025-05-15 10:27:06 INFO Will update ROR for Pure org 'Université Paul-Valéry Montpellier III' with ROR https://ror.org/00qhdy563
2025-05-15 10:27:06 INFO Pure org 'Abu Dhabi University' already has ROR https://ror.org/01r3kjq03, no update needed.
2025-05-15 10:27:06 INFO Pure org 'Pompeu Fabra University' already has ROR https://ror.org/04n0g0b29, no update needed.
2025-05-15 10:27:06 INFO No match found for Pure org 'University of Manchester' in OpenAlex organizations.
2025-05-15 10:27:06 INFO Pure org 'Abu Dhabi University' already has ROR https://ror.org/01r3kjq03, no update needed.
2025-05-15 10:27:06 INFO Pure org 'Pompeu Fabra University' already has ROR https://ror.org/04n0g0b29, no update needed.
2025-05-15 10:27:06 INFO Pure org 'Abu Dhabi University' already has ROR https://ror.org/01r3kjq03, no update needed.
2025-05-15 10:27:06 INFO Pure org 'Abu Dhabi University' already has ROR https://ror.org/01r3kjq03, no update needed.
2025-05-15 10:27:06 INFO No match found for Pure org 'Van der Hoeven Kliniek' in OpenAlex organizations.
2025-05-15 10:27:06 INFO No match found for Pure org 'Van der Hoeven Kliniek' in OpenAlex organizations.
2025-05-15 10:27:06 INFO No match found for Pure org 'Van der Hoeven Kliniek' in OpenAlex organizations.
2025-05-15 10:27:06 INFO No match found for Pure org 'Van der Hoeven Kliniek' in OpenAlex organizations.
2025-05-15 10:27:06 INFO Processed 300 batch
2025-05-15 10:27:06 INFO No match found for Pure org 'Van der Hoeven Kliniek' in OpenAlex organizations.
2025-05-15 10:27:06 INFO No match found for Pure org 'Van der Hoeven Kliniek' in OpenAlex organizations.
2025-05-15 10:27:06 INFO Pure org 'Tilburg University' already has ROR https://ror.org/04b8v1s79, no update needed.
2025-05-15 10:27:06 INFO No match found for Pure org 'Ius Commune Research School' in OpenAlex organizations.
2025-05-15 10:27:06 INFO Will update ROR for Pure org 'Heidelberg University ' with ROR https://ror.org/038t36y30
2025-05-15 10:27:06 INFO Will update ROR for Pure org 'Heidelberg University ' with ROR https://ror.org/038t36y30
2025-05-15 10:27:06 INFO Pure org 'Tilburg University' already has ROR https://ror.org/04b8v1s79, no update needed.
2025-05-15 10:27:06 INFO Will update ROR for Pure org 'Heidelberg University ' with ROR https://ror.org/038t36y30
2025-05-15 10:27:06 INFO Pure org 'Tilburg University' already has ROR https://ror.org/04b8v1s79, no update needed.
2025-05-15 10:27:06 INFO No match found for Pure org 'European Commission Joint Research Centre' in OpenAlex organizations.
2025-05-15 10:27:06 INFO No match found for Pure org 'Vienna University of Economics and Business Administration' in OpenAlex organizations.
2025-05-15 10:27:06 INFO No match found for Pure org 'University of Texas System' in OpenAlex organizations.
2025-05-15 10:27:06 INFO No match found for Pure org 'Universite Cote d'Azur' in OpenAlex organizations.
2025-05-15 10:27:06 INFO Pure org 'University of New South Wales' already has ROR https://ror.org/03r8z3t63, no update needed.
2025-05-15 10:27:06 INFO No match found for Pure org 'Masaryk University, RECETOX - Research Centre for Toxic Compounds in the Environment, Faculty of Science, Kamenice 753/5, 625 00 Brno.' in OpenAlex organizations.
2025-05-15 10:27:06 INFO Processed 325 batch
2025-05-15 10:27:06 INFO No match found for Pure org 'RENFORCE' in OpenAlex organizations.
2025-05-15 10:27:06 INFO Pure org 'Northwestern University' already has ROR https://ror.org/000e0be47, no update needed.
2025-05-15 10:27:06 INFO No match found for Pure org 'extern' in OpenAlex organizations.
2025-05-15 10:27:06 INFO Pure org 'University of Luxembourg' already has ROR https://ror.org/036x5ad56, no update needed.
2025-05-15 10:27:06 INFO No match found for Pure org 'Cities of Refuge' in OpenAlex organizations.
2025-05-15 10:27:06 INFO No match found for Pure org 'Kenniscentrum Sociale Innovatie, Hogeschool Utrecht ' in OpenAlex organizations.
2025-05-15 10:27:06 INFO No match found for Pure org 'Cities of Refuge' in OpenAlex organizations.
2025-05-15 10:27:06 INFO No match found for Pure org 'The Hague University of Applied Sciences' in OpenAlex organizations.
2025-05-15 10:27:06 INFO No match found for Pure org 'Cities of Refuge' in OpenAlex organizations.
2025-05-15 10:27:06 INFO No match found for Pure org 'The Netherlands Institute of Human Rights (SIM)' in OpenAlex organizations.
2025-05-15 10:27:06 INFO No match found for Pure org 'Cities of Refuge' in OpenAlex organizations.
2025-05-15 10:27:06 INFO Processed 350 batch
2025-05-15 10:27:06 INFO No match found for Pure org 'Cities of Refuge' in OpenAlex organizations.
2025-05-15 10:27:06 INFO Pure org 'Vrije Universiteit Brussel' already has ROR https://ror.org/006e5kg04, no update needed.
2025-05-15 10:27:06 INFO Pure org 'BI Norwegian Business School' already has ROR https://ror.org/03ez40v33, no update needed.
2025-05-15 10:27:06 INFO Pure org 'BI Norwegian Business School' already has ROR https://ror.org/03ez40v33, no update needed.
2025-05-15 10:27:06 INFO Pure org 'KU Leuven' already has ROR https://ror.org/05f950310, no update needed.
2025-05-15 10:27:06 INFO Pure org 'KU Leuven' already has ROR https://ror.org/05f950310, no update needed.
2025-05-15 10:27:06 INFO Pure org 'KU Leuven' already has ROR https://ror.org/05f950310, no update needed.
2025-05-15 10:27:06 INFO Pure org 'Macquarie University' already has ROR https://ror.org/01sf06y89, no update needed.
2025-05-15 10:27:06 INFO No match found for Pure org 'Macquarie University' in OpenAlex organizations.
2025-05-15 10:27:06 INFO Will update ROR for Pure org 'Institute for Employment Research' with ROR https://ror.org/02qcqwf93
2025-05-15 10:27:06 INFO No match found for Pure org 'University of Erlangen-Nuremberg' in OpenAlex organizations.
2025-05-15 10:27:07 INFO Will update ROR for Pure org 'University of Erlangen-Nuremberg' with ROR https://ror.org/00f7hpc57
2025-05-15 10:27:07 INFO No match found for Pure org 'IAB - Institute for Employment Research' in OpenAlex organizations.
2025-05-15 10:27:07 INFO Will update ROR for Pure org 'Institute for Employment Research' with ROR https://ror.org/02qcqwf93
2025-05-15 10:27:07 INFO No match found for Pure org 'FAU - Friedrich-Alexander Universität Erlangen-Nürnberg' in OpenAlex organizations.
2025-05-15 10:27:07 INFO No match found for Pure org 'IZA Institute of Labor Economics' in OpenAlex organizations.
2025-05-15 10:27:07 INFO No match found for Pure org 'Kings College London, University of London' in OpenAlex organizations.
2025-05-15 10:27:07 INFO Pure org 'University of San Diego' already has ROR https://ror.org/03jbbze48, no update needed.
2025-05-15 10:27:07 INFO No match found for Pure org 'Loyola University' in OpenAlex organizations.
2025-05-15 10:27:07 INFO Will update ROR for Pure org 'Antwerp Management School' with ROR https://ror.org/00hm4a331
2025-05-15 10:27:07 INFO Pure org 'Vrije Universiteit Amsterdam' already has ROR https://ror.org/008xxew50, no update needed.
2025-05-15 10:27:07 INFO Pure org 'Vrije Universiteit Amsterdam' already has ROR https://ror.org/008xxew50, no update needed.
2025-05-15 10:27:07 INFO Pure org 'Ghent University' already has ROR https://ror.org/00cv9y106, no update needed.
2025-05-15 10:27:07 INFO No match found for Pure org 'Erasmus School of Social and Behavioural Sciences' in OpenAlex organizations.
2025-05-15 10:27:07 INFO Pure org 'University of Antwerp' already has ROR https://ror.org/008x57b05, no update needed.
2025-05-15 10:27:07 INFO Pure org 'Vrije Universiteit Amsterdam' already has ROR https://ror.org/008xxew50, no update needed.
2025-05-15 10:27:07 INFO Pure org 'Erasmus University Rotterdam' already has ROR https://ror.org/057w15z03, no update needed.
2025-05-15 10:27:07 INFO Pure org 'Vrije Universiteit Amsterdam' already has ROR https://ror.org/008xxew50, no update needed.
2025-05-15 10:27:07 INFO Processed 375 batch
2025-05-15 10:27:07 INFO Pure org 'University of Antwerp' already has ROR https://ror.org/008x57b05, no update needed.
2025-05-15 10:27:07 INFO Pure org 'Donghua University' already has ROR https://ror.org/035psfh38, no update needed.
2025-05-15 10:27:07 INFO Pure org 'Zhejiang University' already has ROR https://ror.org/00a2xv884, no update needed.
2025-05-15 10:27:07 INFO Pure org 'Zhejiang University of Technology' already has ROR https://ror.org/02djqfd08, no update needed.
2025-05-15 10:27:07 INFO Will update ROR for Pure org 'Universidade Federal de Santa Catarina' with ROR https://ror.org/041akq887
2025-05-15 10:27:07 INFO Will update ROR for Pure org 'Universidade Federal de Alfenas' with ROR https://ror.org/034vpja60
2025-05-15 10:27:07 INFO Will update ROR for Pure org 'Universidade Federal de São Carlos' with ROR https://ror.org/00qdc6m37
2025-05-15 10:27:07 INFO Pure org 'Maastricht University' already has ROR https://ror.org/02jz4aj89, no update needed.
2025-05-15 10:27:07 INFO Pure org 'Maastricht University' already has ROR https://ror.org/02jz4aj89, no update needed.
2025-05-15 10:27:07 INFO Pure org 'Maastricht University' already has ROR https://ror.org/02jz4aj89, no update needed.
2025-05-15 10:27:07 INFO Pure org 'Maastricht University' already has ROR https://ror.org/02jz4aj89, no update needed.
2025-05-15 10:27:07 INFO Pure org 'Tilburg University' already has ROR https://ror.org/04b8v1s79, no update needed.
2025-05-15 10:27:07 INFO Pure org 'Maastricht University' already has ROR https://ror.org/02jz4aj89, no update needed.
2025-05-15 10:27:07 INFO Pure org 'Tilburg University' already has ROR https://ror.org/04b8v1s79, no update needed.
2025-05-15 10:27:07 INFO No match found for Pure org 'University of Zurich' in OpenAlex organizations.
2025-05-15 10:27:07 INFO No match found for Pure org 'Social Impact Capital' in OpenAlex organizations.
2025-05-15 10:27:07 INFO Pure org 'University of Oxford' already has ROR https://ror.org/052gg0110, no update needed.
2025-05-15 10:27:07 INFO Pure org 'University of Kassel' already has ROR https://ror.org/04zc7p361, no update needed.
2025-05-15 10:27:07 INFO Pure org 'University of Groningen' already has ROR https://ror.org/012p63287, no update needed.
2025-05-15 10:27:07 INFO Pure org 'Carleton University' already has ROR https://ror.org/02qtvee93, no update needed.
2025-05-15 10:27:07 INFO Pure org 'University of Waterloo' already has ROR https://ror.org/01aff2v68, no update needed.
2025-05-15 10:27:07 INFO Pure org 'University College Dublin' already has ROR https://ror.org/05m7pjf47, no update needed.
2025-05-15 10:27:07 INFO Pure org 'University of Geneva' already has ROR https://ror.org/01swzsf04, no update needed.
2025-05-15 10:27:07 INFO No match found for Pure org 'Universitat Hamburg' in OpenAlex organizations.
2025-05-15 10:27:07 INFO Pure org 'Maastricht University' already has ROR https://ror.org/02jz4aj89, no update needed.
2025-05-15 10:27:07 INFO Will update ROR for Pure org 'University of California at Los Angeles' with ROR https://ror.org/046rm7j60
2025-05-15 10:27:08 INFO Pure org 'Maastricht University' already has ROR https://ror.org/02jz4aj89, no update needed.
2025-05-15 10:27:08 INFO No match found for Pure org 'Nederlands Studiecentrum voor Criminaliteit en Rechtshandhaving (NSCR)' in OpenAlex organizations.
2025-05-15 10:27:08 INFO No match found for Pure org 'IZA Institute of Labor Economics' in OpenAlex organizations.
2025-05-15 10:27:08 INFO No match found for Pure org 'ROA' in OpenAlex organizations.
2025-05-15 10:27:08 INFO Pure org 'CPB Netherlands Bureau for Economic Policy Analysis' already has ROR https://ror.org/04rjxzd30, no update needed.
2025-05-15 10:27:08 INFO No match found for Pure org 'Ministry of Finance, Netherlands' in OpenAlex organizations.
2025-05-15 10:27:08 INFO No match found for Pure org 'Leiden University' in OpenAlex organizations.
2025-05-15 10:27:08 INFO Processed 400 batch
2025-05-15 10:27:08 INFO No match found for Pure org 'extern' in OpenAlex organizations.
2025-05-15 10:27:08 INFO Pure org 'Tilburg University' already has ROR https://ror.org/04b8v1s79, no update needed.
2025-05-15 10:27:08 INFO No match found for Pure org 'extern' in OpenAlex organizations.
2025-05-15 10:27:08 INFO Pure org 'Tilburg University' already has ROR https://ror.org/04b8v1s79, no update needed.
2025-05-15 10:27:08 INFO No match found for Pure org 'extern' in OpenAlex organizations.
2025-05-15 10:27:08 INFO No match found for Pure org 'Tilburg University' in OpenAlex organizations.
2025-05-15 10:27:08 INFO Will update ROR for Pure org 'Beijing Jiaotong University' with ROR https://ror.org/01yj56c84
2025-05-15 10:27:08 INFO Will update ROR for Pure org 'Anhui University' with ROR https://ror.org/05th6yx34
2025-05-15 10:27:08 INFO Will update ROR for Pure org 'Hong Kong University of Science and Technology' with ROR https://ror.org/00q4vv597
2025-05-15 10:27:08 INFO Pure org 'Beijing Institute of Petrochemical Technology' already has ROR https://ror.org/025s55q11, no update needed.
2025-05-15 10:27:08 INFO Pure org 'Shanghai Business School' already has ROR https://ror.org/05kf5z787, no update needed.
2025-05-15 10:27:08 INFO No match found for Pure org 'Xi'an Jiaotong-Liverpool University' in OpenAlex organizations.
2025-05-15 10:27:08 INFO Pure org 'Guangdong University of Foreign Studies' already has ROR https://ror.org/00fhc9y79, no update needed.
2025-05-15 10:27:08 INFO Pure org 'Shanghai Business School' already has ROR https://ror.org/05kf5z787, no update needed.
2025-05-15 10:27:08 INFO No match found for Pure org 'extern' in OpenAlex organizations.
2025-05-15 10:27:08 INFO Will update ROR for Pure org 'Yuan Ze University' with ROR https://ror.org/01fv1ds98
2025-05-15 10:27:08 INFO No match found for Pure org 'Shanghai University' in OpenAlex organizations.
2025-05-15 10:27:08 INFO Pure org 'Tilburg University' already has ROR https://ror.org/04b8v1s79, no update needed.
2025-05-15 10:27:08 INFO Pure org 'Shanghai Business School' already has ROR https://ror.org/05kf5z787, no update needed.
2025-05-15 10:27:08 INFO No match found for Pure org 'Shanghai University' in OpenAlex organizations.
2025-05-15 10:27:08 INFO Pure org 'Tilburg University' already has ROR https://ror.org/04b8v1s79, no update needed.
2025-05-15 10:27:08 INFO Pure org 'East China Normal University' already has ROR https://ror.org/02n96ep67, no update needed.
2025-05-15 10:27:08 INFO Pure org 'Shanghai University of Finance and Economics' already has ROR https://ror.org/00wtvfq62, no update needed.
2025-05-15 10:27:08 INFO Processed 425 batch
2025-05-15 10:27:08 INFO No match found for Pure org 'Tilburg University' in OpenAlex organizations.
2025-05-15 10:27:08 INFO Pure org 'Shanghai Business School' already has ROR https://ror.org/05kf5z787, no update needed.
2025-05-15 10:27:08 INFO No match found for Pure org 'Shanghai University' in OpenAlex organizations.
2025-05-15 10:27:08 INFO No match found for Pure org 'Zhejian Yuexiu University' in OpenAlex organizations.
2025-05-15 10:27:08 INFO Pure org 'Chung Yuan Christian University' already has ROR https://ror.org/02w8ws377, no update needed.
2025-05-15 10:27:08 INFO Pure org 'Shanghai Business School' already has ROR https://ror.org/05kf5z787, no update needed.
2025-05-15 10:27:08 INFO Pure org 'Fudan University' already has ROR https://ror.org/013q1eq08, no update needed.
2025-05-15 10:27:08 INFO No match found for Pure org 'Shanghai University' in OpenAlex organizations.
2025-05-15 10:27:08 INFO Pure org 'Shanghai University of Finance and Economics' already has ROR https://ror.org/00wtvfq62, no update needed.
2025-05-15 10:27:08 INFO Pure org 'East China Normal University' already has ROR https://ror.org/02n96ep67, no update needed.
2025-05-15 10:27:08 INFO Pure org 'Shanghai University of Finance and Economics' already has ROR https://ror.org/00wtvfq62, no update needed.
2025-05-15 10:27:08 INFO Will update ROR for Pure org 'Southwestern University of Finance and Economics' with ROR https://ror.org/04ewct822
2025-05-15 10:27:08 INFO Pure org 'Shanghai Business School' already has ROR https://ror.org/05kf5z787, no update needed.
2025-05-15 10:27:08 INFO Pure org 'National Chengchi University' already has ROR https://ror.org/03rqk8h36, no update needed.
2025-05-15 10:27:08 INFO Pure org 'Shanghai Business School' already has ROR https://ror.org/05kf5z787, no update needed.
2025-05-15 10:27:08 INFO Pure org 'Saxion University of Applied Sciences' already has ROR https://ror.org/005t9n460, no update needed.
2025-05-15 10:27:08 INFO Pure org 'Saxion University of Applied Sciences' already has ROR https://ror.org/005t9n460, no update needed.
2025-05-15 10:27:08 INFO Pure org 'Vrije Universiteit Amsterdam' already has ROR https://ror.org/008xxew50, no update needed.
2025-05-15 10:27:08 INFO Pure org 'Vrije Universiteit Amsterdam' already has ROR https://ror.org/008xxew50, no update needed.
2025-05-15 10:27:08 INFO Will update ROR for Pure org 'Netherlands Institute for the Study of Crime and Law Enforcement' with ROR https://ror.org/03124pm05
2025-05-15 10:27:08 INFO Pure org 'Vrije Universiteit Amsterdam' already has ROR https://ror.org/008xxew50, no update needed.
2025-05-15 10:27:09 INFO No match found for Pure org 'Judicial Complex Zaanstad, Dutch Custodial Institutions Agency, Ministry of Justice and Security, The Netherlands.' in OpenAlex organizations.
2025-05-15 10:27:09 INFO No match found for Pure org 'Department Criminal Law and Criminology, Vrije Universiteit Amsterdam, The Netherlands.' in OpenAlex organizations.
2025-05-15 10:27:09 INFO No match found for Pure org 'Department of Criminal Law and Criminology, Faculty of Law, Vrije Universiteit Amsterdam.' in OpenAlex organizations.
2025-05-15 10:27:09 INFO No match found for Pure org 'Department of Clinical, Neuro- and Developmental Psychology, Faculty of Behavioral and Movement Sciences, Vrije Universiteit Amsterdam' in OpenAlex organizations.
2025-05-15 10:27:09 INFO Pure org 'University of Groningen' already has ROR https://ror.org/012p63287, no update needed.
2025-05-15 10:27:09 INFO Pure org 'Copenhagen Business School' already has ROR https://ror.org/04sppb023, no update needed.
2025-05-15 10:27:09 INFO Pure org 'Arizona State University' already has ROR https://ror.org/03efmqc40, no update needed.
2025-05-15 10:27:09 INFO Pure org 'University of Amsterdam' already has ROR https://ror.org/04dkp9463, no update needed.
2025-05-15 10:27:09 INFO Processed 450 batch
2025-05-15 10:27:09 INFO Pure org 'University of Groningen' already has ROR https://ror.org/012p63287, no update needed.
2025-05-15 10:27:09 INFO Pure org 'University of Groningen' already has ROR https://ror.org/012p63287, no update needed.
2025-05-15 10:27:09 INFO Pure org 'University of Groningen' already has ROR https://ror.org/012p63287, no update needed.
2025-05-15 10:27:09 INFO No match found for Pure org 'CMIC-Politecnico di Milano' in OpenAlex organizations.
2025-05-15 10:27:09 INFO No match found for Pure org 'CMIC-Politecnico di Milano' in OpenAlex organizations.
2025-05-15 10:27:09 INFO No match found for Pure org 'CMIC-Politecnico di Milano' in OpenAlex organizations.
2025-05-15 10:27:09 INFO No match found for Pure org 'CMIC-Politecnico di Milano' in OpenAlex organizations.
2025-05-15 10:27:09 INFO No match found for Pure org 'CMIC-Politecnico di Milano' in OpenAlex organizations.
2025-05-15 10:27:09 INFO No match found for Pure org 'CMIC-Politecnico di Milano' in OpenAlex organizations.
2025-05-15 10:27:09 INFO No match found for Pure org 'CMIC-Politecnico di Milano' in OpenAlex organizations.
2025-05-15 10:27:09 INFO No match found for Pure org 'CMIC-Politecnico di Milano' in OpenAlex organizations.
2025-05-15 10:27:09 INFO No match found for Pure org 'UniversitàCattolica Del Sacro Cuore' in OpenAlex organizations.
2025-05-15 10:27:09 INFO No match found for Pure org 'UniversitàCattolica Del Sacro Cuore' in OpenAlex organizations.
2025-05-15 10:27:09 INFO Pure org 'University of Milan' already has ROR https://ror.org/00wjc7c48, no update needed.
2025-05-15 10:27:09 INFO No match found for Pure org 'University of Milan' in OpenAlex organizations.
2025-05-15 10:27:09 INFO No match found for Pure org 'University of Milan' in OpenAlex organizations.
2025-05-15 10:27:09 INFO Pure org 'University of Groningen' already has ROR https://ror.org/012p63287, no update needed.
2025-05-15 10:27:09 INFO Pure org 'EBS University of Business and Law' already has ROR https://ror.org/01js9jv94, no update needed.
2025-05-15 10:27:09 INFO Pure org 'EBS University of Business and Law' already has ROR https://ror.org/01js9jv94, no update needed.
2025-05-15 10:27:09 INFO Pure org 'Australian National University' already has ROR https://ror.org/019wvm592, no update needed.
2025-05-15 10:27:09 INFO Pure org 'University of Surrey' already has ROR https://ror.org/00ks66431, no update needed.
2025-05-15 10:27:09 INFO Pure org 'University of Hohenheim' already has ROR https://ror.org/00b1c9541, no update needed.
2025-05-15 10:27:09 INFO Pure org 'EBS University of Business and Law' already has ROR https://ror.org/01js9jv94, no update needed.
2025-05-15 10:27:09 INFO Processed 475 batch
2025-05-15 10:27:09 INFO Pure org 'EBS Universität für Wirtschaft und Recht' already has ROR https://ror.org/01js9jv94, no update needed.
2025-05-15 10:27:09 INFO Pure org 'Tilburg University' already has ROR https://ror.org/04b8v1s79, no update needed.
2025-05-15 10:27:09 INFO Pure org 'EBS University of Business and Law' already has ROR https://ror.org/01js9jv94, no update needed.
2025-05-15 10:27:09 INFO No match found for Pure org 'Aalto Business School' in OpenAlex organizations.
2025-05-15 10:27:09 INFO No match found for Pure org 'EBS Business School' in OpenAlex organizations.
2025-05-15 10:27:09 INFO Pure org 'Tilburg University' already has ROR https://ror.org/04b8v1s79, no update needed.
2025-05-15 10:27:09 INFO Pure org 'EBS University of Business and Law' already has ROR https://ror.org/01js9jv94, no update needed.
2025-05-15 10:27:09 INFO No match found for Pure org 'EBS University' in OpenAlex organizations.
2025-05-15 10:27:09 INFO Pure org 'Tilburg University' already has ROR https://ror.org/04b8v1s79, no update needed.
2025-05-15 10:27:09 INFO Pure org 'EBS University of Business and Law' already has ROR https://ror.org/01js9jv94, no update needed.
2025-05-15 10:27:09 INFO No match found for Pure org 'CNRS' in OpenAlex organizations.
2025-05-15 10:27:09 INFO Pure org 'EBS University of Business and Law' already has ROR https://ror.org/01js9jv94, no update needed.
2025-05-15 10:27:09 INFO Pure org 'Wageningen University & Research' already has ROR https://ror.org/04qw24q55, no update needed.
2025-05-15 10:27:09 INFO No match found for Pure org 'University of Applied Sciences Amsterdam' in OpenAlex organizations.
2025-05-15 10:27:09 INFO Pure org 'Wageningen University & Research' already has ROR https://ror.org/04qw24q55, no update needed.
2025-05-15 10:27:09 INFO Pure org 'University of Amsterdam' already has ROR https://ror.org/04dkp9463, no update needed.
2025-05-15 10:27:09 INFO Pure org 'KU Leuven' already has ROR https://ror.org/05f950310, no update needed.
2025-05-15 10:27:09 INFO No match found for Pure org 'North West University' in OpenAlex organizations.
2025-05-15 10:27:09 INFO No match found for Pure org 'extern' in OpenAlex organizations.
2025-05-15 10:27:09 INFO Pure org 'KU Leuven' already has ROR https://ror.org/05f950310, no update needed.
2025-05-15 10:27:09 INFO No match found for Pure org 'North West University' in OpenAlex organizations.
2025-05-15 10:27:09 INFO Pure org 'KU Leuven' already has ROR https://ror.org/05f950310, no update needed.
2025-05-15 10:27:09 INFO No match found for Pure org 'extern' in OpenAlex organizations.
2025-05-15 10:27:09 INFO Pure org 'KU Leuven' already has ROR https://ror.org/05f950310, no update needed.
2025-05-15 10:27:09 INFO No match found for Pure org 'extern' in OpenAlex organizations.
2025-05-15 10:27:09 INFO Pure org 'University Medical Center Utrecht' already has ROR https://ror.org/0575yy874, no update needed.
2025-05-15 10:27:09 INFO No match found for Pure org 'W.J.H. Mulier Instituut' in OpenAlex organizations.
2025-05-15 10:27:09 INFO Processed 500 batch
2025-05-15 10:27:09 INFO No match found for Pure org 'extern' in OpenAlex organizations.
2025-05-15 10:27:09 INFO No match found for Pure org 'Max Planck Institute Luxembourg for Procedural Law' in OpenAlex organizations.
2025-05-15 10:27:09 INFO No match found for Pure org 'extern' in OpenAlex organizations.
2025-05-15 10:27:09 INFO No match found for Pure org 'Max Planck Institute Luxembourg for Procedural Law' in OpenAlex organizations.
2025-05-15 10:27:09 INFO Pure org 'University of Bari' already has ROR https://ror.org/027ynra39, no update needed.
2025-05-15 10:27:09 INFO Pure org 'KU Leuven' already has ROR https://ror.org/05f950310, no update needed.
2025-05-15 10:27:09 INFO Pure org 'Leiden University' already has ROR https://ror.org/027bh9e22, no update needed.
2025-05-15 10:27:09 INFO Processed 525 batch
2025-05-15 10:27:09 INFO No match found for Pure org 'extern' in OpenAlex organizations.
2025-05-15 10:27:09 INFO No match found for Pure org 'Menzis Health Insurance' in OpenAlex organizations.
2025-05-15 10:27:09 INFO Pure org 'University of Twente' already has ROR https://ror.org/006hf6230, no update needed.
2025-05-15 10:27:09 INFO Pure org 'University of Twente' already has ROR https://ror.org/006hf6230, no update needed.
2025-05-15 10:27:09 INFO No match found for Pure org 'PPRC (Public Procurement Research Centre)' in OpenAlex organizations.
2025-05-15 10:27:09 INFO No match found for Pure org 'Centre for European Economic Research (ZEW)' in OpenAlex organizations.
2025-05-15 10:27:09 INFO Processed 550 batch
2025-05-15 10:27:09 INFO No match found for Pure org 'The Chinese University of Hong Kong' in OpenAlex organizations.
2025-05-15 10:27:09 INFO Pure org 'Lund University' already has ROR https://ror.org/012a77v79, no update needed.
2025-05-15 10:27:09 INFO Pure org 'Leiden University' already has ROR https://ror.org/027bh9e22, no update needed.
2025-05-15 10:27:09 INFO No match found for Pure org 'IZZ health insurer' in OpenAlex organizations.
2025-05-15 10:27:09 INFO Pure org 'Erasmus University Rotterdam' already has ROR https://ror.org/057w15z03, no update needed.
2025-05-15 10:27:09 INFO No match found for Pure org '&samhoud Consultancy' in OpenAlex organizations.
2025-05-15 10:27:09 INFO No match found for Pure org 'The London School of Economics and Political Science' in OpenAlex organizations.
2025-05-15 10:27:09 INFO Pure org 'Erasmus University Rotterdam' already has ROR https://ror.org/057w15z03, no update needed.
2025-05-15 10:27:09 INFO Pure org 'University of Twente' already has ROR https://ror.org/006hf6230, no update needed.
2025-05-15 10:27:09 INFO Pure org 'Windesheim University of Applied Sciences' already has ROR https://ror.org/04zmc0e16, no update needed.
2025-05-15 10:27:09 INFO No match found for Pure org 'extern' in OpenAlex organizations.
2025-05-15 10:27:09 INFO Processed 575 batch
2025-05-15 10:27:09 INFO Pure org 'Technische Universität Dresden' already has ROR https://ror.org/042aqky30, no update needed.
2025-05-15 10:27:09 INFO Pure org 'University of Bamberg' already has ROR https://ror.org/01c1w6d29, no update needed.
2025-05-15 10:27:09 INFO Pure org 'Technische Universität Dresden' already has ROR https://ror.org/042aqky30, no update needed.
2025-05-15 10:27:09 INFO Pure org 'Université Paris-Saclay' already has ROR https://ror.org/03xjwb503, no update needed.
2025-05-15 10:27:09 INFO Processed 600 batch
2025-05-15 10:27:09 INFO Pure org 'Technische Universität Dresden' already has ROR https://ror.org/042aqky30, no update needed.
2025-05-15 10:27:09 INFO No match found for Pure org 'Hamburg School of Business Administration (HSBA)' in OpenAlex organizations.
2025-05-15 10:27:09 INFO No match found for Pure org 'Universitat Hamburg' in OpenAlex organizations.
2025-05-15 10:27:09 INFO Pure org 'Erasmus University Rotterdam' already has ROR https://ror.org/057w15z03, no update needed.
2025-05-15 10:27:09 INFO Pure org 'Université Paris-Saclay' already has ROR https://ror.org/03xjwb503, no update needed.
2025-05-15 10:27:09 INFO No match found for Pure org 'Hamburg School of Business Administration (HSBA)' in OpenAlex organizations.
2025-05-15 10:27:09 INFO No match found for Pure org 'Universitat Hamburg' in OpenAlex organizations.
2025-05-15 10:27:09 INFO Will update ROR for Pure org 'IPAG Business School' with ROR https://ror.org/00w56r274
2025-05-15 10:27:09 INFO Will update ROR for Pure org 'Athens University of Economics and Business' with ROR https://ror.org/03s262162
2025-05-15 10:27:09 INFO Pure org 'Technische Universität Dresden' already has ROR https://ror.org/042aqky30, no update needed.
2025-05-15 10:27:09 INFO Pure org 'Technische Universität Dresden' already has ROR https://ror.org/042aqky30, no update needed.
2025-05-15 10:27:09 INFO Pure org 'Technische Universität Dresden' already has ROR https://ror.org/042aqky30, no update needed.
2025-05-15 10:27:09 INFO Pure org 'Technische Universität Dresden' already has ROR https://ror.org/042aqky30, no update needed.
2025-05-15 10:27:09 INFO No match found for Pure org 'University of St. Gallen' in OpenAlex organizations.
2025-05-15 10:27:09 INFO No match found for Pure org 'University of St. Gallen' in OpenAlex organizations.
2025-05-15 10:27:09 INFO No match found for Pure org 'extern' in OpenAlex organizations.
2025-05-15 10:27:09 INFO Pure org 'Technische Universität Dresden' already has ROR https://ror.org/042aqky30, no update needed.
2025-05-15 10:27:09 INFO No match found for Pure org 'Hamburg School of Business Administration (HSBA)' in OpenAlex organizations.
2025-05-15 10:27:09 INFO No match found for Pure org 'Universitat Hamburg' in OpenAlex organizations.
2025-05-15 10:27:09 INFO Pure org 'Vrije Universiteit Amsterdam' already has ROR https://ror.org/008xxew50, no update needed.
2025-05-15 10:27:09 INFO Pure org 'Vrije Universiteit Amsterdam' already has ROR https://ror.org/008xxew50, no update needed.
2025-05-15 10:27:09 INFO Processed 625 batch
2025-05-15 10:27:09 INFO Will update ROR for Pure org 'Insper' with ROR https://ror.org/02nmavx05
2025-05-15 10:27:09 INFO Pure org 'Western University' already has ROR https://ror.org/02grkyz14, no update needed.
2025-05-15 10:27:09 INFO Will update ROR for Pure org 'University of Aberdeen' with ROR https://ror.org/016476m91
2025-05-15 10:27:09 INFO Will update ROR for Pure org 'Qatar University' with ROR https://ror.org/00yhnba62
2025-05-15 10:27:09 INFO Will update ROR for Pure org 'University of New Orleans' with ROR https://ror.org/034mtvk83
2025-05-15 10:27:09 INFO Pure org 'Autonomous University of Barcelona' already has ROR https://ror.org/052g8jq94, no update needed.
2025-05-15 10:27:09 INFO Will update ROR for Pure org 'University of New Orleans' with ROR https://ror.org/034mtvk83
2025-05-15 10:27:09 INFO Pure org 'Autonomous University of Barcelona' already has ROR https://ror.org/052g8jq94, no update needed.
2025-05-15 10:27:10 INFO Pure org 'Vrije Universiteit Amsterdam' already has ROR https://ror.org/008xxew50, no update needed.
2025-05-15 10:27:10 INFO No match found for Pure org 'Jan Tinbergen College' in OpenAlex organizations.
2025-05-15 10:27:10 INFO Pure org 'Erasmus University Rotterdam' already has ROR https://ror.org/057w15z03, no update needed.
2025-05-15 10:27:10 INFO No match found for Pure org 'Vrije Universiteit Amsterdam' in OpenAlex organizations.
2025-05-15 10:27:10 INFO Pure org 'Massey University' already has ROR https://ror.org/052czxv31, no update needed.
2025-05-15 10:27:10 INFO Pure org 'Massey University' already has ROR https://ror.org/052czxv31, no update needed.
2025-05-15 10:27:10 INFO Pure org 'Massey University' already has ROR https://ror.org/052czxv31, no update needed.
2025-05-15 10:27:10 INFO No match found for Pure org 'Strategic Researcher' in OpenAlex organizations.
2025-05-15 10:27:10 INFO Will update ROR for Pure org 'Hanken School of Economics' with ROR https://ror.org/026086s92
2025-05-15 10:27:10 INFO Will update ROR for Pure org 'Royal Roads University' with ROR https://ror.org/05w4ste42
2025-05-15 10:27:10 INFO Pure org 'University of Birmingham' already has ROR https://ror.org/03angcq70, no update needed.
2025-05-15 10:27:10 INFO No match found for Pure org 'Instituto Tecnologico de Estudios Superiores de Monterrey' in OpenAlex organizations.
2025-05-15 10:27:10 INFO Will update ROR for Pure org 'Lahore University of Management Sciences' with ROR https://ror.org/05b5x4a35
2025-05-15 10:27:10 INFO No match found for Pure org 'UTS Business School' in OpenAlex organizations.
2025-05-15 10:27:10 INFO No match found for Pure org 'University of Warwick' in OpenAlex organizations.
2025-05-15 10:27:10 INFO No match found for Pure org 'Dokuz Eylul University' in OpenAlex organizations.
2025-05-15 10:27:10 INFO No match found for Pure org 'Galatasaray University' in OpenAlex organizations.
2025-05-15 10:27:10 INFO Pure org 'Monash University' already has ROR https://ror.org/02bfwt286, no update needed.
2025-05-15 10:27:10 INFO Processed 650 batch
2025-05-15 10:27:10 INFO Will update ROR for Pure org 'Linköping University' with ROR https://ror.org/05ynxx418
2025-05-15 10:27:10 INFO No match found for Pure org 'Mindoro State College of Agriculture and Technology' in OpenAlex organizations.
2025-05-15 10:27:10 INFO No match found for Pure org 'St. Paul University' in OpenAlex organizations.
2025-05-15 10:27:10 INFO No match found for Pure org 'University of Science and Technology of Southern Philippines' in OpenAlex organizations.
2025-05-15 10:27:10 INFO No match found for Pure org 'Mindoro State College of Agriculture and Technology' in OpenAlex organizations.
2025-05-15 10:27:10 INFO No match found for Pure org 'Mindoro State College of Agriculture and Technology' in OpenAlex organizations.
2025-05-15 10:27:10 INFO No match found for Pure org 'Holy Infant Academy' in OpenAlex organizations.
2025-05-15 10:27:10 INFO No match found for Pure org 'Universitat Politecnica de Catalunya' in OpenAlex organizations.
2025-05-15 10:27:10 INFO Will update ROR for Pure org 'Polytechnic University of Catalonia' with ROR https://ror.org/03mb6wj31
2025-05-15 10:27:10 INFO No match found for Pure org 'Universitat Politecnica de Catalunya' in OpenAlex organizations.
2025-05-15 10:27:10 INFO Will update ROR for Pure org 'University of Hull' with ROR https://ror.org/04nkhwh30
2025-05-15 10:27:10 INFO Pure org 'Erasmus University Rotterdam' already has ROR https://ror.org/057w15z03, no update needed.
2025-05-15 10:27:10 INFO Pure org 'Leiden University' already has ROR https://ror.org/027bh9e22, no update needed.
2025-05-15 10:27:10 INFO Pure org 'Erasmus University Rotterdam' already has ROR https://ror.org/057w15z03, no update needed.
2025-05-15 10:27:10 INFO Pure org 'Erasmus University Rotterdam' already has ROR https://ror.org/057w15z03, no update needed.
2025-05-15 10:27:10 INFO Processed 675 batch
2025-05-15 10:27:10 INFO No match found for Pure org 'extern' in OpenAlex organizations.
2025-05-15 10:27:10 INFO Pure org 'Vrije Universiteit Amsterdam' already has ROR https://ror.org/008xxew50, no update needed.
2025-05-15 10:27:10 INFO Pure org 'University Medical Center Utrecht' already has ROR https://ror.org/0575yy874, no update needed.
2025-05-15 10:27:10 INFO Pure org 'Utrecht University' already has ROR https://ror.org/04pp8hn57, no update needed.
2025-05-15 10:27:10 INFO No match found for Pure org 'External unknown' in OpenAlex organizations.
2025-05-15 10:27:10 INFO No match found for Pure org 'extern' in OpenAlex organizations.
2025-05-15 10:27:10 INFO Processed 700 batch
2025-05-15 10:27:10 INFO Pure org 'Utrecht University' already has ROR https://ror.org/04pp8hn57, no update needed.
2025-05-15 10:27:10 INFO No match found for Pure org 'extern' in OpenAlex organizations.
2025-05-15 10:27:10 INFO Pure org 'Utrecht University' already has ROR https://ror.org/04pp8hn57, no update needed.
2025-05-15 10:27:10 INFO No match found for Pure org 'Haarlem and Hoofddorp' in OpenAlex organizations.
2025-05-15 10:27:10 INFO No match found for Pure org 'extern' in OpenAlex organizations.
2025-05-15 10:27:10 INFO Pure org 'University Medical Center Utrecht' already has ROR https://ror.org/0575yy874, no update needed.
2025-05-15 10:27:10 INFO No match found for Pure org 'Utrecht University and UMC Utrecht' in OpenAlex organizations.
2025-05-15 10:27:10 INFO Pure org 'University of Amsterdam' already has ROR https://ror.org/04dkp9463, no update needed.
2025-05-15 10:27:10 INFO Pure org 'KU Leuven' already has ROR https://ror.org/05f950310, no update needed.
2025-05-15 10:27:10 INFO Pure org 'KU Leuven' already has ROR https://ror.org/05f950310, no update needed.
2025-05-15 10:27:10 INFO Will update ROR for Pure org 'German Sport University Cologne' with ROR https://ror.org/0189raq88
2025-05-15 10:27:10 INFO No match found for Pure org 'Danish Institute for Sports Studies/Play the Game' in OpenAlex organizations.
2025-05-15 10:27:10 INFO Will update ROR for Pure org 'Malmö University' with ROR https://ror.org/05wp7an13
2025-05-15 10:27:10 INFO Pure org 'KU Leuven' already has ROR https://ror.org/05f950310, no update needed.
2025-05-15 10:27:11 INFO Pure org 'KU Leuven' already has ROR https://ror.org/05f950310, no update needed.
2025-05-15 10:27:11 INFO Processed 725 batch
2025-05-15 10:27:11 INFO Pure org 'University of Lausanne' already has ROR https://ror.org/019whta54, no update needed.
2025-05-15 10:27:11 INFO Pure org 'KU Leuven' already has ROR https://ror.org/05f950310, no update needed.
2025-05-15 10:27:11 INFO No match found for Pure org 'KU Leuven' in OpenAlex organizations.
2025-05-15 10:27:11 INFO Pure org 'KU Leuven' already has ROR https://ror.org/05f950310, no update needed.
2025-05-15 10:27:11 INFO Pure org 'KU Leuven' already has ROR https://ror.org/05f950310, no update needed.
2025-05-15 10:27:11 INFO Pure org 'KU Leuven' already has ROR https://ror.org/05f950310, no update needed.
2025-05-15 10:27:11 INFO Pure org 'Aarhus University' already has ROR https://ror.org/01aj84f44, no update needed.
2025-05-15 10:27:11 INFO Processed 750 batch
2025-05-15 10:27:11 INFO No match found for Pure org 'extern' in OpenAlex organizations.
2025-05-15 10:27:11 INFO Will update ROR for Pure org 'Vienna University of Technology' with ROR https://ror.org/04d836q62
2025-05-15 10:27:11 INFO Pure org 'Radboud University Nijmegen' already has ROR https://ror.org/016xsfp80, no update needed.
2025-05-15 10:27:11 INFO Pure org 'Radboud University Nijmegen' already has ROR https://ror.org/016xsfp80, no update needed.
2025-05-15 10:27:11 INFO Pure org 'Radboud University Nijmegen' already has ROR https://ror.org/016xsfp80, no update needed.
2025-05-15 10:27:11 INFO Pure org 'Radboud University Nijmegen' already has ROR https://ror.org/016xsfp80, no update needed.
2025-05-15 10:27:11 INFO No match found for Pure org 'Institute for Management Research' in OpenAlex organizations.
2025-05-15 10:27:11 INFO No match found for Pure org 'University of Pennsylvania' in OpenAlex organizations.
2025-05-15 10:27:11 INFO No match found for Pure org 'Ghent University' in OpenAlex organizations.
2025-05-15 10:27:11 INFO Pure org 'Kingston University' already has ROR https://ror.org/05bbqza97, no update needed.
2025-05-15 10:27:11 INFO Pure org 'Hubei University' already has ROR https://ror.org/03a60m280, no update needed.
2025-05-15 10:27:11 INFO Pure org 'Radboud University Nijmegen' already has ROR https://ror.org/016xsfp80, no update needed.
2025-05-15 10:27:11 INFO Pure org 'Open University of the Netherlands' already has ROR https://ror.org/018dfmf50, no update needed.
2025-05-15 10:27:11 INFO No match found for Pure org 'University of Twente' in OpenAlex organizations.
2025-05-15 10:27:11 INFO Pure org 'Vrije Universiteit Amsterdam' already has ROR https://ror.org/008xxew50, no update needed.
2025-05-15 10:27:11 INFO No match found for Pure org 'extern' in OpenAlex organizations.
2025-05-15 10:27:11 INFO Pure org 'Vrije Universiteit Amsterdam' already has ROR https://ror.org/008xxew50, no update needed.
2025-05-15 10:27:11 INFO Pure org 'Vrije Universiteit Amsterdam' already has ROR https://ror.org/008xxew50, no update needed.
2025-05-15 10:27:11 INFO Pure org 'University of Gothenburg' already has ROR https://ror.org/01tm6cn81, no update needed.
2025-05-15 10:27:11 INFO Pure org 'University of Oslo' already has ROR https://ror.org/01xtthb56, no update needed.
2025-05-15 10:27:11 INFO Pure org 'University of Bergen' already has ROR https://ror.org/03zga2b32, no update needed.
2025-05-15 10:27:11 INFO Processed 775 batch
2025-05-15 10:27:11 INFO Pure org 'University of Oxford' already has ROR https://ror.org/052gg0110, no update needed.
2025-05-15 10:27:11 INFO Pure org 'University of Hamburg' already has ROR https://ror.org/00g30e956, no update needed.
2025-05-15 10:27:11 INFO Pure org 'Tilburg University' already has ROR https://ror.org/04b8v1s79, no update needed.
2025-05-15 10:27:11 INFO No match found for Pure org 'Vincent Van Gogh Institute for Psychiatry' in OpenAlex organizations.
2025-05-15 10:27:11 INFO Pure org 'Vrije Universiteit Amsterdam' already has ROR https://ror.org/008xxew50, no update needed.
2025-05-15 10:27:11 INFO Will update ROR for Pure org 'GGZ inGeest' with ROR https://ror.org/042m3ve83
2025-05-15 10:27:11 INFO Pure org 'Vrije Universiteit Amsterdam' already has ROR https://ror.org/008xxew50, no update needed.
2025-05-15 10:27:11 INFO Will update ROR for Pure org 'University of Rijeka' with ROR https://ror.org/05r8dqr10
2025-05-15 10:27:11 INFO No match found for Pure org 'Vrije Universiteit Amsterdam' in OpenAlex organizations.
2025-05-15 10:27:11 INFO No match found for Pure org 'ASL Roma 5' in OpenAlex organizations.
2025-05-15 10:27:11 INFO Pure org 'Tilburg University' already has ROR https://ror.org/04b8v1s79, no update needed.
2025-05-15 10:27:11 INFO No match found for Pure org 'AOUI Local Authority (Department of Mental Health)' in OpenAlex organizations.
2025-05-15 10:27:11 INFO Will update ROR for Pure org 'University of Verona' with ROR https://ror.org/039bp8j42
2025-05-15 10:27:11 INFO Pure org 'University of Bari' already has ROR https://ror.org/027ynra39, no update needed.
2025-05-15 10:27:11 INFO No match found for Pure org 'University of Rome La Sapienza' in OpenAlex organizations.
2025-05-15 10:27:11 INFO No match found for Pure org 'Vrije Universiteit Amsterdam' in OpenAlex organizations.
2025-05-15 10:27:11 INFO Pure org 'Vrije Universiteit Amsterdam' already has ROR https://ror.org/008xxew50, no update needed.
2025-05-15 10:27:11 INFO No match found for Pure org 'Vrije Universiteit Amsterdam' in OpenAlex organizations.
2025-05-15 10:27:11 INFO No match found for Pure org 'Vrije Universiteit Amsterdam' in OpenAlex organizations.
2025-05-15 10:27:11 INFO Pure org 'Vrije Universiteit Amsterdam' already has ROR https://ror.org/008xxew50, no update needed.
2025-05-15 10:27:11 INFO Pure org 'Vrije Universiteit Amsterdam' already has ROR https://ror.org/008xxew50, no update needed.
2025-05-15 10:27:11 INFO Pure org 'Vrije Universiteit Amsterdam' already has ROR https://ror.org/008xxew50, no update needed.
2025-05-15 10:27:11 INFO Pure org 'Vrije Universiteit Amsterdam' already has ROR https://ror.org/008xxew50, no update needed.
2025-05-15 10:27:11 INFO Pure org 'Vrije Universiteit Amsterdam' already has ROR https://ror.org/008xxew50, no update needed.
2025-05-15 10:27:11 INFO No match found for Pure org 'Vrije Universiteit Amsterdam' in OpenAlex organizations.
2025-05-15 10:27:11 INFO No match found for Pure org 'Vrije Universiteit Amsterdam' in OpenAlex organizations.
2025-05-15 10:27:11 INFO No match found for Pure org 'Vrije Universiteit Amsterdam' in OpenAlex organizations.
2025-05-15 10:27:11 INFO No match found for Pure org 'Vrije Universiteit Amsterdam' in OpenAlex organizations.
2025-05-15 10:27:11 INFO No match found for Pure org 'Vrije Universiteit Amsterdam' in OpenAlex organizations.
2025-05-15 10:27:11 INFO No match found for Pure org 'Vrije Universiteit Amsterdam' in OpenAlex organizations.
2025-05-15 10:27:11 INFO No match found for Pure org 'Vrije Universiteit Amsterdam' in OpenAlex organizations.
2025-05-15 10:27:11 INFO Pure org 'Vrije Universiteit Amsterdam' already has ROR https://ror.org/008xxew50, no update needed.
2025-05-15 10:27:11 INFO Pure org 'Vrije Universiteit Amsterdam' already has ROR https://ror.org/008xxew50, no update needed.
2025-05-15 10:27:11 INFO Processed 800 batch
2025-05-15 10:27:11 INFO No match found for Pure org 'Vrije Universiteit Amsterdam' in OpenAlex organizations.
2025-05-15 10:27:11 INFO Pure org 'Vrije Universiteit Amsterdam' already has ROR https://ror.org/008xxew50, no update needed.
2025-05-15 10:27:11 INFO No match found for Pure org 'Vrije Universiteit Amsterdam' in OpenAlex organizations.
2025-05-15 10:27:11 INFO Pure org 'University of Bristol' already has ROR https://ror.org/0524sp257, no update needed.
2025-05-15 10:27:11 INFO Pure org 'Georgia State University' already has ROR https://ror.org/03qt6ba18, no update needed.
2025-05-15 10:27:11 INFO Pure org 'World Bank' already has ROR https://ror.org/00ae7jd04, no update needed.
2025-05-15 10:27:11 INFO Pure org 'Vrije Universiteit Amsterdam' already has ROR https://ror.org/008xxew50, no update needed.
2025-05-15 10:27:11 INFO Pure org 'University of Amsterdam' already has ROR https://ror.org/04dkp9463, no update needed.
2025-05-15 10:27:11 INFO Will update ROR for Pure org 'Royal Holloway University of London' with ROR https://ror.org/04g2vpn86
2025-05-15 10:27:11 INFO Pure org 'Erasmus University Rotterdam' already has ROR https://ror.org/057w15z03, no update needed.
2025-05-15 10:27:11 INFO No match found for Pure org 'Delft University of Technology' in OpenAlex organizations.
2025-05-15 10:27:11 INFO Pure org 'Fudan University' already has ROR https://ror.org/013q1eq08, no update needed.
2025-05-15 10:27:11 INFO No match found for Pure org 'extern' in OpenAlex organizations.
2025-05-15 10:27:11 INFO No match found for Pure org 'Erasmus University Rotterdam' in OpenAlex organizations.
2025-05-15 10:27:11 INFO No match found for Pure org 'extern' in OpenAlex organizations.
2025-05-15 10:27:11 INFO No match found for Pure org 'Walless' in OpenAlex organizations.
2025-05-15 10:27:11 INFO Pure org 'Leiden University' already has ROR https://ror.org/027bh9e22, no update needed.
2025-05-15 10:27:11 INFO Pure org 'University of Milan' already has ROR https://ror.org/00wjc7c48, no update needed.
2025-05-15 10:27:11 INFO Processed 825 batch
2025-05-15 10:27:11 INFO Pure org 'KU Leuven' already has ROR https://ror.org/05f950310, no update needed.
2025-05-15 10:27:11 INFO Pure org 'Leiden University' already has ROR https://ror.org/027bh9e22, no update needed.
2025-05-15 10:27:11 INFO Pure org 'Leiden University' already has ROR https://ror.org/027bh9e22, no update needed.
2025-05-15 10:27:11 INFO No match found for Pure org 'LICOS Centre for Institutions and Economic Performance' in OpenAlex organizations.
2025-05-15 10:27:11 INFO Pure org 'Stanford University' already has ROR https://ror.org/00f54p054, no update needed.
2025-05-15 10:27:11 INFO No match found for Pure org 'Strategy and Innovation' in OpenAlex organizations.
2025-05-15 10:27:11 INFO Pure org 'Vrije Universiteit Brussel' already has ROR https://ror.org/006e5kg04, no update needed.
2025-05-15 10:27:11 INFO Pure org 'Stanford University' already has ROR https://ror.org/00f54p054, no update needed.
2025-05-15 10:27:11 INFO Pure org 'KU Leuven' already has ROR https://ror.org/05f950310, no update needed.
2025-05-15 10:27:11 INFO Pure org 'Osnabrück University' already has ROR https://ror.org/04qmmjx98, no update needed.
2025-05-15 10:27:11 INFO No match found for Pure org 'African Institute for Development Policy (AFIDEP)' in OpenAlex organizations.
2025-05-15 10:27:11 INFO No match found for Pure org 'extern' in OpenAlex organizations.
2025-05-15 10:27:11 INFO Pure org 'Leiden University' already has ROR https://ror.org/027bh9e22, no update needed.
2025-05-15 10:27:11 INFO Pure org 'Radboud University Nijmegen' already has ROR https://ror.org/016xsfp80, no update needed.
2025-05-15 10:27:11 INFO No match found for Pure org 'University of Marburg' in OpenAlex organizations.
2025-05-15 10:27:11 INFO Pure org 'Osnabrück University' already has ROR https://ror.org/04qmmjx98, no update needed.
2025-05-15 10:27:11 INFO No match found for Pure org 'UNHCR' in OpenAlex organizations.
2025-05-15 10:27:11 INFO No match found for Pure org 'CREED' in OpenAlex organizations.
2025-05-15 10:27:11 INFO Processed 850 batch
2025-05-15 10:27:11 INFO No match found for Pure org 'CREED' in OpenAlex organizations.
2025-05-15 10:27:11 INFO No match found for Pure org 'Academic Medical Center' in OpenAlex organizations.
2025-05-15 10:27:11 INFO No match found for Pure org 'Netherlands Council for the Judiciary' in OpenAlex organizations.
2025-05-15 10:27:11 INFO No match found for Pure org 'Raad voor de rechtspraak' in OpenAlex organizations.
2025-05-15 10:27:11 INFO Will update ROR for Pure org 'Institute of Legal Informatics and Judicial Systems' with ROR https://ror.org/02pe09j37
2025-05-15 10:27:11 INFO No match found for Pure org 'extern' in OpenAlex organizations.
2025-05-15 10:27:11 INFO Pure org 'Eindhoven University of Technology' already has ROR https://ror.org/02c2kyt77, no update needed.
2025-05-15 10:27:11 INFO No match found for Pure org 'Hasselt University' in OpenAlex organizations.
2025-05-15 10:27:11 INFO Pure org 'Hasselt University' already has ROR https://ror.org/04nbhqj75, no update needed.
2025-05-15 10:27:11 INFO Pure org 'Hasselt University' already has ROR https://ror.org/04nbhqj75, no update needed.
2025-05-15 10:27:11 INFO Pure org 'Hasselt University' already has ROR https://ror.org/04nbhqj75, no update needed.
2025-05-15 10:27:11 INFO Pure org 'KU Leuven' already has ROR https://ror.org/05f950310, no update needed.
2025-05-15 10:27:11 INFO Pure org 'Hasselt University' already has ROR https://ror.org/04nbhqj75, no update needed.
2025-05-15 10:27:11 INFO No match found for Pure org 'KU Leuven' in OpenAlex organizations.
2025-05-15 10:27:11 INFO No match found for Pure org 'KU Leuven' in OpenAlex organizations.
2025-05-15 10:27:11 INFO No match found for Pure org 'KU Leuven' in OpenAlex organizations.
2025-05-15 10:27:11 INFO No match found for Pure org 'extern' in OpenAlex organizations.
2025-05-15 10:27:11 INFO Processed 875 batch
2025-05-15 10:27:11 INFO Pure org 'Radboud University Nijmegen' already has ROR https://ror.org/016xsfp80, no update needed.
2025-05-15 10:27:11 INFO Pure org 'Reykjavík University' already has ROR https://ror.org/05d2kyx68, no update needed.
2025-05-15 10:27:11 INFO Pure org 'Charles University' already has ROR https://ror.org/024d6js02, no update needed.
2025-05-15 10:27:11 INFO Pure org 'University of Zurich' already has ROR https://ror.org/02crff812, no update needed.
2025-05-15 10:27:11 INFO Pure org 'University of Bergen' already has ROR https://ror.org/03zga2b32, no update needed.
2025-05-15 10:27:11 INFO Pure org 'Dublin City University' already has ROR https://ror.org/04a1a1e81, no update needed.
2025-05-15 10:27:11 INFO Pure org 'University of Klagenfurt' already has ROR https://ror.org/05q9m0937, no update needed.
2025-05-15 10:27:11 INFO Pure org 'Joanneum Research' already has ROR https://ror.org/049bdss47, no update needed.
2025-05-15 10:27:11 INFO Pure org 'Reykjavík University' already has ROR https://ror.org/05d2kyx68, no update needed.
2025-05-15 10:27:11 INFO Pure org 'Charles University' already has ROR https://ror.org/024d6js02, no update needed.
2025-05-15 10:27:11 INFO Pure org 'University of Zurich' already has ROR https://ror.org/02crff812, no update needed.
2025-05-15 10:27:11 INFO Pure org 'University of Bergen' already has ROR https://ror.org/03zga2b32, no update needed.
2025-05-15 10:27:11 INFO Pure org 'Dublin City University' already has ROR https://ror.org/04a1a1e81, no update needed.
2025-05-15 10:27:11 INFO Pure org 'University of Klagenfurt' already has ROR https://ror.org/05q9m0937, no update needed.
2025-05-15 10:27:11 INFO Pure org 'Charles University' already has ROR https://ror.org/024d6js02, no update needed.
2025-05-15 10:27:11 INFO Pure org 'University of Zurich' already has ROR https://ror.org/02crff812, no update needed.
2025-05-15 10:27:11 INFO Pure org 'IT University of Copenhagen' already has ROR https://ror.org/02309jg23, no update needed.
2025-05-15 10:27:11 INFO Pure org 'University of Bergen' already has ROR https://ror.org/03zga2b32, no update needed.
2025-05-15 10:27:11 INFO Pure org 'Dublin City University' already has ROR https://ror.org/04a1a1e81, no update needed.
2025-05-15 10:27:11 INFO Pure org 'University of Klagenfurt' already has ROR https://ror.org/05q9m0937, no update needed.
2025-05-15 10:27:11 INFO Will update ROR for Pure org 'Diplomatic Academy of Vietnam' with ROR https://ror.org/02n7f7n49
2025-05-15 10:27:12 INFO No match found for Pure org 'Radboud University Nijmegen' in OpenAlex organizations.
2025-05-15 10:27:12 INFO No match found for Pure org 'Leiden University' in OpenAlex organizations.
2025-05-15 10:27:12 INFO No match found for Pure org 'Erasmus University Rotterdam' in OpenAlex organizations.
2025-05-15 10:27:12 INFO No match found for Pure org 'University of Minnesota Twin Cities' in OpenAlex organizations.
2025-05-15 10:27:12 INFO Will update ROR for Pure org 'Leeds Beckett University' with ROR https://ror.org/02xsh5r57
2025-05-15 10:27:12 INFO Will update ROR for Pure org 'The Hague University of Applied Sciences' with ROR https://ror.org/021zvq422
2025-05-15 10:27:12 INFO Processed 900 batch
2025-05-15 10:27:12 INFO No match found for Pure org 'The Hague University of Applied Sciences' in OpenAlex organizations.
2025-05-15 10:27:12 INFO Pure org 'Dublin City University' already has ROR https://ror.org/04a1a1e81, no update needed.
2025-05-15 10:27:12 INFO No match found for Pure org 'University of Catania' in OpenAlex organizations.
2025-05-15 10:27:12 INFO Pure org 'Ghent University' already has ROR https://ror.org/00cv9y106, no update needed.
2025-05-15 10:27:12 INFO No match found for Pure org 'Ghent University' in OpenAlex organizations.
2025-05-15 10:27:12 INFO Pure org 'Ghent University' already has ROR https://ror.org/00cv9y106, no update needed.
2025-05-15 10:27:12 INFO Will update ROR for Pure org 'Holy Spirit University of Kaslik' with ROR https://ror.org/05g06bh89
2025-05-15 10:27:12 INFO Will update ROR for Pure org 'Montpellier Business School' with ROR https://ror.org/037tw3m02
2025-05-15 10:27:12 INFO Pure org 'European University Institute' already has ROR https://ror.org/0031wrj91, no update needed.
2025-05-15 10:27:12 INFO Pure org 'University of Exeter' already has ROR https://ror.org/03yghzc09, no update needed.
2025-05-15 10:27:12 INFO Pure org 'Paderborn University' already has ROR https://ror.org/058kzsd48, no update needed.
2025-05-15 10:27:12 INFO Processed 925 batch
2025-05-15 10:27:12 INFO Pure org 'Aarhus University' already has ROR https://ror.org/01aj84f44, no update needed.
2025-05-15 10:27:12 INFO Pure org 'Aarhus University' already has ROR https://ror.org/01aj84f44, no update needed.
2025-05-15 10:27:12 INFO Pure org 'Pompeu Fabra University' already has ROR https://ror.org/04n0g0b29, no update needed.
2025-05-15 10:27:12 INFO Will update ROR for Pure org 'Max Planck Institute for Psycholinguistics' with ROR https://ror.org/00671me87
2025-05-15 10:27:12 INFO Will update ROR for Pure org 'Johannes Gutenberg University Mainz' with ROR https://ror.org/023b0x485
2025-05-15 10:27:12 INFO Pure org 'Radboud University Medical Center' already has ROR https://ror.org/05wg1m734, no update needed.
2025-05-15 10:27:12 INFO No match found for Pure org 'extern' in OpenAlex organizations.
2025-05-15 10:27:12 INFO Pure org 'Leiden University' already has ROR https://ror.org/027bh9e22, no update needed.
2025-05-15 10:27:12 INFO Processed 950 batch
2025-05-15 10:27:12 INFO Pure org 'Leiden University' already has ROR https://ror.org/027bh9e22, no update needed.
2025-05-15 10:27:12 INFO Pure org 'KU Leuven' already has ROR https://ror.org/05f950310, no update needed.
2025-05-15 10:27:12 INFO No match found for Pure org 'extern' in OpenAlex organizations.
2025-05-15 10:27:12 INFO No match found for Pure org 'extern' in OpenAlex organizations.
2025-05-15 10:27:12 INFO No match found for Pure org 'extern' in OpenAlex organizations.
2025-05-15 10:27:12 INFO No match found for Pure org 'extern' in OpenAlex organizations.
2025-05-15 10:27:12 INFO Pure org 'Radboud University Nijmegen' already has ROR https://ror.org/016xsfp80, no update needed.
2025-05-15 10:27:12 INFO Pure org 'Radboud University Nijmegen' already has ROR https://ror.org/016xsfp80, no update needed.
2025-05-15 10:27:12 INFO Will update ROR for Pure org 'Texas A&M University' with ROR https://ror.org/01f5ytq51
2025-05-15 10:27:13 INFO Pure org 'University of Manchester' already has ROR https://ror.org/027m9bs27, no update needed.
2025-05-15 10:27:13 INFO Processed 975 batch
2025-05-15 10:27:13 INFO Pure org 'Erasmus University Rotterdam' already has ROR https://ror.org/057w15z03, no update needed.
2025-05-15 10:27:13 INFO Will update ROR for Pure org 'University of Notre Dame' with ROR https://ror.org/00mkhxb43
2025-05-15 10:27:13 INFO Pure org 'Vrije Universiteit Amsterdam' already has ROR https://ror.org/008xxew50, no update needed.
2025-05-15 10:27:13 INFO No match found for Pure org 'Vrije Universiteit Amsterdam' in OpenAlex organizations.
2025-05-15 10:27:13 INFO Pure org 'Vrije Universiteit Amsterdam' already has ROR https://ror.org/008xxew50, no update needed.
2025-05-15 10:27:13 INFO Pure org 'Vrije Universiteit Amsterdam' already has ROR https://ror.org/008xxew50, no update needed.
2025-05-15 10:27:13 INFO Pure org 'Vrije Universiteit Amsterdam' already has ROR https://ror.org/008xxew50, no update needed.
2025-05-15 10:27:13 INFO No match found for Pure org 'Vrije Universiteit Amsterdam' in OpenAlex organizations.
2025-05-15 10:27:13 INFO Pure org 'Vrije Universiteit Amsterdam' already has ROR https://ror.org/008xxew50, no update needed.
2025-05-15 10:27:13 INFO No match found for Pure org 'Vrije Universiteit Amsterdam' in OpenAlex organizations.
2025-05-15 10:27:13 INFO Pure org 'Vrije Universiteit Amsterdam' already has ROR https://ror.org/008xxew50, no update needed.
2025-05-15 10:27:13 INFO Pure org 'Vrije Universiteit Amsterdam' already has ROR https://ror.org/008xxew50, no update needed.
2025-05-15 10:27:13 INFO No match found for Pure org 'University of Amsterdam' in OpenAlex organizations.
2025-05-15 10:27:13 INFO Pure org 'Vrije Universiteit Amsterdam' already has ROR https://ror.org/008xxew50, no update needed.
2025-05-15 10:27:13 INFO Pure org 'Vrije Universiteit Amsterdam' already has ROR https://ror.org/008xxew50, no update needed.
2025-05-15 10:27:13 INFO No match found for Pure org 'Vrije Universiteit Amsterdam' in OpenAlex organizations.
2025-05-15 10:27:13 INFO Pure org 'Vrije Universiteit Amsterdam' already has ROR https://ror.org/008xxew50, no update needed.
2025-05-15 10:27:13 INFO No match found for Pure org 'Vrije Universiteit Amsterdam' in OpenAlex organizations.
2025-05-15 10:27:13 INFO No match found for Pure org 'Université libre de Bruxelles' in OpenAlex organizations.
2025-05-15 10:27:13 INFO No match found for Pure org 'extern' in OpenAlex organizations.
2025-05-15 10:27:13 INFO No match found for Pure org 'North West University' in OpenAlex organizations.
2025-05-15 10:27:13 INFO Processed 1000 batch
2025-05-15 10:27:13 INFO Pure org 'Maastricht University' already has ROR https://ror.org/02jz4aj89, no update needed.
2025-05-15 10:27:13 INFO No match found for Pure org 'Maastricht University Medical Center+, Department of Clinical Pharmacy and Toxicology, Maastricht, The Netherlands; Radboud University Nijmegen Medical Center, Department of Pharmacy, Nijmegen, The Netherlands. Electronic address: Hein.vanOnzenoort@radboudumc.nl.' in OpenAlex organizations.
2025-05-15 10:27:13 INFO No match found for Pure org 'CAPHRI School for Public Health and Primary Care, Maastricht University, Maastricht, The Netherlands; CARIM School for Cardiovascular Diseases, Maastricht University, Maastricht, The Netherlands; Maastricht University, Department of Epidemiology, Maastricht, The Netherlands. Electronic address: dagnelie@maastrichtuniversity.nl.' in OpenAlex organizations.
2025-05-15 10:27:13 INFO No match found for Pure org 'Topinstitute Evidence-Based Education Research (TIER)' in OpenAlex organizations.
2025-05-15 10:27:13 INFO No match found for Pure org 'Center for Infectious Diseases Control, National Institute for Public Health and the Environment (RIVM), Bilthoven, The Netherlands; Utrecht University, Faculty of Veterinary Medicine, Department of Infectious Diseases and Immunology, Utrecht, The Netherlands, The Netherlands.' in OpenAlex organizations.
2025-05-15 10:27:13 INFO No match found for Pure org 'CAPHRI School for Public Health and Primary Care, Maastricht University, Maastricht, The Netherlands; CARIM School for Cardiovascular Diseases, Maastricht University, Maastricht, The Netherlands; Maastricht University, Department of Epidemiology, Maastricht, The Netherlands. Electronic address: dagnelie@maastrichtuniversity.nl.' in OpenAlex organizations.
2025-05-15 10:27:13 INFO No match found for Pure org 'London School of Hygiene and Tropical Medicine' in OpenAlex organizations.
2025-05-15 10:27:13 INFO No match found for Pure org 'Center for Infectious Diseases Control, National Institute for Public Health and the Environment (RIVM), Bilthoven, The Netherlands; Utrecht University, Faculty of Veterinary Medicine, Department of Infectious Diseases and Immunology, Utrecht, The Netherlands, The Netherlands.' in OpenAlex organizations.
2025-05-15 10:27:13 INFO No match found for Pure org 'United Nations' in OpenAlex organizations.
2025-05-15 10:27:13 INFO Pure org 'Maastricht University' already has ROR https://ror.org/02jz4aj89, no update needed.
2025-05-15 10:27:13 INFO No match found for Pure org 'United Nations' in OpenAlex organizations.
2025-05-15 10:27:13 INFO Pure org 'Maastricht University' already has ROR https://ror.org/02jz4aj89, no update needed.
2025-05-15 10:27:13 INFO No match found for Pure org 'Maastricht Graduate School of Governance' in OpenAlex organizations.
2025-05-15 10:27:13 INFO Pure org 'Maastricht University' already has ROR https://ror.org/02jz4aj89, no update needed.
2025-05-15 10:27:13 INFO Will update ROR for Pure org 'Azerbaijan University of Architecture and Construction' with ROR https://ror.org/02shm3a27
2025-05-15 10:27:13 INFO Will update ROR for Pure org 'University of Dundee' with ROR https://ror.org/03h2bxq36
2025-05-15 10:27:13 INFO Pure org 'University of Sussex' already has ROR https://ror.org/00ayhx656, no update needed.
2025-05-15 10:27:13 INFO Pure org 'University of Sussex' already has ROR https://ror.org/00ayhx656, no update needed.
2025-05-15 10:27:13 INFO Pure org 'University of Sussex' already has ROR https://ror.org/00ayhx656, no update needed.
2025-05-15 10:27:13 INFO No match found for Pure org 'extern' in OpenAlex organizations.
2025-05-15 10:27:13 INFO Pure org 'University of Oslo' already has ROR https://ror.org/01xtthb56, no update needed.
2025-05-15 10:27:13 INFO Pure org 'University of Sussex' already has ROR https://ror.org/00ayhx656, no update needed.
2025-05-15 10:27:13 INFO No match found for Pure org 'Texas A&M University' in OpenAlex organizations.
2025-05-15 10:27:13 INFO Will update ROR for Pure org 'Texas A&M University' with ROR https://ror.org/01f5ytq51
2025-05-15 10:27:13 INFO No match found for Pure org 'Academic Medical Center' in OpenAlex organizations.
2025-05-15 10:27:13 INFO No match found for Pure org 'Academic Medical Center' in OpenAlex organizations.
2025-05-15 10:27:13 INFO Processed 1025 batch
2025-05-15 10:27:13 INFO Pure org 'University of Twente' already has ROR https://ror.org/006hf6230, no update needed.
2025-05-15 10:27:13 INFO Pure org 'Australian National University' already has ROR https://ror.org/019wvm592, no update needed.
2025-05-15 10:27:13 INFO No match found for Pure org 'Ministry of National Development Planning and Development Planning Agency/Bappenas' in OpenAlex organizations.
2025-05-15 10:27:13 INFO No match found for Pure org 'Netherlands Assessment Agency (PBL)' in OpenAlex organizations.
2025-05-15 10:27:13 INFO Pure org 'Vrije Universiteit Amsterdam' already has ROR https://ror.org/008xxew50, no update needed.
2025-05-15 10:27:13 INFO Pure org 'Vrije Universiteit Amsterdam' already has ROR https://ror.org/008xxew50, no update needed.
2025-05-15 10:27:13 INFO Pure org 'Pompeu Fabra University' already has ROR https://ror.org/04n0g0b29, no update needed.
2025-05-15 10:27:13 INFO No match found for Pure org 'Barcelona Lab for Urban Environmental Justice and Sustainability' in OpenAlex organizations.
2025-05-15 10:27:13 INFO Pure org 'Autonomous University of Barcelona' already has ROR https://ror.org/052g8jq94, no update needed.
2025-05-15 10:27:13 INFO No match found for Pure org 'Central European University' in OpenAlex organizations.
2025-05-15 10:27:13 INFO No match found for Pure org 'Circle Economy' in OpenAlex organizations.
2025-05-15 10:27:13 INFO Pure org 'Trinity College Dublin' already has ROR https://ror.org/02tyrky19, no update needed.
2025-05-15 10:27:13 INFO No match found for Pure org 'Humboldt University of Berlin' in OpenAlex organizations.
2025-05-15 10:27:13 INFO No match found for Pure org 'TECNALIA' in OpenAlex organizations.
2025-05-15 10:27:13 INFO Pure org 'Aarhus University' already has ROR https://ror.org/01aj84f44, no update needed.
2025-05-15 10:27:13 INFO No match found for Pure org 'I-Catalist' in OpenAlex organizations.
2025-05-15 10:27:13 INFO No match found for Pure org 'LGI Consulting' in OpenAlex organizations.
2025-05-15 10:27:13 INFO Pure org 'Deltares' already has ROR https://ror.org/01deh9c76, no update needed.
2025-05-15 10:27:13 INFO Pure org 'Joanneum Research' already has ROR https://ror.org/049bdss47, no update needed.
2025-05-15 10:27:13 INFO Pure org 'Bocconi University' already has ROR https://ror.org/05crjpb27, no update needed.
2025-05-15 10:27:13 INFO Pure org 'University of Toronto' already has ROR https://ror.org/03dbr7087, no update needed.
2025-05-15 10:27:13 INFO Will update ROR for Pure org 'University of Nottingham Ningbo China' with ROR https://ror.org/03y4dt428
2025-05-15 10:27:13 INFO Pure org 'University of Toronto' already has ROR https://ror.org/03dbr7087, no update needed.
2025-05-15 10:27:13 INFO Will update ROR for Pure org 'Anglia Ruskin University' with ROR https://ror.org/0009t4v78
2025-05-15 10:27:13 INFO No match found for Pure org 'University of Stavanger' in OpenAlex organizations.
2025-05-15 10:27:13 INFO No match found for Pure org 'University of Sussex' in OpenAlex organizations.
2025-05-15 10:27:13 INFO No match found for Pure org 'General Secretariat for Research and Innovation' in OpenAlex organizations.
2025-05-15 10:27:13 INFO No match found for Pure org 'Masaryk University' in OpenAlex organizations.
2025-05-15 10:27:13 INFO Will update ROR for Pure org 'Jagiellonian University in Kraków' with ROR https://ror.org/03bqmcz70
2025-05-15 10:27:13 INFO No match found for Pure org 'University of Potsdam' in OpenAlex organizations.
2025-05-15 10:27:13 INFO No match found for Pure org 'Université de Bourgogne' in OpenAlex organizations.
2025-05-15 10:27:13 INFO Will update ROR for Pure org 'Kaunas University of Technology' with ROR https://ror.org/01me6gb93
2025-05-15 10:27:13 INFO Pure org 'University of Valencia' already has ROR https://ror.org/043nxc105, no update needed.
2025-05-15 10:27:13 INFO No match found for Pure org 'Verband Schweizerischer Elektrizitätsunternehmen' in OpenAlex organizations.
2025-05-15 10:27:13 INFO Will update ROR for Pure org 'Jacobs University' with ROR https://ror.org/02yrs2n53
2025-05-15 10:27:13 INFO No match found for Pure org 'Comenius University' in OpenAlex organizations.
2025-05-15 10:27:13 INFO Pure org 'University of Turin' already has ROR https://ror.org/048tbm396, no update needed.
2025-05-15 10:27:13 INFO No match found for Pure org 'University of Rome La Sapienza' in OpenAlex organizations.
2025-05-15 10:27:13 INFO Pure org 'Queen's University Belfast' already has ROR https://ror.org/00hswnk62, no update needed.
2025-05-15 10:27:13 INFO No match found for Pure org 'Center for International Climate and Environmental Research' in OpenAlex organizations.
2025-05-15 10:27:13 INFO No match found for Pure org 'Stockholm Environment Institute' in OpenAlex organizations.
2025-05-15 10:27:13 INFO Pure org 'Slovak Academy of Sciences' already has ROR https://ror.org/03h7qq074, no update needed.
2025-05-15 10:27:13 INFO Pure org 'University of Granada' already has ROR https://ror.org/04njjy449, no update needed.
2025-05-15 10:27:13 INFO Pure org 'University of Lisbon' already has ROR https://ror.org/01c27hj86, no update needed.
2025-05-15 10:27:13 INFO No match found for Pure org 'University of East Anglia' in OpenAlex organizations.
2025-05-15 10:27:13 INFO No match found for Pure org 'Public Administration Institute for Turkey and the Middle East' in OpenAlex organizations.
2025-05-15 10:27:13 INFO No match found for Pure org 'Aalborg University' in OpenAlex organizations.
2025-05-15 10:27:13 INFO No match found for Pure org 'Nicolaus Copernicus University in Toruń' in OpenAlex organizations.
2025-05-15 10:27:13 INFO No match found for Pure org 'Instituto Universitário de Lisboa (ISCTE-IUL)' in OpenAlex organizations.
2025-05-15 10:27:13 INFO Pure org 'Erasmus University Rotterdam' already has ROR https://ror.org/057w15z03, no update needed.
2025-05-15 10:27:13 INFO No match found for Pure org 'Università di Pisa' in OpenAlex organizations.
2025-05-15 10:27:13 INFO Will update ROR for Pure org 'University of Maribor' with ROR https://ror.org/01d5jce07
2025-05-15 10:27:14 INFO Pure org 'University of Utah' already has ROR https://ror.org/03r0ha626, no update needed.
2025-05-15 10:27:14 INFO No match found for Pure org 'extern' in OpenAlex organizations.
2025-05-15 10:27:14 INFO Processed 1050 batch
2025-05-15 10:27:14 INFO No match found for Pure org 'Harvard University' in OpenAlex organizations.
2025-05-15 10:27:14 INFO No match found for Pure org 'extern' in OpenAlex organizations.
2025-05-15 10:27:14 INFO No match found for Pure org 'extern' in OpenAlex organizations.
2025-05-15 10:27:14 INFO No match found for Pure org 'Tilburg University' in OpenAlex organizations.
2025-05-15 10:27:14 INFO Pure org 'Erasmus University Rotterdam' already has ROR https://ror.org/057w15z03, no update needed.
2025-05-15 10:27:14 INFO Pure org 'Erasmus University Rotterdam' already has ROR https://ror.org/057w15z03, no update needed.
2025-05-15 10:27:14 INFO No match found for Pure org 'TU Wien' in OpenAlex organizations.
2025-05-15 10:27:14 INFO Pure org 'Tulane University' already has ROR https://ror.org/04vmvtb21, no update needed.
2025-05-15 10:27:14 INFO Will update ROR for Pure org 'TU Wien' with ROR https://ror.org/04d836q62
2025-05-15 10:27:14 INFO No match found for Pure org 'BRGM' in OpenAlex organizations.
2025-05-15 10:27:14 INFO No match found for Pure org 'Agri-Food and Biosciences Institute, Belfast, UK.' in OpenAlex organizations.
2025-05-15 10:27:14 INFO No match found for Pure org 'Johann Heinrich von Thunen Institute' in OpenAlex organizations.
2025-05-15 10:27:14 INFO Pure org 'Aarhus University' already has ROR https://ror.org/01aj84f44, no update needed.
2025-05-15 10:27:14 INFO No match found for Pure org 'University of Coimbra' in OpenAlex organizations.
2025-05-15 10:27:14 INFO Pure org 'Wageningen University & Research' already has ROR https://ror.org/04qw24q55, no update needed.
2025-05-15 10:27:14 INFO Pure org 'University of Ljubljana' already has ROR https://ror.org/05njb9z20, no update needed.
2025-05-15 10:27:14 INFO No match found for Pure org 'National Institute for Public Health and the Environment (RIVM), Bilthoven, The Netherlands.' in OpenAlex organizations.
2025-05-15 10:27:14 INFO No match found for Pure org 'Institute for Science Innovation and Society' in OpenAlex organizations.
2025-05-15 10:27:14 INFO Pure org 'University of Lincoln' already has ROR https://ror.org/03yeq9x20, no update needed.
2025-05-15 10:27:14 INFO Pure org 'University of Exeter' already has ROR https://ror.org/03yghzc09, no update needed.
2025-05-15 10:27:14 INFO Will update ROR for Pure org 'Aristotle University of Thessaloniki' with ROR https://ror.org/02j61yw88
2025-05-15 10:27:14 INFO Pure org 'Estonian University of Life Sciences' already has ROR https://ror.org/00s67c790, no update needed.
2025-05-15 10:27:14 INFO No match found for Pure org 'ISGlobal Institute de Salut Global Barcelona' in OpenAlex organizations.
2025-05-15 10:27:14 INFO No match found for Pure org 'Centro Euro-Mediterraneo sui Cambiamenti Climatici (CMCC)' in OpenAlex organizations.
2025-05-15 10:27:14 INFO No match found for Pure org 'National Institute for Public Health and the Environment (RIVM), Bilthoven, The Netherlands.' in OpenAlex organizations.
2025-05-15 10:27:14 INFO No match found for Pure org 'National Institute of Public Health and the Environment' in OpenAlex organizations.
2025-05-15 10:27:14 INFO Processed 1075 batch
2025-05-15 10:27:14 INFO Pure org 'Delft University of Technology' already has ROR https://ror.org/02e2c7k09, no update needed.
2025-05-15 10:27:14 INFO No match found for Pure org 'National Institute for Public Health and the Environment (RIVM), Bilthoven, The Netherlands.' in OpenAlex organizations.
2025-05-15 10:27:14 INFO Will update ROR for Pure org 'Polytechnic Institute of Coimbra' with ROR https://ror.org/01n8x4993
2025-05-15 10:27:14 INFO Pure org 'University of Lincoln' already has ROR https://ror.org/03yeq9x20, no update needed.
2025-05-15 10:27:14 INFO No match found for Pure org 'Agri-Food and Biosciences Institute, Belfast, UK.' in OpenAlex organizations.
2025-05-15 10:27:14 INFO No match found for Pure org 'Johann Heinrich von Thunen Institute' in OpenAlex organizations.
2025-05-15 10:27:14 INFO No match found for Pure org 'Royal HaskoningDHV' in OpenAlex organizations.
2025-05-15 10:27:14 INFO No match found for Pure org 'Norwegian Institute for Water Research NIVA' in OpenAlex organizations.
2025-05-15 10:27:14 INFO Pure org 'Aarhus University' already has ROR https://ror.org/01aj84f44, no update needed.
2025-05-15 10:27:14 INFO Pure org 'University of Ljubljana' already has ROR https://ror.org/05njb9z20, no update needed.
2025-05-15 10:27:14 INFO No match found for Pure org 'National Institute for Public Health and the Environment (RIVM), Bilthoven, The Netherlands.' in OpenAlex organizations.
2025-05-15 10:27:14 INFO Will update ROR for Pure org 'Aristotle University of Thessaloniki' with ROR https://ror.org/02j61yw88
2025-05-15 10:27:14 INFO No match found for Pure org 'Waternet' in OpenAlex organizations.
2025-05-15 10:27:14 INFO Pure org 'Delft University of Technology' already has ROR https://ror.org/02e2c7k09, no update needed.
2025-05-15 10:27:14 INFO No match found for Pure org 'National Institute of Public Health and the Environment' in OpenAlex organizations.
2025-05-15 10:27:14 INFO No match found for Pure org 'Andersson Elffers Felix' in OpenAlex organizations.
2025-05-15 10:27:14 INFO Will update ROR for Pure org 'Universiteit Leiden' with ROR https://ror.org/027bh9e22
2025-05-15 10:27:14 INFO No match found for Pure org 'Montaignecentrum' in OpenAlex organizations.
2025-05-15 10:27:15 INFO No match found for Pure org 'Montaignecentrum' in OpenAlex organizations.
2025-05-15 10:27:15 INFO Pure org 'Universiteit Leiden' already has ROR https://ror.org/027bh9e22, no update needed.
2025-05-15 10:27:15 INFO No match found for Pure org 'Private work' in OpenAlex organizations.
2025-05-15 10:27:15 INFO No match found for Pure org 'Private work' in OpenAlex organizations.
2025-05-15 10:27:15 INFO No match found for Pure org 'extern' in OpenAlex organizations.
2025-05-15 10:27:15 INFO No match found for Pure org 'Flood Hazard Research Centre (FHRC)' in OpenAlex organizations.
2025-05-15 10:27:15 INFO No match found for Pure org 'Middlesex University' in OpenAlex organizations.
2025-05-15 10:27:15 INFO Will update ROR for Pure org 'Luleå University of Technology' with ROR https://ror.org/016st3p78
2025-05-15 10:27:15 INFO Will update ROR for Pure org 'University of Tours' with ROR https://ror.org/02wwzvj46
2025-05-15 10:27:15 INFO Pure org 'Polish Academy of Sciences' already has ROR https://ror.org/01dr6c206, no update needed.
2025-05-15 10:27:15 INFO Will update ROR for Pure org 'Middlesex University' with ROR https://ror.org/01rv4p989
2025-05-15 10:27:15 INFO No match found for Pure org 'Potsdam Institute for Climate Impact Research (PIK' in OpenAlex organizations.
2025-05-15 10:27:15 INFO Pure org 'KU Leuven' already has ROR https://ror.org/05f950310, no update needed.
2025-05-15 10:27:15 INFO No match found for Pure org 'Flood Hazard Research Centre (FHRC)' in OpenAlex organizations.
2025-05-15 10:27:15 INFO Will update ROR for Pure org 'Luleå University of Technology' with ROR https://ror.org/016st3p78
2025-05-15 10:27:15 INFO Pure org 'Polish Academy of Sciences' already has ROR https://ror.org/01dr6c206, no update needed.
2025-05-15 10:27:15 INFO No match found for Pure org 'Institute for Agricultural and Forest Environment' in OpenAlex organizations.
2025-05-15 10:27:15 INFO No match found for Pure org 'extern' in OpenAlex organizations.
2025-05-15 10:27:15 INFO Processed 1100 batch
2025-05-15 10:27:15 INFO Pure org 'Autonomous University of Barcelona' already has ROR https://ror.org/052g8jq94, no update needed.
2025-05-15 10:27:15 INFO Will update ROR for Pure org 'Universidad EAFIT' with ROR https://ror.org/03y3y9v44
2025-05-15 10:27:15 INFO Pure org 'Tilburg University' already has ROR https://ror.org/04b8v1s79, no update needed.
2025-05-15 10:27:15 INFO No match found for Pure org 'Centraal Planbureau' in OpenAlex organizations.
2025-05-15 10:27:15 INFO Pure org 'Radboud University Nijmegen' already has ROR https://ror.org/016xsfp80, no update needed.
2025-05-15 10:27:15 INFO Pure org 'University of Groningen' already has ROR https://ror.org/012p63287, no update needed.
2025-05-15 10:27:15 INFO No match found for Pure org 'Hogeschool Saxion' in OpenAlex organizations.
2025-05-15 10:27:15 INFO No match found for Pure org 'NILOS' in OpenAlex organizations.
2025-05-15 10:27:15 INFO No match found for Pure org 'University of Bath' in OpenAlex organizations.
2025-05-15 10:27:15 INFO No match found for Pure org 'University of Manchester' in OpenAlex organizations.
2025-05-15 10:27:15 INFO Pure org 'Hogeschool Rotterdam' already has ROR https://ror.org/0481e1q24, no update needed.
2025-05-15 10:27:15 INFO Processed 1125 batch
2025-05-15 10:27:15 INFO Pure org 'Erasmus University Rotterdam' already has ROR https://ror.org/057w15z03, no update needed.
2025-05-15 10:27:15 INFO No match found for Pure org 'Institute for Advanced Sustainability Studies (IASS)' in OpenAlex organizations.
2025-05-15 10:27:15 INFO Pure org 'University of Essex' already has ROR https://ror.org/02nkf1q06, no update needed.
2025-05-15 10:27:15 INFO Pure org 'University of Innsbruck' already has ROR https://ror.org/054pv6659, no update needed.
2025-05-15 10:27:15 INFO No match found for Pure org 'HEC Montreal' in OpenAlex organizations.
2025-05-15 10:27:15 INFO Pure org 'KU Leuven' already has ROR https://ror.org/05f950310, no update needed.
2025-05-15 10:27:15 INFO Pure org 'Vrije Universiteit Amsterdam' already has ROR https://ror.org/008xxew50, no update needed.
2025-05-15 10:27:15 INFO Pure org 'Deltares' already has ROR https://ror.org/01deh9c76, no update needed.
2025-05-15 10:27:15 INFO Pure org 'Vrije Universiteit Amsterdam' already has ROR https://ror.org/008xxew50, no update needed.
2025-05-15 10:27:15 INFO Pure org 'Vrije Universiteit Amsterdam' already has ROR https://ror.org/008xxew50, no update needed.
2025-05-15 10:27:15 INFO Pure org 'Stanford University' already has ROR https://ror.org/00f54p054, no update needed.
2025-05-15 10:27:15 INFO Pure org 'New York University' already has ROR https://ror.org/0190ak572, no update needed.
2025-05-15 10:27:15 INFO Pure org 'Yale University' already has ROR https://ror.org/03v76x132, no update needed.
2025-05-15 10:27:15 INFO Pure org 'Leiden University' already has ROR https://ror.org/027bh9e22, no update needed.
2025-05-15 10:27:15 INFO No match found for Pure org 'Harvard University' in OpenAlex organizations.
2025-05-15 10:27:15 INFO Pure org 'Yale University' already has ROR https://ror.org/03v76x132, no update needed.
2025-05-15 10:27:15 INFO Pure org 'New York University' already has ROR https://ror.org/0190ak572, no update needed.
2025-05-15 10:27:15 INFO Pure org 'University College London' already has ROR https://ror.org/02jx3x895, no update needed.
2025-05-15 10:27:15 INFO Pure org 'University College London' already has ROR https://ror.org/02jx3x895, no update needed.
2025-05-15 10:27:15 INFO Processed 1150 batch
2025-05-15 10:27:15 INFO No match found for Pure org 'Erasmus University Rotterdam' in OpenAlex organizations.
2025-05-15 10:27:15 INFO Pure org 'Erasmus University Rotterdam' already has ROR https://ror.org/057w15z03, no update needed.
2025-05-15 10:27:15 INFO Pure org 'Erasmus University Rotterdam' already has ROR https://ror.org/057w15z03, no update needed.
2025-05-15 10:27:15 INFO Pure org 'Erasmus University Rotterdam' already has ROR https://ror.org/057w15z03, no update needed.
2025-05-15 10:27:15 INFO No match found for Pure org 'Regioplan' in OpenAlex organizations.
2025-05-15 10:27:15 INFO Pure org 'University College London' already has ROR https://ror.org/02jx3x895, no update needed.
2025-05-15 10:27:15 INFO Pure org 'University of Oxford' already has ROR https://ror.org/052gg0110, no update needed.
2025-05-15 10:27:15 INFO No match found for Pure org 'Netherlands Organisation for Applied Scientific Research' in OpenAlex organizations.
2025-05-15 10:27:15 INFO No match found for Pure org 'extern' in OpenAlex organizations.
2025-05-15 10:27:15 INFO Processed 1175 batch
2025-05-15 10:27:15 INFO No match found for Pure org 'Vrije Universiteit Amsterdam' in OpenAlex organizations.
2025-05-15 10:27:15 INFO No match found for Pure org 'University of Groningen' in OpenAlex organizations.
2025-05-15 10:27:15 INFO Pure org 'Ghent University' already has ROR https://ror.org/00cv9y106, no update needed.
2025-05-15 10:27:15 INFO No match found for Pure org 'Université de Strasbourg' in OpenAlex organizations.
2025-05-15 10:27:15 INFO Will update ROR for Pure org 'Bank of Finland' with ROR https://ror.org/04j3r8z61
2025-05-15 10:27:15 INFO No match found for Pure org 'Roosevelt Academy' in OpenAlex organizations.
2025-05-15 10:27:15 INFO No match found for Pure org 'extern' in OpenAlex organizations.
2025-05-15 10:27:15 INFO Pure org 'Ghent University' already has ROR https://ror.org/00cv9y106, no update needed.
2025-05-15 10:27:15 INFO No match found for Pure org 'University College Roosevelt' in OpenAlex organizations.
2025-05-15 10:27:15 INFO Pure org 'Utrecht University' already has ROR https://ror.org/04pp8hn57, no update needed.
2025-05-15 10:27:15 INFO No match found for Pure org 'University College Roosevelt' in OpenAlex organizations.
2025-05-15 10:27:15 INFO No match found for Pure org 'Ghent University' in OpenAlex organizations.
2025-05-15 10:27:15 INFO Will update ROR for Pure org 'Middlebury College' with ROR https://ror.org/0217hb928
2025-05-15 10:27:16 INFO No match found for Pure org 'University College Roosevelt' in OpenAlex organizations.
2025-05-15 10:27:16 INFO No match found for Pure org 'UDICE-French Research Universities' in OpenAlex organizations.
2025-05-15 10:27:16 INFO No match found for Pure org 'Moscow State Institute of International Relations (MGIMO-University)' in OpenAlex organizations.
2025-05-15 10:27:16 INFO Processed 1200 batch
2025-05-15 10:27:16 INFO No match found for Pure org 'Academic Medical Center' in OpenAlex organizations.
2025-05-15 10:27:16 INFO Will update ROR for Pure org 'Université Paris 13' with ROR https://ror.org/0199hds37
2025-05-15 10:27:16 INFO Pure org 'Radboud University Nijmegen' already has ROR https://ror.org/016xsfp80, no update needed.
2025-05-15 10:27:16 INFO Pure org 'Radboud University Nijmegen' already has ROR https://ror.org/016xsfp80, no update needed.
2025-05-15 10:27:16 INFO Pure org 'Nyenrode Business University' already has ROR https://ror.org/018528593, no update needed.
2025-05-15 10:27:16 INFO Will update ROR for Pure org 'Victoria University of Wellington' with ROR https://ror.org/0040r6f76
2025-05-15 10:27:16 INFO Pure org 'Open University of the Netherlands' already has ROR https://ror.org/018dfmf50, no update needed.
2025-05-15 10:27:16 INFO No match found for Pure org 'External unknown' in OpenAlex organizations.
2025-05-15 10:27:16 INFO No match found for Pure org 'extern' in OpenAlex organizations.
2025-05-15 10:27:16 INFO Pure org 'Tilburg University' already has ROR https://ror.org/04b8v1s79, no update needed.
2025-05-15 10:27:16 INFO No match found for Pure org 'Maastricht University' in OpenAlex organizations.
2025-05-15 10:27:16 INFO No match found for Pure org 'Loyalis Kennis en Consult' in OpenAlex organizations.
2025-05-15 10:27:16 INFO Pure org 'Open University of the Netherlands' already has ROR https://ror.org/018dfmf50, no update needed.
2025-05-15 10:27:16 INFO Pure org 'Radboud University Nijmegen' already has ROR https://ror.org/016xsfp80, no update needed.
2025-05-15 10:27:16 INFO Pure org 'Maastricht University' already has ROR https://ror.org/02jz4aj89, no update needed.
2025-05-15 10:27:16 INFO Pure org 'Kingston University' already has ROR https://ror.org/05bbqza97, no update needed.
2025-05-15 10:27:16 INFO Pure org 'Open University of the Netherlands' already has ROR https://ror.org/018dfmf50, no update needed.
2025-05-15 10:27:16 INFO Processed 1225 batch
2025-05-15 10:27:16 INFO Pure org 'Open University of the Netherlands' already has ROR https://ror.org/018dfmf50, no update needed.
2025-05-15 10:27:16 INFO No match found for Pure org 'Rotterdam School of Economics' in OpenAlex organizations.
2025-05-15 10:27:16 INFO No match found for Pure org 'External unknown' in OpenAlex organizations.
2025-05-15 10:27:16 INFO Pure org 'Erasmus University Rotterdam' already has ROR https://ror.org/057w15z03, no update needed.
2025-05-15 10:27:16 INFO Pure org 'Tilburg University' already has ROR https://ror.org/04b8v1s79, no update needed.
2025-05-15 10:27:16 INFO Pure org 'Radboud University Nijmegen' already has ROR https://ror.org/016xsfp80, no update needed.
2025-05-15 10:27:16 INFO Pure org 'Erasmus University Rotterdam' already has ROR https://ror.org/057w15z03, no update needed.
2025-05-15 10:27:16 INFO Pure org 'Radboud University Nijmegen' already has ROR https://ror.org/016xsfp80, no update needed.
2025-05-15 10:27:16 INFO Pure org 'Utrecht University' already has ROR https://ror.org/04pp8hn57, no update needed.
2025-05-15 10:27:16 INFO Pure org 'Arizona State University' already has ROR https://ror.org/03efmqc40, no update needed.
2025-05-15 10:27:16 INFO Pure org 'Erasmus University Rotterdam' already has ROR https://ror.org/057w15z03, no update needed.
2025-05-15 10:27:16 INFO No match found for Pure org 'extern' in OpenAlex organizations.
2025-05-15 10:27:16 INFO No match found for Pure org 'External unknown' in OpenAlex organizations.
2025-05-15 10:27:16 INFO Pure org 'Erasmus University Rotterdam' already has ROR https://ror.org/057w15z03, no update needed.
2025-05-15 10:27:16 INFO No match found for Pure org 'University of California Office of the President' in OpenAlex organizations.
2025-05-15 10:27:16 INFO Pure org 'Radboud University Nijmegen' already has ROR https://ror.org/016xsfp80, no update needed.
2025-05-15 10:27:16 INFO No match found for Pure org 'National Institute of Public Health and the Environment' in OpenAlex organizations.
2025-05-15 10:27:16 INFO Pure org 'Netherlands eScience Center' already has ROR https://ror.org/00rbjv475, no update needed.
2025-05-15 10:27:16 INFO Pure org 'University of Amsterdam' already has ROR https://ror.org/04dkp9463, no update needed.
2025-05-15 10:27:16 INFO Pure org 'Utrecht University' already has ROR https://ror.org/04pp8hn57, no update needed.
2025-05-15 10:27:16 INFO Pure org 'Erasmus University Rotterdam' already has ROR https://ror.org/057w15z03, no update needed.
2025-05-15 10:27:16 INFO No match found for Pure org 'Rutgers - The State University of New Jersey, Newark' in OpenAlex organizations.
2025-05-15 10:27:16 INFO Pure org 'Erasmus University Rotterdam' already has ROR https://ror.org/057w15z03, no update needed.
2025-05-15 10:27:16 INFO No match found for Pure org 'extern' in OpenAlex organizations.
2025-05-15 10:27:16 INFO Pure org 'Erasmus University Rotterdam' already has ROR https://ror.org/057w15z03, no update needed.
2025-05-15 10:27:16 INFO No match found for Pure org 'extern' in OpenAlex organizations.
2025-05-15 10:27:16 INFO Pure org 'Erasmus University Rotterdam' already has ROR https://ror.org/057w15z03, no update needed.
2025-05-15 10:27:16 INFO No match found for Pure org 'EAWAG' in OpenAlex organizations.
2025-05-15 10:27:16 INFO No match found for Pure org 'Erasmus University Rotterdam' in OpenAlex organizations.
2025-05-15 10:27:16 INFO No match found for Pure org 'National Science Foundation' in OpenAlex organizations.
2025-05-15 10:27:16 INFO Pure org 'Radboud University Nijmegen' already has ROR https://ror.org/016xsfp80, no update needed.
2025-05-15 10:27:16 INFO Pure org 'Erasmus University Rotterdam' already has ROR https://ror.org/057w15z03, no update needed.
2025-05-15 10:27:16 INFO Pure org 'Erasmus University Rotterdam' already has ROR https://ror.org/057w15z03, no update needed.
2025-05-15 10:27:16 INFO Pure org 'Erasmus University Rotterdam' already has ROR https://ror.org/057w15z03, no update needed.
2025-05-15 10:27:16 INFO Processed 1250 batch
2025-05-15 10:27:16 INFO Pure org 'Erasmus University Rotterdam' already has ROR https://ror.org/057w15z03, no update needed.
2025-05-15 10:27:16 INFO Pure org 'Erasmus University Rotterdam' already has ROR https://ror.org/057w15z03, no update needed.
2025-05-15 10:27:16 INFO Pure org 'Erasmus University Rotterdam' already has ROR https://ror.org/057w15z03, no update needed.
2025-05-15 10:27:16 INFO Pure org 'Erasmus University Rotterdam' already has ROR https://ror.org/057w15z03, no update needed.
2025-05-15 10:27:16 INFO Pure org 'Erasmus University Rotterdam' already has ROR https://ror.org/057w15z03, no update needed.
2025-05-15 10:27:16 INFO Pure org 'Erasmus University Rotterdam' already has ROR https://ror.org/057w15z03, no update needed.
2025-05-15 10:27:16 INFO Pure org 'Radboud University Nijmegen' already has ROR https://ror.org/016xsfp80, no update needed.
2025-05-15 10:27:16 INFO Pure org 'Erasmus University Rotterdam' already has ROR https://ror.org/057w15z03, no update needed.
2025-05-15 10:27:16 INFO Pure org 'Erasmus University Rotterdam' already has ROR https://ror.org/057w15z03, no update needed.
2025-05-15 10:27:16 INFO Pure org 'Erasmus University Rotterdam' already has ROR https://ror.org/057w15z03, no update needed.
2025-05-15 10:27:16 INFO Pure org 'University of Copenhagen' already has ROR https://ror.org/035b05819, no update needed.
2025-05-15 10:27:16 INFO No match found for Pure org 'extern' in OpenAlex organizations.
2025-05-15 10:27:16 INFO No match found for Pure org 'AUBG' in OpenAlex organizations.
2025-05-15 10:27:16 INFO Pure org 'University of Sheffield' already has ROR https://ror.org/05krs5044, no update needed.
2025-05-15 10:27:16 INFO Pure org 'University of Lausanne' already has ROR https://ror.org/019whta54, no update needed.
2025-05-15 10:27:16 INFO Pure org 'University of Sheffield' already has ROR https://ror.org/05krs5044, no update needed.
2025-05-15 10:27:16 INFO No match found for Pure org 'extern' in OpenAlex organizations.
2025-05-15 10:27:16 INFO Pure org 'University of Bergen' already has ROR https://ror.org/03zga2b32, no update needed.
2025-05-15 10:27:16 INFO No match found for Pure org 'Institute of Political Science (IEP)' in OpenAlex organizations.
2025-05-15 10:27:16 INFO No match found for Pure org 'extern' in OpenAlex organizations.
2025-05-15 10:27:16 INFO No match found for Pure org 'extern' in OpenAlex organizations.
2025-05-15 10:27:16 INFO Processed 1275 batch
2025-05-15 10:27:16 INFO Pure org 'Radboud University Nijmegen' already has ROR https://ror.org/016xsfp80, no update needed.
2025-05-15 10:27:16 INFO Pure org 'University of Twente' already has ROR https://ror.org/006hf6230, no update needed.
2025-05-15 10:27:16 INFO Pure org 'University of Lausanne' already has ROR https://ror.org/019whta54, no update needed.
2025-05-15 10:27:16 INFO No match found for Pure org 'Utrecht University  The Netherlands' in OpenAlex organizations.
2025-05-15 10:27:16 INFO Pure org 'University of Sheffield' already has ROR https://ror.org/05krs5044, no update needed.
2025-05-15 10:27:16 INFO No match found for Pure org 'National Centre for Epidemiology and Population Health, The Australian National University, Canberra, Australian Capital Territory 0200, Australia .' in OpenAlex organizations.
2025-05-15 10:27:16 INFO Pure org 'University of Gothenburg' already has ROR https://ror.org/01tm6cn81, no update needed.
2025-05-15 10:27:16 INFO Pure org 'Aarhus University' already has ROR https://ror.org/01aj84f44, no update needed.
2025-05-15 10:27:16 INFO Pure org 'University of Bergen' already has ROR https://ror.org/03zga2b32, no update needed.
2025-05-15 10:27:16 INFO Pure org 'University of Melbourne' already has ROR https://ror.org/01ej9dk98, no update needed.
2025-05-15 10:27:16 INFO Pure org 'University of Lausanne' already has ROR https://ror.org/019whta54, no update needed.
2025-05-15 10:27:16 INFO Pure org 'University of Sheffield' already has ROR https://ror.org/05krs5044, no update needed.
2025-05-15 10:27:16 INFO Pure org 'Australian National University' already has ROR https://ror.org/019wvm592, no update needed.
2025-05-15 10:27:16 INFO Pure org 'University of Antwerp' already has ROR https://ror.org/008x57b05, no update needed.
2025-05-15 10:27:16 INFO Pure org 'University of Gothenburg' already has ROR https://ror.org/01tm6cn81, no update needed.
2025-05-15 10:27:16 INFO Pure org 'Aarhus University' already has ROR https://ror.org/01aj84f44, no update needed.
2025-05-15 10:27:16 INFO Pure org 'University of Bergen' already has ROR https://ror.org/03zga2b32, no update needed.
2025-05-15 10:27:16 INFO No match found for Pure org 'Institute of Political Science (IEP)' in OpenAlex organizations.
2025-05-15 10:27:16 INFO Pure org 'University of Melbourne' already has ROR https://ror.org/01ej9dk98, no update needed.
2025-05-15 10:27:16 INFO No match found for Pure org 'extern' in OpenAlex organizations.
2025-05-15 10:27:16 INFO No match found for Pure org 'extern' in OpenAlex organizations.
2025-05-15 10:27:16 INFO Pure org 'Erasmus University Rotterdam' already has ROR https://ror.org/057w15z03, no update needed.
2025-05-15 10:27:16 INFO No match found for Pure org 'extern' in OpenAlex organizations.
2025-05-15 10:27:16 INFO No match found for Pure org 'Telder School of Management' in OpenAlex organizations.
2025-05-15 10:27:16 INFO No match found for Pure org 'Tjongqing University of Post and Telecommunications' in OpenAlex organizations.
2025-05-15 10:27:16 INFO No match found for Pure org 'Universitat Autonoma de Barcelona' in OpenAlex organizations.
2025-05-15 10:27:16 INFO No match found for Pure org 'University of Vienna' in OpenAlex organizations.
2025-05-15 10:27:16 INFO Pure org 'ETH Zurich' already has ROR https://ror.org/05a28rw58, no update needed.
2025-05-15 10:27:16 INFO Pure org 'University of Innsbruck' already has ROR https://ror.org/054pv6659, no update needed.
2025-05-15 10:27:16 INFO Will update ROR for Pure org 'Kühne Logistics University' with ROR https://ror.org/00z9cn431
2025-05-15 10:27:16 INFO Will update ROR for Pure org 'Nederlands Forensisch Instituut' with ROR https://ror.org/04s2z4291
2025-05-15 10:27:16 INFO No match found for Pure org 'Leeds University Business School' in OpenAlex organizations.
2025-05-15 10:27:16 INFO No match found for Pure org 'Massachusetts Institute of Technology' in OpenAlex organizations.
2025-05-15 10:27:16 INFO Will update ROR for Pure org 'National Taiwan Normal University' with ROR https://ror.org/059dkdx38
2025-05-15 10:27:16 INFO No match found for Pure org 'Tsinghua University School of Economics and Management' in OpenAlex organizations.
2025-05-15 10:27:16 INFO Pure org 'Erasmus University Rotterdam' already has ROR https://ror.org/057w15z03, no update needed.
2025-05-15 10:27:16 INFO No match found for Pure org 'Erasmus University Rotterdam' in OpenAlex organizations.
2025-05-15 10:27:16 INFO Pure org 'Erasmus University Rotterdam' already has ROR https://ror.org/057w15z03, no update needed.
2025-05-15 10:27:16 INFO Pure org 'Erasmus University Rotterdam' already has ROR https://ror.org/057w15z03, no update needed.
2025-05-15 10:27:16 INFO Processed 1300 batch
2025-05-15 10:27:16 INFO Pure org 'Erasmus University Rotterdam' already has ROR https://ror.org/057w15z03, no update needed.
2025-05-15 10:27:16 INFO Pure org 'Erasmus University Rotterdam' already has ROR https://ror.org/057w15z03, no update needed.
2025-05-15 10:27:16 INFO No match found for Pure org 'Erasmus University Rotterdam' in OpenAlex organizations.
2025-05-15 10:27:16 INFO Pure org 'Erasmus University Rotterdam' already has ROR https://ror.org/057w15z03, no update needed.
2025-05-15 10:27:16 INFO Pure org 'Erasmus University Rotterdam' already has ROR https://ror.org/057w15z03, no update needed.
2025-05-15 10:27:16 INFO Pure org 'Erasmus University Rotterdam' already has ROR https://ror.org/057w15z03, no update needed.
2025-05-15 10:27:16 INFO Pure org 'Erasmus University Rotterdam' already has ROR https://ror.org/057w15z03, no update needed.
2025-05-15 10:27:16 INFO No match found for Pure org 'Massachusetts Institute of Technology' in OpenAlex organizations.
2025-05-15 10:27:16 INFO Will update ROR for Pure org 'Tshwane University of Technology' with ROR https://ror.org/037mrss42
2025-05-15 10:27:16 INFO Pure org 'Erasmus University Rotterdam' already has ROR https://ror.org/057w15z03, no update needed.
2025-05-15 10:27:16 INFO No match found for Pure org 'Technical University of Munich' in OpenAlex organizations.
2025-05-15 10:27:16 INFO Will update ROR for Pure org 'University of Vaasa' with ROR https://ror.org/03769b225
2025-05-15 10:27:17 INFO Pure org 'University of East Anglia' already has ROR https://ror.org/026k5mg93, no update needed.
2025-05-15 10:27:17 INFO Pure org 'University of Lausanne' already has ROR https://ror.org/019whta54, no update needed.
2025-05-15 10:27:17 INFO Pure org 'University of East Anglia' already has ROR https://ror.org/026k5mg93, no update needed.
2025-05-15 10:27:17 INFO No match found for Pure org 'Institute for Social and Economic Research (ISER)' in OpenAlex organizations.
2025-05-15 10:27:17 INFO No match found for Pure org 'Institute for Social and Economic Research (ISER)' in OpenAlex organizations.
2025-05-15 10:27:17 INFO Pure org 'Luxembourg Institute of Socio-Economic Research' already has ROR https://ror.org/040jf9322, no update needed.
2025-05-15 10:27:17 INFO Pure org 'University of York' already has ROR https://ror.org/04m01e293, no update needed.
2025-05-15 10:27:17 INFO Pure org 'KU Leuven' already has ROR https://ror.org/05f950310, no update needed.
2025-05-15 10:27:17 INFO Pure org 'University of Groningen' already has ROR https://ror.org/012p63287, no update needed.
2025-05-15 10:27:17 INFO Will update ROR for Pure org 'Renmin University of China' with ROR https://ror.org/041pakw92
2025-05-15 10:27:17 INFO Pure org 'Vrije Universiteit Amsterdam' already has ROR https://ror.org/008xxew50, no update needed.
2025-05-15 10:27:17 INFO Processed 1325 batch
2025-05-15 10:27:17 INFO Pure org 'Deltares' already has ROR https://ror.org/01deh9c76, no update needed.
2025-05-15 10:27:17 INFO Pure org 'Vrije Universiteit Amsterdam' already has ROR https://ror.org/008xxew50, no update needed.
2025-05-15 10:27:17 INFO Pure org 'Deltares' already has ROR https://ror.org/01deh9c76, no update needed.
2025-05-15 10:27:17 INFO Pure org 'Delft University of Technology' already has ROR https://ror.org/02e2c7k09, no update needed.
2025-05-15 10:27:17 INFO Pure org 'Vrije Universiteit Amsterdam' already has ROR https://ror.org/008xxew50, no update needed.
2025-05-15 10:27:17 INFO Pure org 'Vrije Universiteit Amsterdam' already has ROR https://ror.org/008xxew50, no update needed.
2025-05-15 10:27:17 INFO No match found for Pure org 'IIASA - International Institute for Applied Systems Analysis' in OpenAlex organizations.
2025-05-15 10:27:17 INFO Pure org 'Vrije Universiteit Amsterdam' already has ROR https://ror.org/008xxew50, no update needed.
2025-05-15 10:27:17 INFO Pure org 'University of Potsdam' already has ROR https://ror.org/03bnmw459, no update needed.
2025-05-15 10:27:17 INFO Pure org 'Deltares' already has ROR https://ror.org/01deh9c76, no update needed.
2025-05-15 10:27:17 INFO Pure org 'Vrije Universiteit Amsterdam' already has ROR https://ror.org/008xxew50, no update needed.
2025-05-15 10:27:17 INFO Pure org 'Vrije Universiteit Amsterdam' already has ROR https://ror.org/008xxew50, no update needed.
2025-05-15 10:27:17 INFO Pure org 'Stevens Institute of Technology' already has ROR https://ror.org/02z43xh36, no update needed.
2025-05-15 10:27:17 INFO Pure org 'Deltares' already has ROR https://ror.org/01deh9c76, no update needed.
2025-05-15 10:27:17 INFO No match found for Pure org 'Royal HaskoningDHV' in OpenAlex organizations.
2025-05-15 10:27:17 INFO Pure org 'Vrije Universiteit Amsterdam' already has ROR https://ror.org/008xxew50, no update needed.
2025-05-15 10:27:17 INFO No match found for Pure org 'Ctr Insurance Policy & Res' in OpenAlex organizations.
2025-05-15 10:27:17 INFO No match found for Pure org 'Deltares' in OpenAlex organizations.
2025-05-15 10:27:17 INFO No match found for Pure org 'Texas A&M University System' in OpenAlex organizations.
2025-05-15 10:27:17 INFO Pure org 'Vrije Universiteit Amsterdam' already has ROR https://ror.org/008xxew50, no update needed.
2025-05-15 10:27:17 INFO Pure org 'Deltares' already has ROR https://ror.org/01deh9c76, no update needed.
2025-05-15 10:27:17 INFO No match found for Pure org 'Royal HaskoningDHV' in OpenAlex organizations.
2025-05-15 10:27:17 INFO Pure org 'Vrije Universiteit Amsterdam' already has ROR https://ror.org/008xxew50, no update needed.
2025-05-15 10:27:17 INFO Pure org 'Universidad Nacional Autónoma de México' already has ROR https://ror.org/01tmp8f25, no update needed.
2025-05-15 10:27:17 INFO Pure org 'Vrije Universiteit Amsterdam' already has ROR https://ror.org/008xxew50, no update needed.
2025-05-15 10:27:17 INFO Will update ROR for Pure org 'Institut universitaire de France' with ROR https://ror.org/055khg266
2025-05-15 10:27:17 INFO No match found for Pure org 'CY Cergy Paris Université' in OpenAlex organizations.
2025-05-15 10:27:17 INFO Pure org 'Vrije Universiteit Amsterdam' already has ROR https://ror.org/008xxew50, no update needed.
2025-05-15 10:27:17 INFO Pure org 'Vrije Universiteit Amsterdam' already has ROR https://ror.org/008xxew50, no update needed.
2025-05-15 10:27:17 INFO No match found for Pure org 'De Nederlandsche Bank (DNB)' in OpenAlex organizations.
2025-05-15 10:27:17 INFO Pure org 'Deltares' already has ROR https://ror.org/01deh9c76, no update needed.
2025-05-15 10:27:17 INFO Pure org 'Vrije Universiteit Amsterdam' already has ROR https://ror.org/008xxew50, no update needed.
2025-05-15 10:27:17 INFO Will update ROR for Pure org 'Institut universitaire de France' with ROR https://ror.org/055khg266
2025-05-15 10:27:17 INFO Will update ROR for Pure org 'University of Bucharest' with ROR https://ror.org/02x2v6p15
2025-05-15 10:27:17 INFO Pure org 'Helmholtz Centre for Environmental Research' already has ROR https://ror.org/000h6jb29, no update needed.
2025-05-15 10:27:17 INFO No match found for Pure org 'University of Potsdam' in OpenAlex organizations.
2025-05-15 10:27:17 INFO No match found for Pure org 'Münster University of Applied Sciences' in OpenAlex organizations.
2025-05-15 10:27:17 INFO No match found for Pure org 'Vrije Universiteit Amsterdam' in OpenAlex organizations.
2025-05-15 10:27:17 INFO No match found for Pure org 'Vrije Universiteit Amsterdam' in OpenAlex organizations.
2025-05-15 10:27:17 INFO Will update ROR for Pure org 'Université Lumière Lyon 2' with ROR https://ror.org/03rth4p18
2025-05-15 10:27:17 INFO Will update ROR for Pure org 'CY Cergy Paris Université' with ROR https://ror.org/043htjv09
2025-05-15 10:27:17 INFO No match found for Pure org 'ifo Institute – Leibniz Institute for Economic Research at the University of Munich' in OpenAlex organizations.
2025-05-15 10:27:17 INFO Pure org 'Colorado School of Mines' already has ROR https://ror.org/04raf6v53, no update needed.
2025-05-15 10:27:17 INFO Pure org 'University of Sussex' already has ROR https://ror.org/00ayhx656, no update needed.
2025-05-15 10:27:17 INFO Pure org 'Universidad Nacional Autónoma de México' already has ROR https://ror.org/01tmp8f25, no update needed.
2025-05-15 10:27:17 INFO No match found for Pure org 'Erasmus University Rotterdam' in OpenAlex organizations.
2025-05-15 10:27:17 INFO Pure org 'Vrije Universiteit Amsterdam' already has ROR https://ror.org/008xxew50, no update needed.
2025-05-15 10:27:17 INFO Pure org 'Vrije Universiteit Amsterdam' already has ROR https://ror.org/008xxew50, no update needed.
2025-05-15 10:27:17 INFO No match found for Pure org 'Statistics Netherlands/ VU University Amsterdam' in OpenAlex organizations.
2025-05-15 10:27:17 INFO Pure org 'Leibniz Research Centre for Working Environment and Human Factors' already has ROR https://ror.org/05cj29x94, no update needed.
2025-05-15 10:27:17 INFO Pure org 'Vrije Universiteit Amsterdam' already has ROR https://ror.org/008xxew50, no update needed.
2025-05-15 10:27:17 INFO Pure org 'Universidad Nacional Autónoma de México' already has ROR https://ror.org/01tmp8f25, no update needed.
2025-05-15 10:27:17 INFO Pure org 'Vrije Universiteit Amsterdam' already has ROR https://ror.org/008xxew50, no update needed.
2025-05-15 10:27:17 INFO Pure org 'Vrije Universiteit Amsterdam' already has ROR https://ror.org/008xxew50, no update needed.
2025-05-15 10:27:17 INFO Pure org 'Vrije Universiteit Amsterdam' already has ROR https://ror.org/008xxew50, no update needed.
2025-05-15 10:27:17 INFO Processed 1350 batch
2025-05-15 10:27:17 INFO No match found for Pure org 'ifo Institute – Leibniz Institute for Economic Research at the University of Munich' in OpenAlex organizations.
2025-05-15 10:27:17 INFO Pure org 'Colorado School of Mines' already has ROR https://ror.org/04raf6v53, no update needed.
2025-05-15 10:27:17 INFO Pure org 'University of Sussex' already has ROR https://ror.org/00ayhx656, no update needed.
2025-05-15 10:27:17 INFO Pure org 'Universidad Nacional Autónoma de México' already has ROR https://ror.org/01tmp8f25, no update needed.
2025-05-15 10:27:17 INFO No match found for Pure org 'Erasmus University Rotterdam' in OpenAlex organizations.
2025-05-15 10:27:17 INFO Pure org 'Vrije Universiteit Amsterdam' already has ROR https://ror.org/008xxew50, no update needed.
2025-05-15 10:27:17 INFO No match found for Pure org 'The University of Chicago' in OpenAlex organizations.
2025-05-15 10:27:17 INFO Pure org 'Vrije Universiteit Amsterdam' already has ROR https://ror.org/008xxew50, no update needed.
2025-05-15 10:27:17 INFO Pure org 'University of Pennsylvania' already has ROR https://ror.org/00b30xv10, no update needed.
2025-05-15 10:27:17 INFO Pure org 'Universidad Nacional Autónoma de México' already has ROR https://ror.org/01tmp8f25, no update needed.
2025-05-15 10:27:17 INFO Pure org 'Vrije Universiteit Amsterdam' already has ROR https://ror.org/008xxew50, no update needed.
2025-05-15 10:27:17 INFO No match found for Pure org 'Deutsche Gesellschaft für Internationale Zusammenarbeit (GIZ) GmbH' in OpenAlex organizations.
2025-05-15 10:27:17 INFO Pure org 'University of Potsdam' already has ROR https://ror.org/03bnmw459, no update needed.
2025-05-15 10:27:17 INFO Pure org 'Deltares' already has ROR https://ror.org/01deh9c76, no update needed.
2025-05-15 10:27:17 INFO Pure org 'Vrije Universiteit Amsterdam' already has ROR https://ror.org/008xxew50, no update needed.
2025-05-15 10:27:17 INFO No match found for Pure org 'The London School of Economics and Political Science' in OpenAlex organizations.
2025-05-15 10:27:17 INFO No match found for Pure org 'ifo Institute – Leibniz Institute for Economic Research at the University of Munich' in OpenAlex organizations.
2025-05-15 10:27:17 INFO No match found for Pure org 'Universitat Autonoma' in OpenAlex organizations.
2025-05-15 10:27:17 INFO Pure org 'Georgia State University' already has ROR https://ror.org/03qt6ba18, no update needed.
2025-05-15 10:27:17 INFO No match found for Pure org 'ICREA' in OpenAlex organizations.
2025-05-15 10:27:17 INFO No match found for Pure org 'European Commission Joint Research Centre Institute' in OpenAlex organizations.
2025-05-15 10:27:17 INFO No match found for Pure org 'The University of Applied Sciences Western Switzerland' in OpenAlex organizations.
2025-05-15 10:27:17 INFO Pure org 'Norwegian University of Life Sciences' already has ROR https://ror.org/04a1mvv97, no update needed.
2025-05-15 10:27:17 INFO Pure org 'University of Innsbruck' already has ROR https://ror.org/054pv6659, no update needed.
2025-05-15 10:27:17 INFO Pure org 'Autonomous University of Barcelona' already has ROR https://ror.org/052g8jq94, no update needed.
2025-05-15 10:27:17 INFO Pure org 'University of Barcelona' already has ROR https://ror.org/021018s57, no update needed.
2025-05-15 10:27:17 INFO Will update ROR for Pure org 'Dartmouth College' with ROR https://ror.org/049s0rh22
2025-05-15 10:27:17 INFO Will update ROR for Pure org 'FernUniversität in Hagen' with ROR https://ror.org/04tkkr536
2025-05-15 10:27:18 INFO Pure org 'Deltares' already has ROR https://ror.org/01deh9c76, no update needed.
2025-05-15 10:27:18 INFO Pure org 'Vrije Universiteit Amsterdam' already has ROR https://ror.org/008xxew50, no update needed.
2025-05-15 10:27:18 INFO No match found for Pure org 'Humboldt University of Berlin' in OpenAlex organizations.
2025-05-15 10:27:18 INFO No match found for Pure org 'EuroMediterranean Center on Climate Change (CMCC)' in OpenAlex organizations.
2025-05-15 10:27:18 INFO No match found for Pure org 'BC3 Basque Centre for Climate Change' in OpenAlex organizations.
2025-05-15 10:27:18 INFO Will update ROR for Pure org 'Global Climate Forum' with ROR https://ror.org/02tce8t86
2025-05-15 10:27:18 INFO Will update ROR for Pure org 'Paul Watkiss Associates' with ROR https://ror.org/05v4wt877
2025-05-15 10:27:18 INFO No match found for Pure org 'International Institute for Applied Systems Analysis, Laxenburg' in OpenAlex organizations.
2025-05-15 10:27:18 INFO Pure org 'Vrije Universiteit Amsterdam' already has ROR https://ror.org/008xxew50, no update needed.
2025-05-15 10:27:18 INFO Pure org 'University of Milan' already has ROR https://ror.org/00wjc7c48, no update needed.
2025-05-15 10:27:18 INFO Pure org 'Deltares' already has ROR https://ror.org/01deh9c76, no update needed.
2025-05-15 10:27:18 INFO No match found for Pure org 'Grantham Research Institute' in OpenAlex organizations.
2025-05-15 10:27:18 INFO Pure org 'University of Graz' already has ROR https://ror.org/01faaaf77, no update needed.
2025-05-15 10:27:18 INFO Pure org 'Leibniz Research Centre for Working Environment and Human Factors' already has ROR https://ror.org/05cj29x94, no update needed.
2025-05-15 10:27:18 INFO Pure org 'Vrije Universiteit Amsterdam' already has ROR https://ror.org/008xxew50, no update needed.
2025-05-15 10:27:18 INFO Pure org 'Vrije Universiteit Amsterdam' already has ROR https://ror.org/008xxew50, no update needed.
2025-05-15 10:27:18 INFO Pure org 'Vrije Universiteit Amsterdam' already has ROR https://ror.org/008xxew50, no update needed.
2025-05-15 10:27:18 INFO Pure org 'Universidad Nacional Autónoma de México' already has ROR https://ror.org/01tmp8f25, no update needed.
2025-05-15 10:27:18 INFO Pure org 'Vrije Universiteit Amsterdam' already has ROR https://ror.org/008xxew50, no update needed.
2025-05-15 10:27:18 INFO No match found for Pure org 'Netherlands Assessment Agency (PBL)' in OpenAlex organizations.
2025-05-15 10:27:18 INFO Pure org 'Vrije Universiteit Amsterdam' already has ROR https://ror.org/008xxew50, no update needed.
2025-05-15 10:27:18 INFO Pure org 'Vrije Universiteit Amsterdam' already has ROR https://ror.org/008xxew50, no update needed.
2025-05-15 10:27:18 INFO Pure org 'Deltares' already has ROR https://ror.org/01deh9c76, no update needed.
2025-05-15 10:27:18 INFO No match found for Pure org 'University of Amsterdam, VU University Amsterdam' in OpenAlex organizations.
2025-05-15 10:27:18 INFO No match found for Pure org 'Ramboll Group AS' in OpenAlex organizations.
2025-05-15 10:27:18 INFO Pure org 'Vrije Universiteit Amsterdam' already has ROR https://ror.org/008xxew50, no update needed.
2025-05-15 10:27:18 INFO Pure org 'University of Potsdam' already has ROR https://ror.org/03bnmw459, no update needed.
2025-05-15 10:27:18 INFO Pure org 'Vrije Universiteit Amsterdam' already has ROR https://ror.org/008xxew50, no update needed.
2025-05-15 10:27:18 INFO Pure org 'Vrije Universiteit Amsterdam' already has ROR https://ror.org/008xxew50, no update needed.
2025-05-15 10:27:18 INFO Pure org 'University of Pennsylvania' already has ROR https://ror.org/00b30xv10, no update needed.
2025-05-15 10:27:18 INFO No match found for Pure org 'ifo Institute – Leibniz Institute for Economic Research at the University of Munich' in OpenAlex organizations.
2025-05-15 10:27:18 INFO Pure org 'Colorado School of Mines' already has ROR https://ror.org/04raf6v53, no update needed.
2025-05-15 10:27:18 INFO Pure org 'University of Sussex' already has ROR https://ror.org/00ayhx656, no update needed.
2025-05-15 10:27:18 INFO Pure org 'Universidad Nacional Autónoma de México' already has ROR https://ror.org/01tmp8f25, no update needed.
2025-05-15 10:27:18 INFO No match found for Pure org 'Erasmus University Rotterdam' in OpenAlex organizations.
2025-05-15 10:27:18 INFO Pure org 'Vrije Universiteit Amsterdam' already has ROR https://ror.org/008xxew50, no update needed.
2025-05-15 10:27:18 INFO Pure org 'Vrije Universiteit Amsterdam' already has ROR https://ror.org/008xxew50, no update needed.
2025-05-15 10:27:18 INFO Pure org 'University of Pennsylvania' already has ROR https://ror.org/00b30xv10, no update needed.
2025-05-15 10:27:18 INFO Pure org 'Deltares' already has ROR https://ror.org/01deh9c76, no update needed.
2025-05-15 10:27:18 INFO Pure org 'Vrije Universiteit Amsterdam' already has ROR https://ror.org/008xxew50, no update needed.
2025-05-15 10:27:18 INFO Will update ROR for Pure org 'United States Geological Survey' with ROR https://ror.org/035a68863
2025-05-15 10:27:18 INFO No match found for Pure org 'University of Southern California' in OpenAlex organizations.
2025-05-15 10:27:18 INFO Pure org 'Vrije Universiteit Amsterdam' already has ROR https://ror.org/008xxew50, no update needed.
2025-05-15 10:27:18 INFO Processed 1375 batch
2025-05-15 10:27:18 INFO Pure org 'Vrije Universiteit Amsterdam' already has ROR https://ror.org/008xxew50, no update needed.
2025-05-15 10:27:18 INFO Pure org 'Vrije Universiteit Amsterdam' already has ROR https://ror.org/008xxew50, no update needed.
2025-05-15 10:27:18 INFO Pure org 'University of Potsdam' already has ROR https://ror.org/03bnmw459, no update needed.
2025-05-15 10:27:18 INFO Pure org 'University of Potsdam' already has ROR https://ror.org/03bnmw459, no update needed.
2025-05-15 10:27:18 INFO Pure org 'Utrecht University' already has ROR https://ror.org/04pp8hn57, no update needed.
2025-05-15 10:27:18 INFO Pure org 'University of Pennsylvania' already has ROR https://ror.org/00b30xv10, no update needed.
2025-05-15 10:27:18 INFO Pure org 'Vrije Universiteit Amsterdam' already has ROR https://ror.org/008xxew50, no update needed.
2025-05-15 10:27:18 INFO No match found for Pure org 'Risk Management and Decision Processes Centre' in OpenAlex organizations.
2025-05-15 10:27:18 INFO Will update ROR for Pure org 'Swiss Federal Institute for Forest, Snow and Landscape Research' with ROR https://ror.org/04bs5yc70
2025-05-15 10:27:18 INFO Pure org 'University of Graz' already has ROR https://ror.org/01faaaf77, no update needed.
2025-05-15 10:27:18 INFO Pure org 'Vrije Universiteit Amsterdam' already has ROR https://ror.org/008xxew50, no update needed.
2025-05-15 10:27:18 INFO Pure org 'University of Pennsylvania' already has ROR https://ror.org/00b30xv10, no update needed.
2025-05-15 10:27:18 INFO No match found for Pure org 'extern' in OpenAlex organizations.
2025-05-15 10:27:18 INFO Pure org 'Vrije Universiteit Amsterdam' already has ROR https://ror.org/008xxew50, no update needed.
2025-05-15 10:27:18 INFO Pure org 'Vrije Universiteit Amsterdam' already has ROR https://ror.org/008xxew50, no update needed.
2025-05-15 10:27:18 INFO No match found for Pure org 'Deltares' in OpenAlex organizations.
2025-05-15 10:27:18 INFO Pure org 'Vrije Universiteit Amsterdam' already has ROR https://ror.org/008xxew50, no update needed.
2025-05-15 10:27:18 INFO Pure org 'Vrije Universiteit Amsterdam' already has ROR https://ror.org/008xxew50, no update needed.
2025-05-15 10:27:18 INFO No match found for Pure org 'HKV Consultants' in OpenAlex organizations.
2025-05-15 10:27:18 INFO No match found for Pure org 'Vrije Universiteit Amsterdam' in OpenAlex organizations.
2025-05-15 10:27:18 INFO Pure org 'Vrije Universiteit Amsterdam' already has ROR https://ror.org/008xxew50, no update needed.
2025-05-15 10:27:18 INFO Pure org 'Vrije Universiteit Amsterdam' already has ROR https://ror.org/008xxew50, no update needed.
2025-05-15 10:27:18 INFO Pure org 'Vrije Universiteit Amsterdam' already has ROR https://ror.org/008xxew50, no update needed.
2025-05-15 10:27:18 INFO Pure org 'Vrije Universiteit Amsterdam' already has ROR https://ror.org/008xxew50, no update needed.
2025-05-15 10:27:18 INFO Pure org 'Vrije Universiteit Amsterdam' already has ROR https://ror.org/008xxew50, no update needed.
2025-05-15 10:27:18 INFO Pure org 'Vrije Universiteit Amsterdam' already has ROR https://ror.org/008xxew50, no update needed.
2025-05-15 10:27:18 INFO No match found for Pure org 'The London School of Economics and Political Science' in OpenAlex organizations.
2025-05-15 10:27:18 INFO No match found for Pure org 'Centro Euro-Mediterraneo sui Cambiamenti Climatici (CMCC)' in OpenAlex organizations.
2025-05-15 10:27:18 INFO No match found for Pure org 'National Institute for Environmental Studies of Japan' in OpenAlex organizations.
2025-05-15 10:27:18 INFO Pure org 'Vrije Universiteit Amsterdam' already has ROR https://ror.org/008xxew50, no update needed.
2025-05-15 10:27:18 INFO No match found for Pure org 'National Institute for Environmental Studies of Japan' in OpenAlex organizations.
2025-05-15 10:27:18 INFO No match found for Pure org 'ICREA' in OpenAlex organizations.
2025-05-15 10:27:18 INFO Pure org 'Autonomous University of Barcelona' already has ROR https://ror.org/052g8jq94, no update needed.
2025-05-15 10:27:18 INFO Pure org 'Vrije Universiteit Amsterdam' already has ROR https://ror.org/008xxew50, no update needed.
2025-05-15 10:27:18 INFO No match found for Pure org 'External unknown' in OpenAlex organizations.
2025-05-15 10:27:18 INFO Pure org 'Vrije Universiteit Amsterdam' already has ROR https://ror.org/008xxew50, no update needed.
2025-05-15 10:27:18 INFO No match found for Pure org 'Institute for Environmental Studies' in OpenAlex organizations.
2025-05-15 10:27:18 INFO Pure org 'Vrije Universiteit Amsterdam' already has ROR https://ror.org/008xxew50, no update needed.
2025-05-15 10:27:18 INFO Pure org 'Vrije Universiteit Amsterdam' already has ROR https://ror.org/008xxew50, no update needed.
2025-05-15 10:27:18 INFO Pure org 'Vrije Universiteit Amsterdam' already has ROR https://ror.org/008xxew50, no update needed.
2025-05-15 10:27:18 INFO Pure org 'Vrije Universiteit Amsterdam' already has ROR https://ror.org/008xxew50, no update needed.
2025-05-15 10:27:18 INFO Pure org 'Vrije Universiteit Amsterdam' already has ROR https://ror.org/008xxew50, no update needed.
2025-05-15 10:27:18 INFO No match found for Pure org 'Vrije Universiteit Amsterdam' in OpenAlex organizations.
2025-05-15 10:27:18 INFO Processed 1400 batch
2025-05-15 10:27:18 INFO Pure org 'Vrije Universiteit Amsterdam' already has ROR https://ror.org/008xxew50, no update needed.
2025-05-15 10:27:18 INFO Pure org 'Vrije Universiteit Amsterdam' already has ROR https://ror.org/008xxew50, no update needed.
2025-05-15 10:27:18 INFO Pure org 'Vrije Universiteit Amsterdam' already has ROR https://ror.org/008xxew50, no update needed.
2025-05-15 10:27:18 INFO Pure org 'Vrije Universiteit Amsterdam' already has ROR https://ror.org/008xxew50, no update needed.
2025-05-15 10:27:18 INFO Pure org 'Vrije Universiteit Amsterdam' already has ROR https://ror.org/008xxew50, no update needed.
2025-05-15 10:27:18 INFO Pure org 'Vrije Universiteit Amsterdam' already has ROR https://ror.org/008xxew50, no update needed.
2025-05-15 10:27:18 INFO Pure org 'Vrije Universiteit Amsterdam' already has ROR https://ror.org/008xxew50, no update needed.
2025-05-15 10:27:18 INFO Pure org 'Vrije Universiteit Amsterdam' already has ROR https://ror.org/008xxew50, no update needed.
2025-05-15 10:27:18 INFO Pure org 'Vrije Universiteit Amsterdam' already has ROR https://ror.org/008xxew50, no update needed.
2025-05-15 10:27:18 INFO Pure org 'Vrije Universiteit Amsterdam' already has ROR https://ror.org/008xxew50, no update needed.
2025-05-15 10:27:18 INFO Pure org 'Vrije Universiteit Amsterdam' already has ROR https://ror.org/008xxew50, no update needed.
2025-05-15 10:27:18 INFO Pure org 'Vrije Universiteit Amsterdam' already has ROR https://ror.org/008xxew50, no update needed.
2025-05-15 10:27:18 INFO No match found for Pure org 'Vrije Universiteit Amsterdam' in OpenAlex organizations.
2025-05-15 10:27:18 INFO Pure org 'Vrije Universiteit Amsterdam' already has ROR https://ror.org/008xxew50, no update needed.
2025-05-15 10:27:18 INFO Pure org 'Vrije Universiteit Amsterdam' already has ROR https://ror.org/008xxew50, no update needed.
2025-05-15 10:27:18 INFO Pure org 'Ghent University' already has ROR https://ror.org/00cv9y106, no update needed.
2025-05-15 10:27:18 INFO No match found for Pure org 'Laboratory for Organic Synthesis' in OpenAlex organizations.
2025-05-15 10:27:18 INFO No match found for Pure org 'External unknown' in OpenAlex organizations.
2025-05-15 10:27:18 INFO No match found for Pure org 'Supramolecular Chemistry Group' in OpenAlex organizations.
2025-05-15 10:27:18 INFO Pure org 'Ghent University' already has ROR https://ror.org/00cv9y106, no update needed.
2025-05-15 10:27:18 INFO No match found for Pure org 'Laboratory for Organic Synthesis' in OpenAlex organizations.
2025-05-15 10:27:18 INFO No match found for Pure org 'Supramolecular Chemistry Group' in OpenAlex organizations.
2025-05-15 10:27:18 INFO Pure org 'Utrecht University' already has ROR https://ror.org/04pp8hn57, no update needed.
2025-05-15 10:27:18 INFO No match found for Pure org 'External unknown' in OpenAlex organizations.
2025-05-15 10:27:18 INFO No match found for Pure org 'External unknown' in OpenAlex organizations.
2025-05-15 10:27:18 INFO Pure org 'University of Stirling' already has ROR https://ror.org/045wgfr59, no update needed.
2025-05-15 10:27:18 INFO No match found for Pure org 'Fundação Getúlio Vargas' in OpenAlex organizations.
2025-05-15 10:27:18 INFO Processed 1425 batch
2025-05-15 10:27:18 INFO Pure org 'Yeshiva University' already has ROR https://ror.org/045x93337, no update needed.
2025-05-15 10:27:18 INFO Will update ROR for Pure org 'North Carolina State University' with ROR https://ror.org/04tj63d06
2025-05-15 10:27:18 INFO Pure org 'Lund University' already has ROR https://ror.org/012a77v79, no update needed.
2025-05-15 10:27:18 INFO Will update ROR for Pure org 'Universidade Federal de Ouro Preto' with ROR https://ror.org/056s65p46
2025-05-15 10:27:18 INFO Pure org 'Utrecht University' already has ROR https://ror.org/04pp8hn57, no update needed.
2025-05-15 10:27:18 INFO No match found for Pure org 'Master Program in Applied Economics – PPEA/UFOP' in OpenAlex organizations.
2025-05-15 10:27:19 INFO No match found for Pure org 'Maastricht University' in OpenAlex organizations.
2025-05-15 10:27:19 INFO Pure org 'Harvard University' already has ROR https://ror.org/03vek6s52, no update needed.
2025-05-15 10:27:19 INFO Pure org 'University of Mannheim' already has ROR https://ror.org/031bsb921, no update needed.
2025-05-15 10:27:19 INFO No match found for Pure org 'Swedish Natl Def College' in OpenAlex organizations.
2025-05-15 10:27:19 INFO Processed 1450 batch
2025-05-15 10:27:19 INFO Pure org 'University of Bath' already has ROR https://ror.org/002h8g185, no update needed.
2025-05-15 10:27:19 INFO Will update ROR for Pure org 'Massachusetts Institute of Technology' with ROR https://ror.org/042nb2s44
2025-05-15 10:27:19 INFO Pure org 'Utrecht University' already has ROR https://ror.org/04pp8hn57, no update needed.
2025-05-15 10:27:19 INFO Pure org 'University College London' already has ROR https://ror.org/02jx3x895, no update needed.
2025-05-15 10:27:19 INFO No match found for Pure org 'Swiss Federal Institute of Technology Zurich' in OpenAlex organizations.
2025-05-15 10:27:19 INFO No match found for Pure org 'E3 Modelling' in OpenAlex organizations.
2025-05-15 10:27:19 INFO No match found for Pure org 'Swiss Federal Institute of Technology Zurich' in OpenAlex organizations.
2025-05-15 10:27:19 INFO Pure org 'Utrecht University' already has ROR https://ror.org/04pp8hn57, no update needed.
2025-05-15 10:27:19 INFO No match found for Pure org 'Max Planck Research Unit' in OpenAlex organizations.
2025-05-15 10:27:19 INFO No match found for Pure org 'Sustainable Business Institute (SBI)' in OpenAlex organizations.
2025-05-15 10:27:19 INFO No match found for Pure org 'EBS Business School' in OpenAlex organizations.
2025-05-15 10:27:19 INFO No match found for Pure org 'Université libre de Bruxelles' in OpenAlex organizations.
2025-05-15 10:27:19 INFO No match found for Pure org 'EBS Business School' in OpenAlex organizations.
2025-05-15 10:27:19 INFO No match found for Pure org 'Sustainable Business Institute (SBI)' in OpenAlex organizations.
2025-05-15 10:27:19 INFO Pure org 'University of Sussex' already has ROR https://ror.org/00ayhx656, no update needed.
2025-05-15 10:27:19 INFO No match found for Pure org 'Sustainable Business Institute (SBI)' in OpenAlex organizations.
2025-05-15 10:27:19 INFO No match found for Pure org 'extern' in OpenAlex organizations.
2025-05-15 10:27:19 INFO No match found for Pure org 'Sustainable Business Institute (SBI)' in OpenAlex organizations.
2025-05-15 10:27:19 INFO Pure org 'University of Sussex' already has ROR https://ror.org/00ayhx656, no update needed.
2025-05-15 10:27:19 INFO Pure org 'University of Sussex' already has ROR https://ror.org/00ayhx656, no update needed.
2025-05-15 10:27:19 INFO No match found for Pure org 'Swiss Federal Institute of Technology Zurich' in OpenAlex organizations.
2025-05-15 10:27:19 INFO No match found for Pure org 'Academic Medical Center' in OpenAlex organizations.
2025-05-15 10:27:19 INFO Processed 1475 batch
2025-05-15 10:27:19 INFO No match found for Pure org 'Universidade de São Paulo' in OpenAlex organizations.
2025-05-15 10:27:19 INFO No match found for Pure org 'extern' in OpenAlex organizations.
2025-05-15 10:27:19 INFO No match found for Pure org 'Academic Medical Center' in OpenAlex organizations.
2025-05-15 10:27:19 INFO No match found for Pure org 'Academic Medical Center' in OpenAlex organizations.
2025-05-15 10:27:19 INFO No match found for Pure org 'Academic Medical Center' in OpenAlex organizations.
2025-05-15 10:27:19 INFO No match found for Pure org 'Academic Medical Center' in OpenAlex organizations.
2025-05-15 10:27:19 INFO No match found for Pure org 'Academic Medical Center' in OpenAlex organizations.
2025-05-15 10:27:19 INFO No match found for Pure org 'Academic Medical Center' in OpenAlex organizations.
2025-05-15 10:27:19 INFO Processed 1500 batch
2025-05-15 10:27:19 INFO No match found for Pure org 'Academic Medical Center' in OpenAlex organizations.
2025-05-15 10:27:19 INFO No match found for Pure org 'Academic Medical Center' in OpenAlex organizations.
2025-05-15 10:27:19 INFO No match found for Pure org 'Academic Medical Center' in OpenAlex organizations.
2025-05-15 10:27:19 INFO Pure org 'Radboud University Nijmegen' already has ROR https://ror.org/016xsfp80, no update needed.
2025-05-15 10:27:19 INFO No match found for Pure org 'Academic Medical Center' in OpenAlex organizations.
2025-05-15 10:27:19 INFO No match found for Pure org 'extern' in OpenAlex organizations.
2025-05-15 10:27:19 INFO Pure org 'Erasmus University Rotterdam' already has ROR https://ror.org/057w15z03, no update needed.
2025-05-15 10:27:19 INFO Pure org 'University of Manchester' already has ROR https://ror.org/027m9bs27, no update needed.
2025-05-15 10:27:19 INFO Pure org 'Tilburg University' already has ROR https://ror.org/04b8v1s79, no update needed.
2025-05-15 10:27:19 INFO No match found for Pure org 'Maastricht University' in OpenAlex organizations.
2025-05-15 10:27:19 INFO No match found for Pure org 'University of Turku' in OpenAlex organizations.
2025-05-15 10:27:19 INFO No match found for Pure org 'University of Twente' in OpenAlex organizations.
2025-05-15 10:27:19 INFO Processed 1525 batch
2025-05-15 10:27:19 INFO No match found for Pure org 'University of Amsterdam' in OpenAlex organizations.
2025-05-15 10:27:19 INFO Will update ROR for Pure org 'Massachusetts Institute of Technology' with ROR https://ror.org/042nb2s44
2025-05-15 10:27:19 INFO No match found for Pure org 'University of Manchester' in OpenAlex organizations.
2025-05-15 10:27:19 INFO Will update ROR for Pure org 'University of California at Los Angeles' with ROR https://ror.org/046rm7j60
2025-05-15 10:27:19 INFO No match found for Pure org 'Université de Toulouse' in OpenAlex organizations.
2025-05-15 10:27:19 INFO No match found for Pure org 'Datawheel' in OpenAlex organizations.
2025-05-15 10:27:19 INFO Will update ROR for Pure org 'London School of Economics' with ROR https://ror.org/0090zs177
2025-05-15 10:27:19 INFO Pure org 'Statistics Netherlands' already has ROR https://ror.org/0408v4c28, no update needed.
2025-05-15 10:27:19 INFO No match found for Pure org 'Vrije Universiteit Amsterdam' in OpenAlex organizations.
2025-05-15 10:27:19 INFO Processed 1550 batch
2025-05-15 10:27:19 INFO Pure org 'University Medical Center Utrecht' already has ROR https://ror.org/0575yy874, no update needed.
2025-05-15 10:27:19 INFO No match found for Pure org 'extern' in OpenAlex organizations.
2025-05-15 10:27:19 INFO No match found for Pure org 'extern' in OpenAlex organizations.
2025-05-15 10:27:19 INFO Pure org 'Utrecht University' already has ROR https://ror.org/04pp8hn57, no update needed.
2025-05-15 10:27:19 INFO No match found for Pure org 'Erasmus University Rotterdam' in OpenAlex organizations.
2025-05-15 10:27:19 INFO No match found for Pure org 'extern' in OpenAlex organizations.
2025-05-15 10:27:19 INFO Pure org 'University of Amsterdam' already has ROR https://ror.org/04dkp9463, no update needed.
2025-05-15 10:27:19 INFO No match found for Pure org 'extern' in OpenAlex organizations.
2025-05-15 10:27:19 INFO Pure org 'Delft University of Technology' already has ROR https://ror.org/02e2c7k09, no update needed.
2025-05-15 10:27:19 INFO No match found for Pure org 'VORtech BV' in OpenAlex organizations.
2025-05-15 10:27:19 INFO Pure org 'Indiana University Bloomington' already has ROR https://ror.org/02k40bc56, no update needed.
2025-05-15 10:27:19 INFO No match found for Pure org 'extern' in OpenAlex organizations.
2025-05-15 10:27:19 INFO Processed 1575 batch
2025-05-15 10:27:19 INFO No match found for Pure org 'Department of Pharmacology, University of Colorado School of Medicine, Aurora, CO 80045, USA' in OpenAlex organizations.
2025-05-15 10:27:19 INFO Will update ROR for Pure org 'Xi'an Jiaotong University' with ROR https://ror.org/017zhmm22
2025-05-15 10:27:19 INFO No match found for Pure org 'extern' in OpenAlex organizations.
2025-05-15 10:27:19 INFO No match found for Pure org 'extern' in OpenAlex organizations.
2025-05-15 10:27:19 INFO No match found for Pure org 'Erasmus University Rotterdam' in OpenAlex organizations.
2025-05-15 10:27:19 INFO No match found for Pure org 'Ghent University' in OpenAlex organizations.
2025-05-15 10:27:19 INFO No match found for Pure org 'Ghent University' in OpenAlex organizations.
2025-05-15 10:27:19 INFO No match found for Pure org 'Ghent University' in OpenAlex organizations.
2025-05-15 10:27:19 INFO No match found for Pure org 'Erasmus University Rotterdam' in OpenAlex organizations.
2025-05-15 10:27:19 INFO Pure org 'Erasmus University Rotterdam' already has ROR https://ror.org/057w15z03, no update needed.
2025-05-15 10:27:19 INFO Pure org 'Radboud University Nijmegen' already has ROR https://ror.org/016xsfp80, no update needed.
2025-05-15 10:27:19 INFO Pure org 'Erasmus University Rotterdam' already has ROR https://ror.org/057w15z03, no update needed.
2025-05-15 10:27:19 INFO Pure org 'Wageningen University & Research' already has ROR https://ror.org/04qw24q55, no update needed.
2025-05-15 10:27:19 INFO No match found for Pure org 'Wageningen University & Research' in OpenAlex organizations.
2025-05-15 10:27:19 INFO Pure org 'Wageningen University & Research' already has ROR https://ror.org/04qw24q55, no update needed.
2025-05-15 10:27:19 INFO No match found for Pure org 'Utrecht University' in OpenAlex organizations.
2025-05-15 10:27:19 INFO Pure org 'Radboud University Nijmegen' already has ROR https://ror.org/016xsfp80, no update needed.
2025-05-15 10:27:19 INFO Processed 1600 batch
2025-05-15 10:27:19 INFO Pure org 'Utrecht University' already has ROR https://ror.org/04pp8hn57, no update needed.
2025-05-15 10:27:19 INFO No match found for Pure org 'Rob Giel Research Centre, University Center of Psychiatry, University Medical Center Groningen, University of Groningen, Groningen' in OpenAlex organizations.
2025-05-15 10:27:19 INFO No match found for Pure org 'extern' in OpenAlex organizations.
2025-05-15 10:27:19 INFO No match found for Pure org 'extern' in OpenAlex organizations.
2025-05-15 10:27:19 INFO No match found for Pure org 'extern' in OpenAlex organizations.
2025-05-15 10:27:19 INFO Pure org 'University of Cambridge' already has ROR https://ror.org/013meh722, no update needed.
2025-05-15 10:27:19 INFO Will update ROR for Pure org 'Universität Trier' with ROR https://ror.org/02778hg05
2025-05-15 10:27:19 INFO Pure org 'WZB Berlin Social Science Center' already has ROR https://ror.org/03k0z2z93, no update needed.
2025-05-15 10:27:19 INFO Pure org 'Norwegian School of Economics' already has ROR https://ror.org/04v53s997, no update needed.
2025-05-15 10:27:19 INFO Pure org 'Indiana University Bloomington' already has ROR https://ror.org/02k40bc56, no update needed.
2025-05-15 10:27:19 INFO Pure org 'University of Glasgow' already has ROR https://ror.org/00vtgdb53, no update needed.
2025-05-15 10:27:19 INFO Pure org 'Karlsruhe Institute of Technology' already has ROR https://ror.org/04t3en479, no update needed.
2025-05-15 10:27:19 INFO Pure org 'Cornell University' already has ROR https://ror.org/05bnh6r87, no update needed.
2025-05-15 10:27:19 INFO No match found for Pure org 'Halle Institute for Economic Research - Member of the Leibniz Association' in OpenAlex organizations.
2025-05-15 10:27:19 INFO Pure org 'Texas Tech University' already has ROR https://ror.org/0405mnx93, no update needed.
2025-05-15 10:27:19 INFO Pure org 'Universitat Pompeu Fabra' already has ROR https://ror.org/04n0g0b29, no update needed.
2025-05-15 10:27:19 INFO Pure org 'Aarhus University' already has ROR https://ror.org/01aj84f44, no update needed.
2025-05-15 10:27:19 INFO Pure org 'Kiel Institute for the World Economy' already has ROR https://ror.org/032yym934, no update needed.
2025-05-15 10:27:19 INFO Pure org 'Stockholm School of Economics' already has ROR https://ror.org/01s5jzh92, no update needed.
2025-05-15 10:27:19 INFO Pure org 'University of Essex' already has ROR https://ror.org/02nkf1q06, no update needed.
2025-05-15 10:27:19 INFO Pure org 'University of Copenhagen' already has ROR https://ror.org/035b05819, no update needed.
2025-05-15 10:27:19 INFO Pure org 'Technical University of Berlin' already has ROR https://ror.org/03v4gjf40, no update needed.
2025-05-15 10:27:19 INFO Pure org 'University of Konstanz' already has ROR https://ror.org/0546hnb39, no update needed.
2025-05-15 10:27:19 INFO Pure org 'University of Queensland' already has ROR https://ror.org/00rqy9422, no update needed.
2025-05-15 10:27:19 INFO Pure org 'Johannes Kepler University of Linz' already has ROR https://ror.org/052r2xn60, no update needed.
2025-05-15 10:27:19 INFO No match found for Pure org 'Vienna University of Economics and Business Administration' in OpenAlex organizations.
2025-05-15 10:27:19 INFO No match found for Pure org 'SWPS University of Social Sciences and Humanities' in OpenAlex organizations.
2025-05-15 10:27:19 INFO Pure org 'Pomona College' already has ROR https://ror.org/0074grg94, no update needed.
2025-05-15 10:27:19 INFO Pure org 'University of Pennsylvania' already has ROR https://ror.org/00b30xv10, no update needed.
2025-05-15 10:27:19 INFO No match found for Pure org 'University of Navarra' in OpenAlex organizations.
2025-05-15 10:27:19 INFO Pure org 'University of Waterloo' already has ROR https://ror.org/01aff2v68, no update needed.
2025-05-15 10:27:19 INFO Pure org 'Wageningen University & Research' already has ROR https://ror.org/04qw24q55, no update needed.
2025-05-15 10:27:19 INFO Pure org 'University of Amsterdam' already has ROR https://ror.org/04dkp9463, no update needed.
2025-05-15 10:27:19 INFO No match found for Pure org 'Schumpeter School of Business and Economics' in OpenAlex organizations.
2025-05-15 10:27:19 INFO No match found for Pure org 'Higher School of Economics' in OpenAlex organizations.
2025-05-15 10:27:19 INFO Pure org 'Leuphana University of Lüneburg' already has ROR https://ror.org/02w2y2t16, no update needed.
2025-05-15 10:27:19 INFO No match found for Pure org 'Danish Finance Institute' in OpenAlex organizations.
2025-05-15 10:27:19 INFO Pure org 'University of Exeter' already has ROR https://ror.org/03yghzc09, no update needed.
2025-05-15 10:27:19 INFO Pure org 'University of Innsbruck' already has ROR https://ror.org/054pv6659, no update needed.
2025-05-15 10:27:19 INFO Pure org 'University of Bergen' already has ROR https://ror.org/03zga2b32, no update needed.
2025-05-15 10:27:19 INFO Pure org 'Austin Peay State University' already has ROR https://ror.org/05tx3bv88, no update needed.
2025-05-15 10:27:19 INFO Pure org 'Baylor University' already has ROR https://ror.org/005781934, no update needed.
2025-05-15 10:27:19 INFO No match found for Pure org 'Otto von Guericke University Magdeburg' in OpenAlex organizations.
2025-05-15 10:27:19 INFO Pure org 'George Mason University' already has ROR https://ror.org/02jqj7156, no update needed.
2025-05-15 10:27:19 INFO Pure org 'Pompeu Fabra University' already has ROR https://ror.org/04n0g0b29, no update needed.
2025-05-15 10:27:19 INFO No match found for Pure org 'Winter Park' in OpenAlex organizations.
2025-05-15 10:27:19 INFO Pure org 'University of Southampton' already has ROR https://ror.org/01ryk1543, no update needed.
2025-05-15 10:27:19 INFO Pure org 'University of Tübingen' already has ROR https://ror.org/03a1kwz48, no update needed.
2025-05-15 10:27:19 INFO No match found for Pure org 'University of Texas at Dallas' in OpenAlex organizations.
2025-05-15 10:27:19 INFO No match found for Pure org 'Erasmus University Rotterdam' in OpenAlex organizations.
2025-05-15 10:27:19 INFO Pure org 'Vrije Universiteit Amsterdam' already has ROR https://ror.org/008xxew50, no update needed.
2025-05-15 10:27:19 INFO Pure org 'Harvard University' already has ROR https://ror.org/03vek6s52, no update needed.
2025-05-15 10:27:19 INFO No match found for Pure org 'Telenor ASA' in OpenAlex organizations.
2025-05-15 10:27:19 INFO Will update ROR for Pure org 'Max Planck Institute for Research On Collective Goods' with ROR https://ror.org/02x1q2477
2025-05-15 10:27:19 INFO No match found for Pure org 'extern' in OpenAlex organizations.
2025-05-15 10:27:19 INFO Pure org 'University of Innsbruck' already has ROR https://ror.org/054pv6659, no update needed.
2025-05-15 10:27:19 INFO No match found for Pure org 'University of Gothenburg' in OpenAlex organizations.
2025-05-15 10:27:20 INFO Will update ROR for Pure org 'Max Planck Institute for Research On Collective Goods' with ROR https://ror.org/02x1q2477
2025-05-15 10:27:20 INFO Pure org 'University of Gothenburg' already has ROR https://ror.org/01tm6cn81, no update needed.
2025-05-15 10:27:20 INFO Pure org 'University of Innsbruck' already has ROR https://ror.org/054pv6659, no update needed.
2025-05-15 10:27:20 INFO Will update ROR for Pure org 'Universität Trier' with ROR https://ror.org/02778hg05
2025-05-15 10:27:20 INFO Processed 1625 batch
2025-05-15 10:27:20 INFO Pure org 'Radboud University Nijmegen' already has ROR https://ror.org/016xsfp80, no update needed.
2025-05-15 10:27:20 INFO Pure org 'Utrecht University' already has ROR https://ror.org/04pp8hn57, no update needed.
2025-05-15 10:27:20 INFO Pure org 'Radboud University Nijmegen' already has ROR https://ror.org/016xsfp80, no update needed.
2025-05-15 10:27:20 INFO Pure org 'University of Southampton' already has ROR https://ror.org/01ryk1543, no update needed.
2025-05-15 10:27:20 INFO No match found for Pure org 'Erasmus University Rotterdam' in OpenAlex organizations.
2025-05-15 10:27:20 INFO No match found for Pure org 'Radboud University Nijmegen' in OpenAlex organizations.
2025-05-15 10:27:20 INFO Pure org 'Indiana University Bloomington' already has ROR https://ror.org/02k40bc56, no update needed.
2025-05-15 10:27:20 INFO Pure org 'Radboud University Nijmegen' already has ROR https://ror.org/016xsfp80, no update needed.
2025-05-15 10:27:20 INFO No match found for Pure org 'Institute for Risk Management in Agriculture Agricultural Economics Research Institute' in OpenAlex organizations.
2025-05-15 10:27:20 INFO No match found for Pure org 'School of Public Policy' in OpenAlex organizations.
2025-05-15 10:27:20 INFO No match found for Pure org 'School of Public and Environmental Affairs' in OpenAlex organizations.
2025-05-15 10:27:20 INFO Pure org 'George Mason University' already has ROR https://ror.org/02jqj7156, no update needed.
2025-05-15 10:27:20 INFO Pure org 'Radboud University Nijmegen' already has ROR https://ror.org/016xsfp80, no update needed.
2025-05-15 10:27:20 INFO Pure org 'Radboud University Nijmegen' already has ROR https://ror.org/016xsfp80, no update needed.
2025-05-15 10:27:20 INFO Will update ROR for Pure org 'University of London' with ROR https://ror.org/04cw6st05
2025-05-15 10:27:20 INFO No match found for Pure org 'Insbesondere Wirtschaftstheorie' in OpenAlex organizations.
2025-05-15 10:27:20 INFO Pure org 'Radboud University Nijmegen' already has ROR https://ror.org/016xsfp80, no update needed.
2025-05-15 10:27:20 INFO No match found for Pure org 'Friedrich-Alexander University Erlangen-Nürnberg' in OpenAlex organizations.
2025-05-15 10:27:20 INFO No match found for Pure org 'External unknown' in OpenAlex organizations.
2025-05-15 10:27:20 INFO No match found for Pure org 'Lehrstuhl für Volkswirtschaftslehre' in OpenAlex organizations.
2025-05-15 10:27:20 INFO No match found for Pure org 'Texas A&M University' in OpenAlex organizations.
2025-05-15 10:27:20 INFO Pure org 'Radboud University Nijmegen' already has ROR https://ror.org/016xsfp80, no update needed.
2025-05-15 10:27:20 INFO Pure org 'University of Southampton' already has ROR https://ror.org/01ryk1543, no update needed.
2025-05-15 10:27:20 INFO No match found for Pure org 'Henley Business School' in OpenAlex organizations.
2025-05-15 10:27:20 INFO No match found for Pure org 'Institute for Risk Management in Agriculture Agricultural Economics Research Institute' in OpenAlex organizations.
2025-05-15 10:27:20 INFO No match found for Pure org 'Erasmus University Rotterdam' in OpenAlex organizations.
2025-05-15 10:27:20 INFO No match found for Pure org 'External unknown' in OpenAlex organizations.
2025-05-15 10:27:20 INFO No match found for Pure org 'Mays Business School' in OpenAlex organizations.
2025-05-15 10:27:20 INFO Will update ROR for Pure org 'University of the West of England' with ROR https://ror.org/02nwg5t34
2025-05-15 10:27:20 INFO Will update ROR for Pure org 'Middlesex University' with ROR https://ror.org/01rv4p989
2025-05-15 10:27:20 INFO Pure org 'Radboud University Nijmegen' already has ROR https://ror.org/016xsfp80, no update needed.
2025-05-15 10:27:20 INFO No match found for Pure org 'Institute for Risk Management in Agriculture Agricultural Economics Research Institute' in OpenAlex organizations.
2025-05-15 10:27:20 INFO Pure org 'University of Surrey' already has ROR https://ror.org/00ks66431, no update needed.
2025-05-15 10:27:20 INFO No match found for Pure org 'Surrey Business School' in OpenAlex organizations.
2025-05-15 10:27:20 INFO Pure org 'Radboud University Nijmegen' already has ROR https://ror.org/016xsfp80, no update needed.
2025-05-15 10:27:20 INFO Pure org 'Loughborough University' already has ROR https://ror.org/04vg4w365, no update needed.
2025-05-15 10:27:20 INFO Pure org 'University of Groningen' already has ROR https://ror.org/012p63287, no update needed.
2025-05-15 10:27:20 INFO Pure org 'Radboud University Nijmegen' already has ROR https://ror.org/016xsfp80, no update needed.
2025-05-15 10:27:20 INFO Will update ROR for Pure org 'University of Colorado Boulder' with ROR https://ror.org/02ttsq026
2025-05-15 10:27:20 INFO Will update ROR for Pure org 'University of Arizona' with ROR https://ror.org/03m2x1q45
2025-05-15 10:27:21 INFO No match found for Pure org 'extern' in OpenAlex organizations.
2025-05-15 10:27:21 INFO No match found for Pure org 'extern' in OpenAlex organizations.
2025-05-15 10:27:21 INFO Processed 1650 batch
2025-05-15 10:27:21 INFO Pure org 'Michigan State University' already has ROR https://ror.org/05hs6h993, no update needed.
2025-05-15 10:27:21 INFO Pure org 'University of Amsterdam' already has ROR https://ror.org/04dkp9463, no update needed.
2025-05-15 10:27:21 INFO No match found for Pure org 'extern' in OpenAlex organizations.
2025-05-15 10:27:21 INFO No match found for Pure org 'extern' in OpenAlex organizations.
2025-05-15 10:27:21 INFO No match found for Pure org 'extern' in OpenAlex organizations.
2025-05-15 10:27:21 INFO No match found for Pure org 'extern' in OpenAlex organizations.
2025-05-15 10:27:21 INFO No match found for Pure org 'Erasmus University Rotterdam' in OpenAlex organizations.
2025-05-15 10:27:21 INFO Pure org 'Utrecht University' already has ROR https://ror.org/04pp8hn57, no update needed.
2025-05-15 10:27:21 INFO No match found for Pure org 'Projectteam Onderzoek Naleving H IV Corporate Governance Code (iov Monitoring Cie CG) door Nyenrode Business Universiteit' in OpenAlex organizations.
2025-05-15 10:27:21 INFO No match found for Pure org 'Procter and Gamble' in OpenAlex organizations.
2025-05-15 10:27:21 INFO No match found for Pure org 'Vrije Universiteit Amsterdam' in OpenAlex organizations.
2025-05-15 10:27:21 INFO No match found for Pure org 'University of Amsterdam' in OpenAlex organizations.
2025-05-15 10:27:21 INFO No match found for Pure org 'External unknown' in OpenAlex organizations.
2025-05-15 10:27:21 INFO No match found for Pure org 'Manchester Metropolitan University' in OpenAlex organizations.
2025-05-15 10:27:21 INFO Will update ROR for Pure org 'University of St. Gallen' with ROR https://ror.org/0561a3s31
2025-05-15 10:27:21 INFO No match found for Pure org 'extern' in OpenAlex organizations.
2025-05-15 10:27:21 INFO Processed 1675 batch
2025-05-15 10:27:21 INFO Pure org 'Clemson University' already has ROR https://ror.org/037s24f05, no update needed.
2025-05-15 10:27:21 INFO No match found for Pure org 'Projectteam Onderzoek Naleving H IV Corporate Governance Code (iov Monitoring Cie CG) door Nyenrode Business Universiteit' in OpenAlex organizations.
2025-05-15 10:27:21 INFO Pure org 'University of Amsterdam' already has ROR https://ror.org/04dkp9463, no update needed.
2025-05-15 10:27:21 INFO No match found for Pure org 'North West University' in OpenAlex organizations.
2025-05-15 10:27:21 INFO Pure org 'Vrije Universiteit Amsterdam' already has ROR https://ror.org/008xxew50, no update needed.
2025-05-15 10:27:21 INFO No match found for Pure org 'TIAS School for Business and Society' in OpenAlex organizations.
2025-05-15 10:27:21 INFO Pure org 'Tilburg University' already has ROR https://ror.org/04b8v1s79, no update needed.
2025-05-15 10:27:21 INFO No match found for Pure org 'extern' in OpenAlex organizations.
2025-05-15 10:27:21 INFO No match found for Pure org 'extern' in OpenAlex organizations.
2025-05-15 10:27:21 INFO No match found for Pure org 'extern' in OpenAlex organizations.
2025-05-15 10:27:21 INFO No match found for Pure org 'extern' in OpenAlex organizations.
2025-05-15 10:27:21 INFO Pure org 'Utrecht University' already has ROR https://ror.org/04pp8hn57, no update needed.
2025-05-15 10:27:21 INFO Pure org 'University of Groningen' already has ROR https://ror.org/012p63287, no update needed.
2025-05-15 10:27:21 INFO No match found for Pure org 'Vrije Universiteit Amsterdam' in OpenAlex organizations.
2025-05-15 10:27:21 INFO No match found for Pure org 'University of Amsterdam' in OpenAlex organizations.
2025-05-15 10:27:21 INFO Pure org 'Netherlands Organisation for Applied Scientific Research' already has ROR https://ror.org/01bnjb948, no update needed.
2025-05-15 10:27:21 INFO No match found for Pure org 'External unknown' in OpenAlex organizations.
2025-05-15 10:27:21 INFO No match found for Pure org 'extern' in OpenAlex organizations.
2025-05-15 10:27:21 INFO No match found for Pure org 'Vrije Universiteit Amsterdam' in OpenAlex organizations.
2025-05-15 10:27:21 INFO No match found for Pure org 'University of Amsterdam' in OpenAlex organizations.
2025-05-15 10:27:21 INFO No match found for Pure org 'extern' in OpenAlex organizations.
2025-05-15 10:27:21 INFO No match found for Pure org 'Tilburg University' in OpenAlex organizations.
2025-05-15 10:27:21 INFO No match found for Pure org 'extern' in OpenAlex organizations.
2025-05-15 10:27:21 INFO Pure org 'Utrecht University' already has ROR https://ror.org/04pp8hn57, no update needed.
2025-05-15 10:27:21 INFO Pure org 'University of Sydney' already has ROR https://ror.org/0384j8v12, no update needed.
2025-05-15 10:27:21 INFO Pure org 'Tilburg University' already has ROR https://ror.org/04b8v1s79, no update needed.
2025-05-15 10:27:21 INFO Pure org 'Utrecht University' already has ROR https://ror.org/04pp8hn57, no update needed.
2025-05-15 10:27:21 INFO No match found for Pure org 'Ghent University' in OpenAlex organizations.
2025-05-15 10:27:21 INFO No match found for Pure org 'American University Washington DC' in OpenAlex organizations.
2025-05-15 10:27:21 INFO Pure org 'Kingston University' already has ROR https://ror.org/05bbqza97, no update needed.
2025-05-15 10:27:21 INFO Pure org 'Hubei University' already has ROR https://ror.org/03a60m280, no update needed.
2025-05-15 10:27:21 INFO Pure org 'Radboud University Nijmegen' already has ROR https://ror.org/016xsfp80, no update needed.
2025-05-15 10:27:21 INFO Pure org 'University of Antwerp' already has ROR https://ror.org/008x57b05, no update needed.
2025-05-15 10:27:21 INFO Pure org 'Open University of the Netherlands' already has ROR https://ror.org/018dfmf50, no update needed.
2025-05-15 10:27:21 INFO Pure org 'Maastricht University' already has ROR https://ror.org/02jz4aj89, no update needed.
2025-05-15 10:27:21 INFO Will update ROR for Pure org 'Georgetown University' with ROR https://ror.org/05vzafd60
2025-05-15 10:27:21 INFO Pure org 'University of Bern' already has ROR https://ror.org/02k7v4d05, no update needed.
2025-05-15 10:27:21 INFO No match found for Pure org 'North West University' in OpenAlex organizations.
2025-05-15 10:27:21 INFO Pure org 'Vrije Universiteit Amsterdam' already has ROR https://ror.org/008xxew50, no update needed.
2025-05-15 10:27:21 INFO No match found for Pure org 'TIAS School for Business and Society' in OpenAlex organizations.
2025-05-15 10:27:21 INFO Pure org 'Tilburg University' already has ROR https://ror.org/04b8v1s79, no update needed.
2025-05-15 10:27:21 INFO No match found for Pure org 'External organisation: unknown' in OpenAlex organizations.
2025-05-15 10:27:21 INFO No match found for Pure org 'External organisation: unknown' in OpenAlex organizations.
2025-05-15 10:27:21 INFO No match found for Pure org 'extern' in OpenAlex organizations.
2025-05-15 10:27:21 INFO Pure org 'University of Calgary' already has ROR https://ror.org/03yjb2x39, no update needed.
2025-05-15 10:27:21 INFO Pure org 'Utrecht University' already has ROR https://ror.org/04pp8hn57, no update needed.
2025-05-15 10:27:21 INFO Processed 1700 batch
2025-05-15 10:27:21 INFO No match found for Pure org 'extern' in OpenAlex organizations.
2025-05-15 10:27:21 INFO Pure org 'Tilburg University' already has ROR https://ror.org/04b8v1s79, no update needed.
2025-05-15 10:27:21 INFO Pure org 'University of Navarra' already has ROR https://ror.org/02rxc7m23, no update needed.
2025-05-15 10:27:21 INFO Pure org 'Autonomous University of Barcelona' already has ROR https://ror.org/052g8jq94, no update needed.
2025-05-15 10:27:21 INFO Will update ROR for Pure org 'Cardiff University' with ROR https://ror.org/03kk7td41
2025-05-15 10:27:21 INFO No match found for Pure org 'extern' in OpenAlex organizations.
2025-05-15 10:27:21 INFO Pure org 'Utrecht University' already has ROR https://ror.org/04pp8hn57, no update needed.
2025-05-15 10:27:21 INFO Pure org 'KU Leuven' already has ROR https://ror.org/05f950310, no update needed.
2025-05-15 10:27:21 INFO Pure org 'University of Bern' already has ROR https://ror.org/02k7v4d05, no update needed.
2025-05-15 10:27:21 INFO Pure org 'University of Georgia' already has ROR https://ror.org/00te3t702, no update needed.
2025-05-15 10:27:21 INFO No match found for Pure org 'KU Leuven' in OpenAlex organizations.
2025-05-15 10:27:21 INFO Pure org 'Utrecht University' already has ROR https://ror.org/04pp8hn57, no update needed.
2025-05-15 10:27:21 INFO Will update ROR for Pure org 'Cardiff University' with ROR https://ror.org/03kk7td41
2025-05-15 10:27:21 INFO No match found for Pure org 'Utrecht University' in OpenAlex organizations.
2025-05-15 10:27:21 INFO No match found for Pure org 'KU Leuven' in OpenAlex organizations.
2025-05-15 10:27:21 INFO No match found for Pure org 'University of Birmingham' in OpenAlex organizations.
2025-05-15 10:27:21 INFO Pure org 'Utrecht University' already has ROR https://ror.org/04pp8hn57, no update needed.
2025-05-15 10:27:21 INFO Pure org 'KU Leuven' already has ROR https://ror.org/05f950310, no update needed.
2025-05-15 10:27:21 INFO Processed 1725 batch
2025-05-15 10:27:21 INFO No match found for Pure org 'The University of Hong Kong' in OpenAlex organizations.
2025-05-15 10:27:21 INFO Pure org 'Utrecht University' already has ROR https://ror.org/04pp8hn57, no update needed.
2025-05-15 10:27:21 INFO Will update ROR for Pure org 'Florida Atlantic University' with ROR https://ror.org/05p8w6387
2025-05-15 10:27:21 INFO Will update ROR for Pure org 'University of Humanistic Studies' with ROR https://ror.org/04w5ec154
2025-05-15 10:27:21 INFO No match found for Pure org 'UvH Universiteit voor Humanistiek' in OpenAlex organizations.
2025-05-15 10:27:21 INFO No match found for Pure org 'UvH Universiteit voor Humanistiek' in OpenAlex organizations.
2025-05-15 10:27:21 INFO No match found for Pure org 'extern' in OpenAlex organizations.
2025-05-15 10:27:21 INFO No match found for Pure org 'UvH Universiteit voor Humanistiek' in OpenAlex organizations.
2025-05-15 10:27:21 INFO No match found for Pure org 'UvH Universiteit voor Humanistiek' in OpenAlex organizations.
2025-05-15 10:27:21 INFO Will update ROR for Pure org 'University of Humanistic Studies' with ROR https://ror.org/04w5ec154
2025-05-15 10:27:21 INFO No match found for Pure org 'UvH Universiteit voor Humanistiek' in OpenAlex organizations.
2025-05-15 10:27:21 INFO Will update ROR for Pure org 'University of Humanistic Studies' with ROR https://ror.org/04w5ec154
2025-05-15 10:27:21 INFO No match found for Pure org 'UvH Universiteit voor Humanistiek' in OpenAlex organizations.
2025-05-15 10:27:22 INFO No match found for Pure org 'UvH Universiteit voor Humanistiek' in OpenAlex organizations.
2025-05-15 10:27:22 INFO Will update ROR for Pure org 'University of Humanistic Studies' with ROR https://ror.org/04w5ec154
2025-05-15 10:27:22 INFO No match found for Pure org 'Utrecht University of Applied Sciences' in OpenAlex organizations.
2025-05-15 10:27:22 INFO Pure org 'HAN University of Applied Sciences' already has ROR https://ror.org/0500gea42, no update needed.
2025-05-15 10:27:22 INFO No match found for Pure org 'extern' in OpenAlex organizations.
2025-05-15 10:27:22 INFO No match found for Pure org 'extern' in OpenAlex organizations.
2025-05-15 10:27:22 INFO No match found for Pure org 'extern' in OpenAlex organizations.
2025-05-15 10:27:22 INFO No match found for Pure org 'extern' in OpenAlex organizations.
2025-05-15 10:27:22 INFO No match found for Pure org 'extern' in OpenAlex organizations.
2025-05-15 10:27:22 INFO No match found for Pure org 'extern' in OpenAlex organizations.
2025-05-15 10:27:22 INFO Processed 1750 batch
2025-05-15 10:27:22 INFO No match found for Pure org 'extern' in OpenAlex organizations.
2025-05-15 10:27:22 INFO Pure org 'University Medical Center Utrecht' already has ROR https://ror.org/0575yy874, no update needed.
2025-05-15 10:27:22 INFO No match found for Pure org 'extern' in OpenAlex organizations.
2025-05-15 10:27:22 INFO Pure org 'University of Amsterdam' already has ROR https://ror.org/04dkp9463, no update needed.
2025-05-15 10:27:22 INFO No match found for Pure org 'Department of Sociology and Anthropology' in OpenAlex organizations.
2025-05-15 10:27:22 INFO No match found for Pure org 'Netherlands Institute of Ecology (NIOO-KNAW)' in OpenAlex organizations.
2025-05-15 10:27:22 INFO Pure org 'Erasmus University Rotterdam' already has ROR https://ror.org/057w15z03, no update needed.
2025-05-15 10:27:22 INFO No match found for Pure org 'Vrije Universiteit Amsterdam' in OpenAlex organizations.
2025-05-15 10:27:22 INFO No match found for Pure org 'University of Amsterdam' in OpenAlex organizations.
2025-05-15 10:27:22 INFO Will update ROR for Pure org 'University of Humanistic Studies' with ROR https://ror.org/04w5ec154
2025-05-15 10:27:22 INFO No match found for Pure org 'UvH Universiteit voor Humanistiek' in OpenAlex organizations.
2025-05-15 10:27:22 INFO Pure org 'Utrecht University' already has ROR https://ror.org/04pp8hn57, no update needed.
2025-05-15 10:27:22 INFO No match found for Pure org 'BtDt' in OpenAlex organizations.
2025-05-15 10:27:22 INFO Pure org 'University of Amsterdam' already has ROR https://ror.org/04dkp9463, no update needed.
2025-05-15 10:27:22 INFO Pure org 'Leiden University' already has ROR https://ror.org/027bh9e22, no update needed.
2025-05-15 10:27:22 INFO No match found for Pure org 'University of Calcutta' in OpenAlex organizations.
2025-05-15 10:27:22 INFO Pure org 'Anhui University of Finance and Economics' already has ROR https://ror.org/0152zzg30, no update needed.
2025-05-15 10:27:22 INFO Pure org 'Teesside University' already has ROR https://ror.org/03z28gk75, no update needed.
2025-05-15 10:27:22 INFO No match found for Pure org 'Suleyman Demirel University' in OpenAlex organizations.
2025-05-15 10:27:22 INFO Pure org 'Utrecht University' already has ROR https://ror.org/04pp8hn57, no update needed.
2025-05-15 10:27:22 INFO No match found for Pure org 'The London School of Economics and Political Science' in OpenAlex organizations.
2025-05-15 10:27:22 INFO Processed 1775 batch
2025-05-15 10:27:22 INFO Pure org 'University of Edinburgh' already has ROR https://ror.org/01nrxwf90, no update needed.
2025-05-15 10:27:22 INFO Pure org 'University of Strathclyde' already has ROR https://ror.org/00n3w3b69, no update needed.
2025-05-15 10:27:22 INFO Pure org 'Lancaster University' already has ROR https://ror.org/04f2nsd36, no update needed.
2025-05-15 10:27:22 INFO Pure org 'Stockholm School of Economics' already has ROR https://ror.org/01s5jzh92, no update needed.
2025-05-15 10:27:22 INFO Pure org 'Vrije Universiteit Amsterdam' already has ROR https://ror.org/008xxew50, no update needed.
2025-05-15 10:27:22 INFO Pure org 'Oklahoma State University' already has ROR https://ror.org/01g9vbr38, no update needed.
2025-05-15 10:27:22 INFO Pure org 'Aston University' already has ROR https://ror.org/05j0ve876, no update needed.
2025-05-15 10:27:22 INFO No match found for Pure org 'University of Edinburgh Business School' in OpenAlex organizations.
2025-05-15 10:27:22 INFO No match found for Pure org 'University of Minnesota Twin Cities' in OpenAlex organizations.
2025-05-15 10:27:22 INFO Pure org 'Utrecht University' already has ROR https://ror.org/04pp8hn57, no update needed.
2025-05-15 10:27:22 INFO Pure org 'Utrecht University' already has ROR https://ror.org/04pp8hn57, no update needed.
2025-05-15 10:27:22 INFO Will update ROR for Pure org 'University of Bergamo' with ROR https://ror.org/02mbd5571
2025-05-15 10:27:22 INFO No match found for Pure org 'External unknown' in OpenAlex organizations.
2025-05-15 10:27:22 INFO Will update ROR for Pure org 'University of Bergamo' with ROR https://ror.org/02mbd5571
2025-05-15 10:27:22 INFO No match found for Pure org 'School of Business and Economics' in OpenAlex organizations.
2025-05-15 10:27:22 INFO Pure org 'Utrecht University' already has ROR https://ror.org/04pp8hn57, no update needed.
2025-05-15 10:27:22 INFO Pure org 'Maastricht University' already has ROR https://ror.org/02jz4aj89, no update needed.
2025-05-15 10:27:22 INFO No match found for Pure org 'External unknown' in OpenAlex organizations.
2025-05-15 10:27:22 INFO Pure org 'Tilburg University' already has ROR https://ror.org/04b8v1s79, no update needed.
2025-05-15 10:27:22 INFO No match found for Pure org 'Institute for Health and Sport, Victoria University, Melbourne, Australia  ' in OpenAlex organizations.
2025-05-15 10:27:22 INFO Pure org 'Victoria University' already has ROR https://ror.org/04j757h98, no update needed.
2025-05-15 10:27:22 INFO No match found for Pure org 'Utrecht University of Applied Sciences' in OpenAlex organizations.
2025-05-15 10:27:22 INFO No match found for Pure org 'Utrecht University for Applied Sciences' in OpenAlex organizations.
2025-05-15 10:27:22 INFO No match found for Pure org 'W.J.H. Mulierinstituut' in OpenAlex organizations.
2025-05-15 10:27:22 INFO No match found for Pure org 'Utrecht University of Applied Sciences' in OpenAlex organizations.
2025-05-15 10:27:22 INFO Pure org 'Windesheim University of Applied Sciences' already has ROR https://ror.org/04zmc0e16, no update needed.
2025-05-15 10:27:22 INFO Pure org 'University of Amsterdam' already has ROR https://ror.org/04dkp9463, no update needed.
2025-05-15 10:27:22 INFO Pure org 'University of California at Berkeley' already has ROR https://ror.org/01an7q238, no update needed.
2025-05-15 10:27:22 INFO Will update ROR for Pure org 'Asian Institute of Technology' with ROR https://ror.org/0403qcr87
2025-05-15 10:27:22 INFO Pure org 'Ludwig Maximilian University of Munich' already has ROR https://ror.org/05591te55, no update needed.
2025-05-15 10:27:22 INFO Pure org 'KTH Royal Institute of Technology' already has ROR https://ror.org/026vcq606, no update needed.
2025-05-15 10:27:22 INFO Will update ROR for Pure org 'Azim Premji University' with ROR https://ror.org/00521fv82
2025-05-15 10:27:22 INFO Will update ROR for Pure org 'Met Office' with ROR https://ror.org/01ch2yn61
2025-05-15 10:27:22 INFO No match found for Pure org 'The University of the West Indies' in OpenAlex organizations.
2025-05-15 10:27:22 INFO No match found for Pure org 'Future Earth Global Secretariat' in OpenAlex organizations.
2025-05-15 10:27:22 INFO Pure org 'University of Potsdam' already has ROR https://ror.org/03bnmw459, no update needed.
2025-05-15 10:27:22 INFO No match found for Pure org 'Independent Consultant in Public International Law' in OpenAlex organizations.
2025-05-15 10:27:22 INFO No match found for Pure org 'Helmholtz-Zentrum Geesthacht - Centre for Materials and Coastal Research' in OpenAlex organizations.
2025-05-15 10:27:22 INFO No match found for Pure org 'Fulbright Canada Foundation' in OpenAlex organizations.
2025-05-15 10:27:22 INFO Will update ROR for Pure org 'IVL Swedish Environmental Research Institute' with ROR https://ror.org/020r6p262
2025-05-15 10:27:22 INFO No match found for Pure org 'CSIC' in OpenAlex organizations.
2025-05-15 10:27:22 INFO Will update ROR for Pure org 'Albany Law School' with ROR https://ror.org/048w9r832
2025-05-15 10:27:22 INFO No match found for Pure org 'Hot or Cool Institute' in OpenAlex organizations.
2025-05-15 10:27:22 INFO Will update ROR for Pure org 'University of Canterbury' with ROR https://ror.org/03y7q9t39
2025-05-15 10:27:22 INFO Pure org 'Arizona State University' already has ROR https://ror.org/03efmqc40, no update needed.
2025-05-15 10:27:22 INFO No match found for Pure org 'Sustainable Europe Research Institute SERI Germany' in OpenAlex organizations.
2025-05-15 10:27:22 INFO Pure org 'McMaster University' already has ROR https://ror.org/02fa3aq29, no update needed.
2025-05-15 10:27:22 INFO Pure org 'Stanford University' already has ROR https://ror.org/00f54p054, no update needed.
2025-05-15 10:27:22 INFO No match found for Pure org 'National Institute for Environmental Studies of Japan' in OpenAlex organizations.
2025-05-15 10:27:22 INFO No match found for Pure org 'CSIRO' in OpenAlex organizations.
2025-05-15 10:27:22 INFO Will update ROR for Pure org 'Auckland University of Technology' with ROR https://ror.org/01zvqw119
2025-05-15 10:27:22 INFO Pure org 'Australian National University' already has ROR https://ror.org/019wvm592, no update needed.
2025-05-15 10:27:22 INFO Will update ROR for Pure org 'Jadavpur University' with ROR https://ror.org/02af4h012
2025-05-15 10:27:22 INFO Pure org 'University of Exeter' already has ROR https://ror.org/03yghzc09, no update needed.
2025-05-15 10:27:22 INFO Pure org 'University of Washington' already has ROR https://ror.org/00cvxb145, no update needed.
2025-05-15 10:27:22 INFO No match found for Pure org 'Future Earth Global Secretariat' in OpenAlex organizations.
2025-05-15 10:27:22 INFO Pure org 'University of Surrey' already has ROR https://ror.org/00ks66431, no update needed.
2025-05-15 10:27:22 INFO Will update ROR for Pure org 'Nordic Africa Institute' with ROR https://ror.org/05q84se63
2025-05-15 10:27:22 INFO Will update ROR for Pure org 'Lawrence Berkeley National Laboratory' with ROR https://ror.org/02jbv0t02
2025-05-15 10:27:22 INFO No match found for Pure org 'Center for International Sustainable Development Law' in OpenAlex organizations.
2025-05-15 10:27:22 INFO Pure org 'Lund University' already has ROR https://ror.org/012a77v79, no update needed.
2025-05-15 10:27:22 INFO Will update ROR for Pure org 'Universidad del Desarrollo' with ROR https://ror.org/05y33vv83
2025-05-15 10:27:22 INFO Will update ROR for Pure org 'University of Sheffield' with ROR https://ror.org/05krs5044
2025-05-15 10:27:22 INFO Will update ROR for Pure org 'National Renewable Energy Laboratory' with ROR https://ror.org/036266993
2025-05-15 10:27:22 INFO Will update ROR for Pure org 'National Taiwan University' with ROR https://ror.org/05bqach95
2025-05-15 10:27:22 INFO Pure org 'Stockholm University' already has ROR https://ror.org/05f0yaq80, no update needed.
2025-05-15 10:27:22 INFO Will update ROR for Pure org 'Health Canada' with ROR https://ror.org/05p8nb362
2025-05-15 10:27:22 INFO No match found for Pure org 'United Nations University' in OpenAlex organizations.
2025-05-15 10:27:22 INFO No match found for Pure org 'National Institutes for the Humanities, Research Institute for Humanity and Nature' in OpenAlex organizations.
2025-05-15 10:27:22 INFO Will update ROR for Pure org 'Max Planck Institute for Meteorology' with ROR https://ror.org/05esem239
2025-05-15 10:27:22 INFO Will update ROR for Pure org 'Northern Arizona University' with ROR https://ror.org/0272j5188
2025-05-15 10:27:22 INFO No match found for Pure org 'International Institute for Applied Systems Analysis, Laxenburg' in OpenAlex organizations.
2025-05-15 10:27:22 INFO Will update ROR for Pure org 'Asian University for Women' with ROR https://ror.org/01wp52t96
2025-05-15 10:27:22 INFO Pure org 'University of New South Wales' already has ROR https://ror.org/03r8z3t63, no update needed.
2025-05-15 10:27:22 INFO No match found for Pure org 'The University of Chicago' in OpenAlex organizations.
2025-05-15 10:27:22 INFO Pure org 'University of Melbourne' already has ROR https://ror.org/01ej9dk98, no update needed.
2025-05-15 10:27:22 INFO Will update ROR for Pure org 'Future Earth' with ROR https://ror.org/027qvm849
2025-05-15 10:27:25 INFO Will update ROR for Pure org 'Chongqing University' with ROR https://ror.org/023rhb549
2025-05-15 10:27:25 INFO No match found for Pure org 'extern' in OpenAlex organizations.
2025-05-15 10:27:25 INFO Processed 1800 batch
2025-05-15 10:27:25 INFO No match found for Pure org 'extern' in OpenAlex organizations.
2025-05-15 10:27:25 INFO Pure org 'Utrecht University' already has ROR https://ror.org/04pp8hn57, no update needed.
2025-05-15 10:27:25 INFO No match found for Pure org 'extern' in OpenAlex organizations.
2025-05-15 10:27:25 INFO No match found for Pure org 'extern' in OpenAlex organizations.
2025-05-15 10:27:25 INFO Processed 1825 batch
2025-05-15 10:27:25 INFO Pure org 'KU Leuven' already has ROR https://ror.org/05f950310, no update needed.
2025-05-15 10:27:25 INFO No match found for Pure org 'extern' in OpenAlex organizations.
2025-05-15 10:27:25 INFO No match found for Pure org 'extern' in OpenAlex organizations.
2025-05-15 10:27:25 INFO No match found for Pure org 'extern' in OpenAlex organizations.
2025-05-15 10:27:25 INFO No match found for Pure org 'extern' in OpenAlex organizations.
2025-05-15 10:27:25 INFO Processed 1850 batch
2025-05-15 10:27:25 INFO No match found for Pure org 'External unknown' in OpenAlex organizations.
2025-05-15 10:27:25 INFO No match found for Pure org 'extern' in OpenAlex organizations.
2025-05-15 10:27:25 INFO No match found for Pure org 'extern' in OpenAlex organizations.
2025-05-15 10:27:25 INFO No match found for Pure org 'Netherlands Organisation for Applied Scientific Research' in OpenAlex organizations.
2025-05-15 10:27:25 INFO No match found for Pure org 'Utrecht University of Applied Sciences' in OpenAlex organizations.
2025-05-15 10:27:25 INFO No match found for Pure org 'University of Helsinki' in OpenAlex organizations.
2025-05-15 10:27:25 INFO No match found for Pure org 'Financial Market Authority' in OpenAlex organizations.
2025-05-15 10:27:25 INFO Pure org 'City, University of London' already has ROR https://ror.org/04489at23, no update needed.
2025-05-15 10:27:25 INFO No match found for Pure org 'extern' in OpenAlex organizations.
2025-05-15 10:27:25 INFO Processed 1875 batch
2025-05-15 10:27:25 INFO Pure org 'University of Amsterdam' already has ROR https://ror.org/04dkp9463, no update needed.
2025-05-15 10:27:25 INFO No match found for Pure org 'extern' in OpenAlex organizations.
2025-05-15 10:27:25 INFO No match found for Pure org 'Dortmund University' in OpenAlex organizations.
2025-05-15 10:27:25 INFO No match found for Pure org 'Istituto Superiore di Sanita' in OpenAlex organizations.
2025-05-15 10:27:25 INFO Pure org 'Erasmus University Rotterdam' already has ROR https://ror.org/057w15z03, no update needed.
2025-05-15 10:27:25 INFO Pure org 'Erasmus University Rotterdam' already has ROR https://ror.org/057w15z03, no update needed.
2025-05-15 10:27:25 INFO No match found for Pure org 'KNAW-NIDI' in OpenAlex organizations.
2025-05-15 10:27:25 INFO Pure org 'Tilburg University' already has ROR https://ror.org/04b8v1s79, no update needed.
2025-05-15 10:27:25 INFO No match found for Pure org 'KNAW-NIDI' in OpenAlex organizations.
2025-05-15 10:27:25 INFO Pure org 'Erasmus University Rotterdam' already has ROR https://ror.org/057w15z03, no update needed.
2025-05-15 10:27:25 INFO No match found for Pure org 'extern' in OpenAlex organizations.
2025-05-15 10:27:25 INFO No match found for Pure org 'extern' in OpenAlex organizations.
2025-05-15 10:27:25 INFO No match found for Pure org 'extern' in OpenAlex organizations.
2025-05-15 10:27:25 INFO No match found for Pure org 'extern' in OpenAlex organizations.
2025-05-15 10:27:25 INFO No match found for Pure org 'extern' in OpenAlex organizations.
2025-05-15 10:27:25 INFO No match found for Pure org 'extern' in OpenAlex organizations.
2025-05-15 10:27:25 INFO No match found for Pure org 'extern' in OpenAlex organizations.
2025-05-15 10:27:25 INFO No match found for Pure org 'extern' in OpenAlex organizations.
2025-05-15 10:27:25 INFO Processed 1900 batch
2025-05-15 10:27:25 INFO No match found for Pure org 'extern' in OpenAlex organizations.
2025-05-15 10:27:25 INFO No match found for Pure org 'wageningen research university' in OpenAlex organizations.
2025-05-15 10:27:25 INFO No match found for Pure org 'extern' in OpenAlex organizations.
2025-05-15 10:27:25 INFO Pure org 'Utrecht University' already has ROR https://ror.org/04pp8hn57, no update needed.
2025-05-15 10:27:25 INFO Will update ROR for Pure org 'Syracuse University' with ROR https://ror.org/025r5qe02
2025-05-15 10:27:25 INFO Pure org 'University of California at Berkeley' already has ROR https://ror.org/01an7q238, no update needed.
2025-05-15 10:27:25 INFO Pure org 'University of Queensland' already has ROR https://ror.org/00rqy9422, no update needed.
2025-05-15 10:27:25 INFO Pure org 'University of Sheffield' already has ROR https://ror.org/05krs5044, no update needed.
2025-05-15 10:27:25 INFO Pure org 'Aarhus University' already has ROR https://ror.org/01aj84f44, no update needed.
2025-05-15 10:27:25 INFO Will update ROR for Pure org 'Georgetown University' with ROR https://ror.org/05vzafd60
2025-05-15 10:27:25 INFO No match found for Pure org 'The Open University Business School' in OpenAlex organizations.
2025-05-15 10:27:25 INFO Pure org 'Roskilde University' already has ROR https://ror.org/014axpa37, no update needed.
2025-05-15 10:27:25 INFO Pure org 'University of Melbourne' already has ROR https://ror.org/01ej9dk98, no update needed.
2025-05-15 10:27:25 INFO No match found for Pure org 'Ohio State University' in OpenAlex organizations.
2025-05-15 10:27:25 INFO Will update ROR for Pure org 'Institute for Social Research' with ROR https://ror.org/05swz5441
2025-05-15 10:27:25 INFO Pure org 'University of Oslo' already has ROR https://ror.org/01xtthb56, no update needed.
2025-05-15 10:27:25 INFO Pure org 'University of Oslo' already has ROR https://ror.org/01xtthb56, no update needed.
2025-05-15 10:27:25 INFO No match found for Pure org 'VSNU' in OpenAlex organizations.
2025-05-15 10:27:25 INFO Pure org 'University of Oslo' already has ROR https://ror.org/01xtthb56, no update needed.
2025-05-15 10:27:25 INFO Will update ROR for Pure org 'Oslo Metropolitan University' with ROR https://ror.org/04q12yn84
2025-05-15 10:27:25 INFO Pure org 'University of Oslo' already has ROR https://ror.org/01xtthb56, no update needed.
2025-05-15 10:27:25 INFO No match found for Pure org 'Academic Medical Center' in OpenAlex organizations.
2025-05-15 10:27:25 INFO No match found for Pure org 'extern' in OpenAlex organizations.
2025-05-15 10:27:25 INFO No match found for Pure org 'Partners + Pröpper' in OpenAlex organizations.
2025-05-15 10:27:25 INFO Pure org 'Utrecht University' already has ROR https://ror.org/04pp8hn57, no update needed.
2025-05-15 10:27:25 INFO No match found for Pure org 'The London School of Economics and Political Science' in OpenAlex organizations.
2025-05-15 10:27:25 INFO Pure org 'Utrecht University' already has ROR https://ror.org/04pp8hn57, no update needed.
2025-05-15 10:27:25 INFO Processed 1925 batch
2025-05-15 10:27:25 INFO Pure org 'Utrecht University' already has ROR https://ror.org/04pp8hn57, no update needed.
2025-05-15 10:27:25 INFO Pure org 'Uppsala University' already has ROR https://ror.org/048a87296, no update needed.
2025-05-15 10:27:25 INFO Pure org 'University of Gothenburg' already has ROR https://ror.org/01tm6cn81, no update needed.
2025-05-15 10:27:25 INFO No match found for Pure org 'The London School of Economics and Political Science' in OpenAlex organizations.
2025-05-15 10:27:25 INFO Pure org 'Wageningen University & Research' already has ROR https://ror.org/04qw24q55, no update needed.
2025-05-15 10:27:25 INFO Will update ROR for Pure org 'University of Pecs' with ROR https://ror.org/037b5pv06
2025-05-15 10:27:25 INFO Will update ROR for Pure org 'Polytechnic University of Catalonia' with ROR https://ror.org/03mb6wj31
2025-05-15 10:27:25 INFO Pure org 'George Mason University' already has ROR https://ror.org/02jqj7156, no update needed.
2025-05-15 10:27:26 INFO No match found for Pure org 'extern' in OpenAlex organizations.
2025-05-15 10:27:26 INFO Pure org 'University of Groningen' already has ROR https://ror.org/012p63287, no update needed.
2025-05-15 10:27:26 INFO Pure org 'Norwegian University of Science and Technology' already has ROR https://ror.org/05xg72x27, no update needed.
2025-05-15 10:27:26 INFO No match found for Pure org 'PBL Netherlands Environmental Assessment Agency, Utrecht University' in OpenAlex organizations.
2025-05-15 10:27:26 INFO Pure org 'Utrecht University' already has ROR https://ror.org/04pp8hn57, no update needed.
2025-05-15 10:27:26 INFO Will update ROR for Pure org 'Télécom Paris' with ROR https://ror.org/01naq7912
2025-05-15 10:27:26 INFO No match found for Pure org 'Dutch Advisory Council of Science' in OpenAlex organizations.
2025-05-15 10:27:26 INFO Processed 1950 batch
2025-05-15 10:27:26 INFO No match found for Pure org 'extern' in OpenAlex organizations.
2025-05-15 10:27:26 INFO No match found for Pure org 'extern' in OpenAlex organizations.
2025-05-15 10:27:26 INFO No match found for Pure org 'extern' in OpenAlex organizations.
2025-05-15 10:27:26 INFO No match found for Pure org 'extern' in OpenAlex organizations.
2025-05-15 10:27:26 INFO Processed 1975 batch
2025-05-15 10:27:26 INFO No match found for Pure org 'extern' in OpenAlex organizations.
2025-05-15 10:27:26 INFO No match found for Pure org 'extern' in OpenAlex organizations.
2025-05-15 10:27:26 INFO No match found for Pure org 'extern' in OpenAlex organizations.
2025-05-15 10:27:26 INFO Pure org 'Karlsruhe Institute of Technology' already has ROR https://ror.org/04t3en479, no update needed.
2025-05-15 10:27:26 INFO Pure org 'Massey University' already has ROR https://ror.org/052czxv31, no update needed.
2025-05-15 10:27:26 INFO No match found for Pure org 'University of Otago' in OpenAlex organizations.
2025-05-15 10:27:26 INFO No match found for Pure org 'Department of Human Geography and Spatial Planning' in OpenAlex organizations.
2025-05-15 10:27:26 INFO No match found for Pure org 'extern' in OpenAlex organizations.
2025-05-15 10:27:26 INFO Pure org 'Erasmus University Rotterdam' already has ROR https://ror.org/057w15z03, no update needed.
2025-05-15 10:27:26 INFO Pure org 'Indiana University Bloomington' already has ROR https://ror.org/02k40bc56, no update needed.
2025-05-15 10:27:26 INFO No match found for Pure org 'Asia University Taiwan' in OpenAlex organizations.
2025-05-15 10:27:26 INFO Will update ROR for Pure org 'Durham University' with ROR https://ror.org/01v29qb04
2025-05-15 10:27:26 INFO Will update ROR for Pure org 'University of Bayreuth' with ROR https://ror.org/0234wmv40
2025-05-15 10:27:26 INFO Pure org 'Loughborough University' already has ROR https://ror.org/04vg4w365, no update needed.
2025-05-15 10:27:26 INFO Will update ROR for Pure org 'La Rochelle Business School' with ROR https://ror.org/051gb6s93
2025-05-15 10:27:26 INFO Will update ROR for Pure org 'Clausthal University of Technology' with ROR https://ror.org/04qb8nc58
2025-05-15 10:27:26 INFO No match found for Pure org 'IPAG Business School Paris' in OpenAlex organizations.
2025-05-15 10:27:26 INFO No match found for Pure org 'GoodJobs GmbH' in OpenAlex organizations.
2025-05-15 10:27:26 INFO Processed 2000 batch
2025-05-15 10:27:26 INFO Pure org 'Radboud University Nijmegen' already has ROR https://ror.org/016xsfp80, no update needed.
2025-05-15 10:27:26 INFO Will update ROR for Pure org 'Windesheim' with ROR https://ror.org/04zmc0e16
2025-05-15 10:27:26 INFO Pure org 'Utrecht University' already has ROR https://ror.org/04pp8hn57, no update needed.
2025-05-15 10:27:26 INFO Pure org 'Radboud University Nijmegen' already has ROR https://ror.org/016xsfp80, no update needed.
2025-05-15 10:27:26 INFO No match found for Pure org 'Behavioural Science Institute' in OpenAlex organizations.
2025-05-15 10:27:26 INFO No match found for Pure org 'Arbeidsen Organisatiepsychologie Behavioural Science Institute' in OpenAlex organizations.
2025-05-15 10:27:26 INFO Pure org 'University of Amsterdam' already has ROR https://ror.org/04dkp9463, no update needed.
2025-05-15 10:27:26 INFO No match found for Pure org 'extern' in OpenAlex organizations.
2025-05-15 10:27:26 INFO Pure org 'Ball State University' already has ROR https://ror.org/00k6tx165, no update needed.
2025-05-15 10:27:26 INFO Pure org 'University of Kent' already has ROR https://ror.org/00xkeyj56, no update needed.
2025-05-15 10:27:26 INFO Pure org 'Radboud University Nijmegen' already has ROR https://ror.org/016xsfp80, no update needed.
2025-05-15 10:27:26 INFO Pure org 'University of Utah' already has ROR https://ror.org/03r0ha626, no update needed.
2025-05-15 10:27:26 INFO Pure org 'University of Toronto' already has ROR https://ror.org/03dbr7087, no update needed.
2025-05-15 10:27:26 INFO Pure org 'Brigham Young University' already has ROR https://ror.org/047rhhm47, no update needed.
2025-05-15 10:27:26 INFO Pure org 'Radboud University Nijmegen' already has ROR https://ror.org/016xsfp80, no update needed.
2025-05-15 10:27:26 INFO Pure org 'University of Groningen' already has ROR https://ror.org/012p63287, no update needed.
2025-05-15 10:27:26 INFO Pure org 'University of Konstanz' already has ROR https://ror.org/0546hnb39, no update needed.
2025-05-15 10:27:26 INFO Pure org 'Erasmus University Rotterdam' already has ROR https://ror.org/057w15z03, no update needed.
2025-05-15 10:27:26 INFO Pure org 'Osnabrück University' already has ROR https://ror.org/04qmmjx98, no update needed.
2025-05-15 10:27:26 INFO No match found for Pure org 'Open University Milton Keynes' in OpenAlex organizations.
2025-05-15 10:27:26 INFO Pure org 'Masaryk University' already has ROR https://ror.org/02j46qs45, no update needed.
2025-05-15 10:27:26 INFO Will update ROR for Pure org 'Maynooth University' with ROR https://ror.org/048nfjm95
2025-05-15 10:27:26 INFO No match found for Pure org 'Swiss Federal Institute of Technology Zurich' in OpenAlex organizations.
2025-05-15 10:27:27 INFO Pure org 'Maynooth University' already has ROR https://ror.org/048nfjm95, no update needed.
2025-05-15 10:27:27 INFO Pure org 'Masaryk University' already has ROR https://ror.org/02j46qs45, no update needed.
2025-05-15 10:27:27 INFO Pure org 'Wageningen University & Research' already has ROR https://ror.org/04qw24q55, no update needed.
2025-05-15 10:27:27 INFO No match found for Pure org 'extern' in OpenAlex organizations.
2025-05-15 10:27:27 INFO Pure org 'Utrecht University' already has ROR https://ror.org/04pp8hn57, no update needed.
2025-05-15 10:27:27 INFO Pure org 'Leiden University' already has ROR https://ror.org/027bh9e22, no update needed.
2025-05-15 10:27:27 INFO Will update ROR for Pure org 'University of Malta' with ROR https://ror.org/03a62bv60
2025-05-15 10:27:27 INFO Pure org 'Utrecht University' already has ROR https://ror.org/04pp8hn57, no update needed.
2025-05-15 10:27:27 INFO No match found for Pure org 'Nederlandse Vereniging voor de Rechtspraak' in OpenAlex organizations.
2025-05-15 10:27:27 INFO Pure org 'Wageningen University & Research' already has ROR https://ror.org/04qw24q55, no update needed.
2025-05-15 10:27:27 INFO Pure org 'Leiden University' already has ROR https://ror.org/027bh9e22, no update needed.
2025-05-15 10:27:27 INFO Will update ROR for Pure org 'University of Malta' with ROR https://ror.org/03a62bv60
2025-05-15 10:27:27 INFO Pure org 'Maastricht University' already has ROR https://ror.org/02jz4aj89, no update needed.
2025-05-15 10:27:27 INFO Pure org 'Maastricht University' already has ROR https://ror.org/02jz4aj89, no update needed.
2025-05-15 10:27:27 INFO Will update ROR for Pure org 'The Hague University of Applied Sciences' with ROR https://ror.org/021zvq422
2025-05-15 10:27:27 INFO Processed 2025 batch
2025-05-15 10:27:27 INFO Will update ROR for Pure org 'Goethe University Frankfurt' with ROR https://ror.org/04cvxnb49
2025-05-15 10:27:27 INFO Will update ROR for Pure org 'University of Santiago de Compostela' with ROR https://ror.org/030eybx10
2025-05-15 10:27:27 INFO Pure org 'CPB Netherlands Bureau for Economic Policy Analysis' already has ROR https://ror.org/04rjxzd30, no update needed.
2025-05-15 10:27:27 INFO No match found for Pure org 'IZA Institute of Labor Economics' in OpenAlex organizations.
2025-05-15 10:27:27 INFO Will update ROR for Pure org 'Variable Energy Cyclotron Centre' with ROR https://ror.org/01v4s0f07
2025-05-15 10:27:27 INFO Will update ROR for Pure org 'Aligarh Muslim University' with ROR https://ror.org/03kw9gc02
2025-05-15 10:27:27 INFO No match found for Pure org 'National Institute for Nuclear Physics' in OpenAlex organizations.
2025-05-15 10:27:27 INFO No match found for Pure org 'P. J. Safarik University' in OpenAlex organizations.
2025-05-15 10:27:27 INFO Pure org 'University of Münster' already has ROR https://ror.org/00pd74e08, no update needed.
2025-05-15 10:27:27 INFO No match found for Pure org 'Czech Academy of Sciences' in OpenAlex organizations.
2025-05-15 10:27:27 INFO No match found for Pure org 'Korea Institute of Science and Technology Information' in OpenAlex organizations.
2025-05-15 10:27:27 INFO Pure org 'Université Clermont Auvergne' already has ROR https://ror.org/01a8ajp46, no update needed.
2025-05-15 10:27:27 INFO No match found for Pure org 'Horia Hulubei National Institute of Physics and Nuclear Engineering' in OpenAlex organizations.
2025-05-15 10:27:27 INFO Pure org 'Universidad Nacional Autónoma de México' already has ROR https://ror.org/01tmp8f25, no update needed.
2025-05-15 10:27:27 INFO Pure org 'Université de Nantes' already has ROR https://ror.org/03gnr7b55, no update needed.
2025-05-15 10:27:27 INFO No match found for Pure org 'CERN' in OpenAlex organizations.
2025-05-15 10:27:27 INFO Will update ROR for Pure org 'GSI Helmholtz Centre for Heavy Ion Research' with ROR https://ror.org/02k8cbn47
2025-05-15 10:27:27 INFO Pure org 'University of Bergen' already has ROR https://ror.org/03zga2b32, no update needed.
2025-05-15 10:27:27 INFO Will update ROR for Pure org 'Lawrence Berkeley National Laboratory' with ROR https://ror.org/02jbv0t02
2025-05-15 10:27:27 INFO Will update ROR for Pure org 'Goethe University Frankfurt' with ROR https://ror.org/04cvxnb49
2025-05-15 10:27:27 INFO Will update ROR for Pure org 'Heidelberg University ' with ROR https://ror.org/038t36y30
2025-05-15 10:27:27 INFO Will update ROR for Pure org 'COMSATS University Islamabad' with ROR https://ror.org/00nqqvk19
2025-05-15 10:27:27 INFO Will update ROR for Pure org 'University of Houston' with ROR https://ror.org/048sx0r50
2025-05-15 10:27:27 INFO Will update ROR for Pure org 'Central China Normal University' with ROR https://ror.org/03x1jna21
2025-05-15 10:27:28 INFO Will update ROR for Pure org 'Variable Energy Cyclotron Centre' with ROR https://ror.org/01v4s0f07
2025-05-15 10:27:28 INFO Will update ROR for Pure org 'Aligarh Muslim University' with ROR https://ror.org/03kw9gc02
2025-05-15 10:27:28 INFO No match found for Pure org 'National Institute for Nuclear Physics' in OpenAlex organizations.
2025-05-15 10:27:28 INFO No match found for Pure org 'P. J. Safarik University' in OpenAlex organizations.
2025-05-15 10:27:28 INFO Pure org 'University of Münster' already has ROR https://ror.org/00pd74e08, no update needed.
2025-05-15 10:27:28 INFO No match found for Pure org 'Czech Academy of Sciences' in OpenAlex organizations.
2025-05-15 10:27:28 INFO No match found for Pure org 'Korea Institute of Science and Technology Information' in OpenAlex organizations.
2025-05-15 10:27:28 INFO No match found for Pure org 'Russian Research Centre Kurchatov Institute' in OpenAlex organizations.
2025-05-15 10:27:28 INFO No match found for Pure org 'Horia Hulubei National Institute of Physics and Nuclear Engineering' in OpenAlex organizations.
2025-05-15 10:27:28 INFO Pure org 'Universidad Nacional Autónoma de México' already has ROR https://ror.org/01tmp8f25, no update needed.
2025-05-15 10:27:28 INFO No match found for Pure org 'St. Petersburg State University' in OpenAlex organizations.
2025-05-15 10:27:28 INFO Will update ROR for Pure org 'National Institute for Subatomic Physics' with ROR https://ror.org/00f9tz983
2025-05-15 10:27:28 INFO Pure org 'Fudan University' already has ROR https://ror.org/013q1eq08, no update needed.
2025-05-15 10:27:28 INFO No match found for Pure org 'CERN' in OpenAlex organizations.
2025-05-15 10:27:28 INFO Will update ROR for Pure org 'GSI Helmholtz Centre for Heavy Ion Research' with ROR https://ror.org/02k8cbn47
2025-05-15 10:27:28 INFO Pure org 'University of Bergen' already has ROR https://ror.org/03zga2b32, no update needed.
2025-05-15 10:27:28 INFO Pure org 'Lund University' already has ROR https://ror.org/012a77v79, no update needed.
2025-05-15 10:27:28 INFO Will update ROR for Pure org 'Goethe University Frankfurt' with ROR https://ror.org/04cvxnb49
2025-05-15 10:27:28 INFO Will update ROR for Pure org 'Lembaga Ilmu Pengetahuan Indonesia' with ROR https://ror.org/03d7c1451
2025-05-15 10:27:28 INFO Will update ROR for Pure org 'COMSATS University Islamabad' with ROR https://ror.org/00nqqvk19
2025-05-15 10:27:28 INFO Will update ROR for Pure org 'University of Houston' with ROR https://ror.org/048sx0r50
2025-05-15 10:27:28 INFO No match found for Pure org 'Variable Energy Cyclotron Centre India' in OpenAlex organizations.
2025-05-15 10:27:28 INFO Will update ROR for Pure org 'Central China Normal University' with ROR https://ror.org/03x1jna21
2025-05-15 10:27:29 INFO No match found for Pure org 'Academic Medical Center' in OpenAlex organizations.
2025-05-15 10:27:29 INFO No match found for Pure org 'University of Copenhagen' in OpenAlex organizations.
2025-05-15 10:27:29 INFO Processed 2050 batch
2025-05-15 10:27:29 INFO No match found for Pure org 'extern' in OpenAlex organizations.
2025-05-15 10:27:30 INFO No match found for Pure org 'The Global Alliance Against Traffic in Women (GAATW)' in OpenAlex organizations.
2025-05-15 10:27:30 INFO Pure org 'University of Oxford' already has ROR https://ror.org/052gg0110, no update needed.
2025-05-15 10:27:30 INFO No match found for Pure org 'Ghent University' in OpenAlex organizations.
2025-05-15 10:27:30 INFO Processed 2075 batch
2025-05-15 10:27:30 INFO No match found for Pure org 'Radboud University Nijmegen' in OpenAlex organizations.
2025-05-15 10:27:30 INFO No match found for Pure org 'extern' in OpenAlex organizations.
2025-05-15 10:27:30 INFO Pure org 'University Medical Center Utrecht' already has ROR https://ror.org/0575yy874, no update needed.
2025-05-15 10:27:30 INFO No match found for Pure org 'Utrecht University of Applied Sciences' in OpenAlex organizations.
2025-05-15 10:27:30 INFO No match found for Pure org 'Oberon Research and Consultancy' in OpenAlex organizations.
2025-05-15 10:27:30 INFO Pure org 'University of Groningen' already has ROR https://ror.org/012p63287, no update needed.
2025-05-15 10:27:30 INFO No match found for Pure org 'Centre for Research and Development of Education, University Medical Centre Utrecht' in OpenAlex organizations.
2025-05-15 10:27:30 INFO No match found for Pure org 'Oberon Research and Consultancy' in OpenAlex organizations.
2025-05-15 10:27:30 INFO Pure org 'University of Antwerp' already has ROR https://ror.org/008x57b05, no update needed.
2025-05-15 10:27:30 INFO Pure org 'Erasmus University Rotterdam' already has ROR https://ror.org/057w15z03, no update needed.
2025-05-15 10:27:30 INFO No match found for Pure org 'extern' in OpenAlex organizations.
2025-05-15 10:27:30 INFO No match found for Pure org 'extern' in OpenAlex organizations.
2025-05-15 10:27:30 INFO No match found for Pure org 'extern' in OpenAlex organizations.
2025-05-15 10:27:30 INFO Processed 2100 batch
2025-05-15 10:27:30 INFO No match found for Pure org 'extern' in OpenAlex organizations.
2025-05-15 10:27:30 INFO Pure org 'University of Groningen' already has ROR https://ror.org/012p63287, no update needed.
2025-05-15 10:27:30 INFO Pure org 'Utrecht University' already has ROR https://ror.org/04pp8hn57, no update needed.
2025-05-15 10:27:30 INFO Pure org 'Wageningen University & Research' already has ROR https://ror.org/04qw24q55, no update needed.
2025-05-15 10:27:30 INFO Pure org 'Utrecht University' already has ROR https://ror.org/04pp8hn57, no update needed.
2025-05-15 10:27:30 INFO Pure org 'City, University of London' already has ROR https://ror.org/04489at23, no update needed.
2025-05-15 10:27:30 INFO No match found for Pure org 'Dutch National Archives (Retired)' in OpenAlex organizations.
2025-05-15 10:27:30 INFO No match found for Pure org 'College voor de Rechten van de Mens/SIM' in OpenAlex organizations.
2025-05-15 10:27:30 INFO Pure org 'University of Oxford' already has ROR https://ror.org/052gg0110, no update needed.
2025-05-15 10:27:30 INFO Pure org 'Vrije Universiteit Amsterdam' already has ROR https://ror.org/008xxew50, no update needed.
2025-05-15 10:27:30 INFO Pure org 'Tilburg University' already has ROR https://ror.org/04b8v1s79, no update needed.
2025-05-15 10:27:30 INFO Processed 2125 batch
2025-05-15 10:27:30 INFO No match found for Pure org 'Utrecht University' in OpenAlex organizations.
2025-05-15 10:27:30 INFO No match found for Pure org 'extern' in OpenAlex organizations.
2025-05-15 10:27:30 INFO Pure org 'Utrecht University' already has ROR https://ror.org/04pp8hn57, no update needed.
2025-05-15 10:27:30 INFO Will update ROR for Pure org 'Victoria University of Wellington' with ROR https://ror.org/0040r6f76
2025-05-15 10:27:30 INFO No match found for Pure org 'Utrecht University' in OpenAlex organizations.
2025-05-15 10:27:30 INFO Pure org 'Tilburg University' already has ROR https://ror.org/04b8v1s79, no update needed.
2025-05-15 10:27:30 INFO No match found for Pure org 'Xi'an Jiaotong-Liverpool University' in OpenAlex organizations.
2025-05-15 10:27:30 INFO Pure org 'CPB Netherlands Bureau for Economic Policy Analysis' already has ROR https://ror.org/04rjxzd30, no update needed.
2025-05-15 10:27:30 INFO Pure org 'University of Groningen' already has ROR https://ror.org/012p63287, no update needed.
2025-05-15 10:27:30 INFO Pure org 'University of Groningen' already has ROR https://ror.org/012p63287, no update needed.
2025-05-15 10:27:30 INFO Pure org 'Vrije Universiteit Amsterdam' already has ROR https://ror.org/008xxew50, no update needed.
2025-05-15 10:27:30 INFO Will update ROR for Pure org 'Beijing University of Technology' with ROR https://ror.org/037b1pp87
2025-05-15 10:27:30 INFO Pure org 'Fudan University' already has ROR https://ror.org/013q1eq08, no update needed.
2025-05-15 10:27:30 INFO Will update ROR for Pure org 'Huazhong University of Science and Technology' with ROR https://ror.org/00p991c53
2025-05-15 10:27:30 INFO Pure org 'CPB Netherlands Bureau for Economic Policy Analysis' already has ROR https://ror.org/04rjxzd30, no update needed.
2025-05-15 10:27:30 INFO Pure org 'University of Groningen' already has ROR https://ror.org/012p63287, no update needed.
2025-05-15 10:27:30 INFO Pure org 'University of Groningen' already has ROR https://ror.org/012p63287, no update needed.
2025-05-15 10:27:30 INFO Will update ROR for Pure org 'Beijing Foreign Studies University' with ROR https://ror.org/00jdr0662
2025-05-15 10:27:30 INFO Pure org 'University of Groningen' already has ROR https://ror.org/012p63287, no update needed.
2025-05-15 10:27:30 INFO No match found for Pure org 'extern' in OpenAlex organizations.
2025-05-15 10:27:30 INFO Pure org 'University of Groningen' already has ROR https://ror.org/012p63287, no update needed.
2025-05-15 10:27:30 INFO No match found for Pure org 'extern' in OpenAlex organizations.
2025-05-15 10:27:30 INFO No match found for Pure org 'extern' in OpenAlex organizations.
2025-05-15 10:27:30 INFO No match found for Pure org 'Ohio State University' in OpenAlex organizations.
2025-05-15 10:27:30 INFO No match found for Pure org 'University of Amsterdam' in OpenAlex organizations.
2025-05-15 10:27:30 INFO Processed 2150 batch
2025-05-15 10:27:30 INFO Pure org 'University of Groningen' already has ROR https://ror.org/012p63287, no update needed.
2025-05-15 10:27:30 INFO Pure org 'University of Groningen' already has ROR https://ror.org/012p63287, no update needed.
2025-05-15 10:27:30 INFO Pure org 'University of Oxford' already has ROR https://ror.org/052gg0110, no update needed.
2025-05-15 10:27:30 INFO Pure org 'University of Groningen' already has ROR https://ror.org/012p63287, no update needed.
2025-05-15 10:27:30 INFO No match found for Pure org 'Centraal Planbureau' in OpenAlex organizations.
2025-05-15 10:27:30 INFO Pure org 'University of Stirling' already has ROR https://ror.org/045wgfr59, no update needed.
2025-05-15 10:27:30 INFO Pure org 'Utrecht University' already has ROR https://ror.org/04pp8hn57, no update needed.
2025-05-15 10:27:30 INFO Will update ROR for Pure org 'City University of New York' with ROR https://ror.org/00453a208
2025-05-15 10:27:30 INFO Will update ROR for Pure org 'University of Macedonia' with ROR https://ror.org/05fg6gr82
2025-05-15 10:27:30 INFO No match found for Pure org 'University of Nebraska Omaha' in OpenAlex organizations.
2025-05-15 10:27:30 INFO Will update ROR for Pure org 'University of Bradford' with ROR https://ror.org/00vs8d940
2025-05-15 10:27:30 INFO Will update ROR for Pure org 'SGH Warsaw School Of Economics' with ROR https://ror.org/032cph770
2025-05-15 10:27:30 INFO Pure org 'Delft University of Technology' already has ROR https://ror.org/02e2c7k09, no update needed.
2025-05-15 10:27:31 INFO Will update ROR for Pure org 'Kristianstad University' with ROR https://ror.org/00tkrft03
2025-05-15 10:27:31 INFO Will update ROR for Pure org 'Kozminski University' with ROR https://ror.org/033wpf256
2025-05-15 10:27:31 INFO Pure org 'Nord University' already has ROR https://ror.org/030mwrt98, no update needed.
2025-05-15 10:27:31 INFO No match found for Pure org 'University G.d’Annunzio' in OpenAlex organizations.
2025-05-15 10:27:31 INFO Pure org 'Eindhoven University of Technology' already has ROR https://ror.org/02c2kyt77, no update needed.
2025-05-15 10:27:31 INFO Pure org 'Roskilde University' already has ROR https://ror.org/014axpa37, no update needed.
2025-05-15 10:27:31 INFO No match found for Pure org 'University of Milan - Bicocca' in OpenAlex organizations.
2025-05-15 10:27:31 INFO No match found for Pure org 'Massachusetts Institute of Technology' in OpenAlex organizations.
2025-05-15 10:27:31 INFO No match found for Pure org 'Province of North Brabant' in OpenAlex organizations.
2025-05-15 10:27:31 INFO Pure org 'University of Stirling' already has ROR https://ror.org/045wgfr59, no update needed.
2025-05-15 10:27:31 INFO Will update ROR for Pure org 'Universidad Autónoma de Madrid' with ROR https://ror.org/01cby8j38
2025-05-15 10:27:31 INFO Processed 2175 batch
2025-05-15 10:27:31 INFO No match found for Pure org 'University of Wisconsin-Madison' in OpenAlex organizations.
2025-05-15 10:27:31 INFO Will update ROR for Pure org 'Victoria University of Wellington' with ROR https://ror.org/0040r6f76
2025-05-15 10:27:31 INFO No match found for Pure org 'Harvard Kennedy School, Harvard University, Cambridge, MA, USA' in OpenAlex organizations.
2025-05-15 10:27:31 INFO No match found for Pure org 'Delft Technical University Faculty of Technology, Policy and Management' in OpenAlex organizations.
2025-05-15 10:27:31 INFO No match found for Pure org 'Birkbeck University of London' in OpenAlex organizations.
2025-05-15 10:27:31 INFO No match found for Pure org 'Centro de Investigacion y Docencia Economicas' in OpenAlex organizations.
2025-05-15 10:27:31 INFO Pure org 'University of Granada' already has ROR https://ror.org/04njjy449, no update needed.
2025-05-15 10:27:31 INFO Pure org 'Erasmus University Rotterdam' already has ROR https://ror.org/057w15z03, no update needed.
2025-05-15 10:27:31 INFO Pure org 'Vrije Universiteit Amsterdam' already has ROR https://ror.org/008xxew50, no update needed.
2025-05-15 10:27:31 INFO No match found for Pure org 'Academic Medical Center' in OpenAlex organizations.
2025-05-15 10:27:31 INFO Pure org 'Utrecht University' already has ROR https://ror.org/04pp8hn57, no update needed.
2025-05-15 10:27:31 INFO Pure org 'Utrecht University' already has ROR https://ror.org/04pp8hn57, no update needed.
2025-05-15 10:27:31 INFO Pure org 'Utrecht University' already has ROR https://ror.org/04pp8hn57, no update needed.
2025-05-15 10:27:31 INFO Processed 2200 batch
2025-05-15 10:27:31 INFO No match found for Pure org 'extern' in OpenAlex organizations.
2025-05-15 10:27:31 INFO No match found for Pure org 'extern' in OpenAlex organizations.
2025-05-15 10:27:31 INFO No match found for Pure org 'extern' in OpenAlex organizations.
2025-05-15 10:27:31 INFO No match found for Pure org 'extern' in OpenAlex organizations.
2025-05-15 10:27:31 INFO No match found for Pure org 'extern' in OpenAlex organizations.
2025-05-15 10:27:31 INFO Pure org 'Utrecht University' already has ROR https://ror.org/04pp8hn57, no update needed.
2025-05-15 10:27:31 INFO Pure org 'Erasmus University Rotterdam' already has ROR https://ror.org/057w15z03, no update needed.
2025-05-15 10:27:31 INFO No match found for Pure org 'extern' in OpenAlex organizations.
2025-05-15 10:27:31 INFO No match found for Pure org 'extern' in OpenAlex organizations.
2025-05-15 10:27:31 INFO Processed 2225 batch
2025-05-15 10:27:31 INFO Pure org 'Xiamen University' already has ROR https://ror.org/00mcjh785, no update needed.
2025-05-15 10:27:31 INFO No match found for Pure org 'Xi'an Jiaotong-Liverpool University' in OpenAlex organizations.
2025-05-15 10:27:31 INFO No match found for Pure org 'National University of Political Studies and Public Administration' in OpenAlex organizations.
2025-05-15 10:27:31 INFO Pure org 'Technical University of Applied Sciences Wildau' already has ROR https://ror.org/00k62pe27, no update needed.
2025-05-15 10:27:31 INFO No match found for Pure org 'National University of Political Studies and Public Administration' in OpenAlex organizations.
2025-05-15 10:27:31 INFO Pure org 'McMaster University' already has ROR https://ror.org/02fa3aq29, no update needed.
2025-05-15 10:27:31 INFO Pure org 'Open University of Catalonia' already has ROR https://ror.org/01f5wp925, no update needed.
2025-05-15 10:27:31 INFO Pure org 'Trent University' already has ROR https://ror.org/03ygmq230, no update needed.
2025-05-15 10:27:31 INFO Pure org 'McMaster University' already has ROR https://ror.org/02fa3aq29, no update needed.
2025-05-15 10:27:31 INFO Pure org 'Trent University' already has ROR https://ror.org/03ygmq230, no update needed.
2025-05-15 10:27:31 INFO Pure org 'Open University of Catalonia' already has ROR https://ror.org/01f5wp925, no update needed.
2025-05-15 10:27:31 INFO Pure org 'KTH Royal Institute of Technology' already has ROR https://ror.org/026vcq606, no update needed.
2025-05-15 10:27:31 INFO Pure org 'Tilburg University' already has ROR https://ror.org/04b8v1s79, no update needed.
2025-05-15 10:27:31 INFO Pure org 'University of Zurich' already has ROR https://ror.org/02crff812, no update needed.
2025-05-15 10:27:31 INFO Pure org 'University of Amsterdam' already has ROR https://ror.org/04dkp9463, no update needed.
2025-05-15 10:27:31 INFO No match found for Pure org 'The Amsterdam School of Communication Research ASCoR' in OpenAlex organizations.
2025-05-15 10:27:31 INFO Pure org 'University of Amsterdam' already has ROR https://ror.org/04dkp9463, no update needed.
2025-05-15 10:27:31 INFO No match found for Pure org 'Diakonessenhuis' in OpenAlex organizations.
2025-05-15 10:27:31 INFO No match found for Pure org 'The Amsterdam School of Communication Research ASCoR' in OpenAlex organizations.
2025-05-15 10:27:31 INFO Pure org 'University of Amsterdam' already has ROR https://ror.org/04dkp9463, no update needed.
2025-05-15 10:27:31 INFO Pure org 'University of Amsterdam' already has ROR https://ror.org/04dkp9463, no update needed.
2025-05-15 10:27:31 INFO No match found for Pure org 'Academic Medical Center' in OpenAlex organizations.
2025-05-15 10:27:31 INFO No match found for Pure org 'extern' in OpenAlex organizations.
2025-05-15 10:27:31 INFO Pure org 'University of Amsterdam' already has ROR https://ror.org/04dkp9463, no update needed.
2025-05-15 10:27:31 INFO No match found for Pure org 'Academic Medical Center' in OpenAlex organizations.
2025-05-15 10:27:31 INFO No match found for Pure org 'External unknown' in OpenAlex organizations.
2025-05-15 10:27:31 INFO No match found for Pure org 'extern' in OpenAlex organizations.
2025-05-15 10:27:31 INFO No match found for Pure org 'The Amsterdam School of Communication Research ASCoR' in OpenAlex organizations.
2025-05-15 10:27:31 INFO Processed 2250 batch
2025-05-15 10:27:31 INFO No match found for Pure org 'Academic Medical Center' in OpenAlex organizations.
2025-05-15 10:27:31 INFO No match found for Pure org 'Academic Medical Center' in OpenAlex organizations.
2025-05-15 10:27:31 INFO Pure org 'Utrecht University' already has ROR https://ror.org/04pp8hn57, no update needed.
2025-05-15 10:27:31 INFO Will update ROR for Pure org 'Deventer Ziekenhuis' with ROR https://ror.org/05w8df681
2025-05-15 10:27:31 INFO No match found for Pure org 'Academic Medical Center' in OpenAlex organizations.
2025-05-15 10:27:31 INFO No match found for Pure org 'External unknown' in OpenAlex organizations.
2025-05-15 10:27:31 INFO No match found for Pure org 'The Amsterdam School of Communication Research ASCoR' in OpenAlex organizations.
2025-05-15 10:27:31 INFO No match found for Pure org 'Academic Medical Center' in OpenAlex organizations.
2025-05-15 10:27:31 INFO Pure org 'University of Amsterdam' already has ROR https://ror.org/04dkp9463, no update needed.
2025-05-15 10:27:31 INFO No match found for Pure org 'External unknown' in OpenAlex organizations.
2025-05-15 10:27:31 INFO No match found for Pure org 'The Amsterdam School of Communication Research ASCoR' in OpenAlex organizations.
2025-05-15 10:27:31 INFO No match found for Pure org 'Medical Library' in OpenAlex organizations.
2025-05-15 10:27:31 INFO No match found for Pure org 'Academic Medical Center' in OpenAlex organizations.
2025-05-15 10:27:31 INFO No match found for Pure org 'Facebook Inc' in OpenAlex organizations.
2025-05-15 10:27:31 INFO No match found for Pure org 'The Amsterdam School of Communication Research ASCoR' in OpenAlex organizations.
2025-05-15 10:27:31 INFO No match found for Pure org 'University of Amsterdam' in OpenAlex organizations.
2025-05-15 10:27:31 INFO Pure org 'Catholic University of the Sacred Heart' already has ROR https://ror.org/03h7r5v07, no update needed.
2025-05-15 10:27:31 INFO Pure org 'Leiden University' already has ROR https://ror.org/027bh9e22, no update needed.
2025-05-15 10:27:31 INFO Pure org 'KU Leuven' already has ROR https://ror.org/05f950310, no update needed.
2025-05-15 10:27:31 INFO Pure org 'KU Leuven' already has ROR https://ror.org/05f950310, no update needed.
2025-05-15 10:27:31 INFO Pure org 'KU Leuven' already has ROR https://ror.org/05f950310, no update needed.
2025-05-15 10:27:31 INFO Pure org 'KU Leuven' already has ROR https://ror.org/05f950310, no update needed.
2025-05-15 10:27:31 INFO Pure org 'KU Leuven' already has ROR https://ror.org/05f950310, no update needed.
2025-05-15 10:27:31 INFO Processed 2275 batch
2025-05-15 10:27:31 INFO No match found for Pure org 'The University of Buckingham' in OpenAlex organizations.
2025-05-15 10:27:31 INFO Pure org 'Royal Melbourne Institute of Technology University' already has ROR https://ror.org/04ttjf776, no update needed.
2025-05-15 10:27:31 INFO No match found for Pure org 'extern' in OpenAlex organizations.
2025-05-15 10:27:31 INFO Pure org 'Utrecht University' already has ROR https://ror.org/04pp8hn57, no update needed.
2025-05-15 10:27:31 INFO No match found for Pure org 'North West University' in OpenAlex organizations.
2025-05-15 10:27:31 INFO No match found for Pure org 'Arizona State University' in OpenAlex organizations.
2025-05-15 10:27:31 INFO Pure org 'Aarhus University' already has ROR https://ror.org/01aj84f44, no update needed.
2025-05-15 10:27:31 INFO Pure org 'Utrecht University' already has ROR https://ror.org/04pp8hn57, no update needed.
2025-05-15 10:27:31 INFO Pure org 'King's College London' already has ROR https://ror.org/0220mzb33, no update needed.
2025-05-15 10:27:31 INFO No match found for Pure org 'Radboud University Nijmegen' in OpenAlex organizations.
2025-05-15 10:27:31 INFO No match found for Pure org 'Utrecht University' in OpenAlex organizations.
2025-05-15 10:27:31 INFO No match found for Pure org 'Delft University of Technology, Deltares and Utrecht University' in OpenAlex organizations.
2025-05-15 10:27:31 INFO Pure org 'Vrije Universiteit Amsterdam' already has ROR https://ror.org/008xxew50, no update needed.
2025-05-15 10:27:31 INFO No match found for Pure org 'Centre for Intellectual Property Law' in OpenAlex organizations.
2025-05-15 10:27:31 INFO No match found for Pure org 'Radboud University Nijmegen' in OpenAlex organizations.
2025-05-15 10:27:31 INFO Processed 2300 batch
2025-05-15 10:27:31 INFO No match found for Pure org 'Academic Medical Center' in OpenAlex organizations.
2025-05-15 10:27:31 INFO No match found for Pure org 'ABN AMRO' in OpenAlex organizations.
2025-05-15 10:27:31 INFO No match found for Pure org 'extern' in OpenAlex organizations.
2025-05-15 10:27:31 INFO Pure org 'Utrecht University' already has ROR https://ror.org/04pp8hn57, no update needed.
2025-05-15 10:27:31 INFO No match found for Pure org 'Forensic Psychiatric Hospital' in OpenAlex organizations.
2025-05-15 10:27:31 INFO No match found for Pure org 'Pieter Baan Centre for Forensic Psychiatry' in OpenAlex organizations.
2025-05-15 10:27:31 INFO Pure org 'Utrecht University' already has ROR https://ror.org/04pp8hn57, no update needed.
2025-05-15 10:27:31 INFO No match found for Pure org 'Forensic Psychiatric Hospital Assen' in OpenAlex organizations.
2025-05-15 10:27:31 INFO No match found for Pure org 'External unknown' in OpenAlex organizations.
2025-05-15 10:27:31 INFO Pure org 'Leiden University' already has ROR https://ror.org/027bh9e22, no update needed.
2025-05-15 10:27:31 INFO No match found for Pure org 'Pieter Baan Centre' in OpenAlex organizations.
2025-05-15 10:27:31 INFO No match found for Pure org 'Radboud University Nijmegen' in OpenAlex organizations.
2025-05-15 10:27:31 INFO No match found for Pure org 'Maastricht University' in OpenAlex organizations.
2025-05-15 10:27:31 INFO No match found for Pure org 'extern' in OpenAlex organizations.
2025-05-15 10:27:31 INFO Pure org 'University Medical Center Utrecht' already has ROR https://ror.org/0575yy874, no update needed.
2025-05-15 10:27:31 INFO Pure org 'University of Amsterdam' already has ROR https://ror.org/04dkp9463, no update needed.
2025-05-15 10:27:31 INFO Processed 2325 batch
2025-05-15 10:27:31 INFO Pure org 'King's College London' already has ROR https://ror.org/0220mzb33, no update needed.
2025-05-15 10:27:31 INFO Will update ROR for Pure org 'Mississippi State University' with ROR https://ror.org/0432jq872
2025-05-15 10:27:31 INFO No match found for Pure org 'American University Washington DC' in OpenAlex organizations.
2025-05-15 10:27:31 INFO Pure org 'KU Leuven' already has ROR https://ror.org/05f950310, no update needed.
2025-05-15 10:27:31 INFO Pure org 'Windesheim University of Applied Sciences' already has ROR https://ror.org/04zmc0e16, no update needed.
2025-05-15 10:27:31 INFO No match found for Pure org 'Institute for Health and Sport, Victoria University, Melbourne, Australia  ' in OpenAlex organizations.
2025-05-15 10:27:31 INFO Pure org 'Monash University' already has ROR https://ror.org/02bfwt286, no update needed.
2025-05-15 10:27:31 INFO Pure org 'Victoria University' already has ROR https://ror.org/04j757h98, no update needed.
2025-05-15 10:27:31 INFO Pure org 'Utrecht University' already has ROR https://ror.org/04pp8hn57, no update needed.
2025-05-15 10:27:31 INFO No match found for Pure org 'extern' in OpenAlex organizations.
2025-05-15 10:27:31 INFO No match found for Pure org 'extern' in OpenAlex organizations.
2025-05-15 10:27:31 INFO Pure org 'University of British Columbia' already has ROR https://ror.org/03rmrcq20, no update needed.
2025-05-15 10:27:31 INFO Pure org 'University of Toronto' already has ROR https://ror.org/03dbr7087, no update needed.
2025-05-15 10:27:31 INFO Will update ROR for Pure org 'The Hague University of Applied Sciences' with ROR https://ror.org/021zvq422
2025-05-15 10:27:31 INFO Pure org 'Utrecht University' already has ROR https://ror.org/04pp8hn57, no update needed.
2025-05-15 10:27:31 INFO Processed 2350 batch
2025-05-15 10:27:31 INFO No match found for Pure org 'extern' in OpenAlex organizations.
2025-05-15 10:27:31 INFO No match found for Pure org 'extern' in OpenAlex organizations.
2025-05-15 10:27:31 INFO No match found for Pure org 'Flood Hazard Research Centre (FHRC)' in OpenAlex organizations.
2025-05-15 10:27:31 INFO Pure org 'Deltares' already has ROR https://ror.org/01deh9c76, no update needed.
2025-05-15 10:27:31 INFO Pure org 'Erasmus University Rotterdam' already has ROR https://ror.org/057w15z03, no update needed.
2025-05-15 10:27:31 INFO No match found for Pure org 'Vrije Universiteit Amsterdam' in OpenAlex organizations.
2025-05-15 10:27:32 INFO Pure org 'Radboud University Nijmegen' already has ROR https://ror.org/016xsfp80, no update needed.
2025-05-15 10:27:32 INFO No match found for Pure org 'Netherlands Assessment Agency (PBL)' in OpenAlex organizations.
2025-05-15 10:27:32 INFO No match found for Pure org 'extern' in OpenAlex organizations.
2025-05-15 10:27:32 INFO No match found for Pure org 'extern' in OpenAlex organizations.
2025-05-15 10:27:32 INFO Processed 2375 batch
2025-05-15 10:27:32 INFO Will update ROR for Pure org 'University of Southern California' with ROR https://ror.org/03taz7m60
2025-05-15 10:27:32 INFO Will update ROR for Pure org 'United States Census Bureau' with ROR https://ror.org/01qn7cs15
2025-05-15 10:27:32 INFO No match found for Pure org 'Compagnia di San Paolo; CeRP' in OpenAlex organizations.
2025-05-15 10:27:32 INFO Will update ROR for Pure org 'UIC Barcelona' with ROR https://ror.org/00tse2b39
2025-05-15 10:27:32 INFO Pure org 'Erasmus University Rotterdam' already has ROR https://ror.org/057w15z03, no update needed.
2025-05-15 10:27:32 INFO No match found for Pure org 'IDEGA-University of Santiago de Compostela' in OpenAlex organizations.
2025-05-15 10:27:32 INFO Pure org 'University of Manchester' already has ROR https://ror.org/027m9bs27, no update needed.
2025-05-15 10:27:32 INFO Pure org 'University of East Anglia' already has ROR https://ror.org/026k5mg93, no update needed.
2025-05-15 10:27:32 INFO Will update ROR for Pure org 'Jawaharlal Nehru University' with ROR https://ror.org/0567v8t28
2025-05-15 10:27:32 INFO No match found for Pure org 'Ca’ Foscari University of Venice' in OpenAlex organizations.
2025-05-15 10:27:32 INFO Will update ROR for Pure org 'South China Normal University' with ROR https://ror.org/01kq0pv72
2025-05-15 10:27:32 INFO No match found for Pure org 'Econometrics and Finance' in OpenAlex organizations.
2025-05-15 10:27:32 INFO No match found for Pure org 'Utrecht University' in OpenAlex organizations.
2025-05-15 10:27:32 INFO No match found for Pure org 'Netspar' in OpenAlex organizations.
2025-05-15 10:27:32 INFO Pure org 'University of Groningen' already has ROR https://ror.org/012p63287, no update needed.
2025-05-15 10:27:32 INFO No match found for Pure org 'External unknown' in OpenAlex organizations.
2025-05-15 10:27:32 INFO No match found for Pure org 'Network for Studies on Pensions' in OpenAlex organizations.
2025-05-15 10:27:32 INFO Pure org 'Utrecht University' already has ROR https://ror.org/04pp8hn57, no update needed.
2025-05-15 10:27:32 INFO No match found for Pure org 'University of Groningen' in OpenAlex organizations.
2025-05-15 10:27:32 INFO Pure org 'Leiden University' already has ROR https://ror.org/027bh9e22, no update needed.
2025-05-15 10:27:32 INFO Will update ROR for Pure org 'Organisation for Economic Co-operation and Development' with ROR https://ror.org/0438wbg98
2025-05-15 10:27:32 INFO No match found for Pure org 'University of Groningen' in OpenAlex organizations.
2025-05-15 10:27:32 INFO Processed 2400 batch
2025-05-15 10:27:32 INFO Pure org 'University of Birmingham' already has ROR https://ror.org/03angcq70, no update needed.
2025-05-15 10:27:32 INFO Pure org 'University of Birmingham' already has ROR https://ror.org/03angcq70, no update needed.
2025-05-15 10:27:32 INFO Pure org 'University of Birmingham' already has ROR https://ror.org/03angcq70, no update needed.
2025-05-15 10:27:32 INFO No match found for Pure org 'Vrije Universiteit Amsterdam' in OpenAlex organizations.
2025-05-15 10:27:32 INFO Pure org 'Vrije Universiteit Amsterdam' already has ROR https://ror.org/008xxew50, no update needed.
2025-05-15 10:27:32 INFO Pure org 'Vrije Universiteit Amsterdam' already has ROR https://ror.org/008xxew50, no update needed.
2025-05-15 10:27:32 INFO No match found for Pure org 'Instituto Tecnologico de Estudios Superiores de Monterrey' in OpenAlex organizations.
2025-05-15 10:27:32 INFO No match found for Pure org 'Vrije Universiteit Amsterdam' in OpenAlex organizations.
2025-05-15 10:27:32 INFO Pure org 'Vrije Universiteit Amsterdam' already has ROR https://ror.org/008xxew50, no update needed.
2025-05-15 10:27:32 INFO No match found for Pure org 'West University of Timisoara' in OpenAlex organizations.
2025-05-15 10:27:32 INFO No match found for Pure org 'Netherlands Environmental Assessment Agency (PBL)' in OpenAlex organizations.
2025-05-15 10:27:32 INFO Pure org 'University of Birmingham' already has ROR https://ror.org/03angcq70, no update needed.
2025-05-15 10:27:32 INFO No match found for Pure org 'extern' in OpenAlex organizations.
2025-05-15 10:27:32 INFO Will update ROR for Pure org 'Institute for Social Research' with ROR https://ror.org/05swz5441
2025-05-15 10:27:32 INFO Pure org 'University Medical Center Utrecht' already has ROR https://ror.org/0575yy874, no update needed.
2025-05-15 10:27:32 INFO No match found for Pure org 'Utrecht University of Applied Sciences' in OpenAlex organizations.
2025-05-15 10:27:32 INFO No match found for Pure org 'Erasmus School of Social and Behavioural Sciences' in OpenAlex organizations.
2025-05-15 10:27:32 INFO Will update ROR for Pure org 'Renmin University of China' with ROR https://ror.org/041pakw92
2025-05-15 10:27:33 INFO Processed 2425 batch
2025-05-15 10:27:33 INFO Pure org 'University of Copenhagen' already has ROR https://ror.org/035b05819, no update needed.
2025-05-15 10:27:33 INFO No match found for Pure org 'Ghent University' in OpenAlex organizations.
2025-05-15 10:27:33 INFO No match found for Pure org 'NVWA (Dutch Food and Safety Authority)' in OpenAlex organizations.
2025-05-15 10:27:33 INFO No match found for Pure org 'Bühler Insect Technology Solutions' in OpenAlex organizations.
2025-05-15 10:27:33 INFO No match found for Pure org 'Protix' in OpenAlex organizations.
2025-05-15 10:27:33 INFO No match found for Pure org 'HAS University of Applied Science Den Bosch' in OpenAlex organizations.
2025-05-15 10:27:33 INFO Pure org 'University of Groningen' already has ROR https://ror.org/012p63287, no update needed.
2025-05-15 10:27:33 INFO Pure org 'Ministry of Agriculture, Nature and Food Quality' already has ROR https://ror.org/03b1hdw57, no update needed.
2025-05-15 10:27:33 INFO Pure org 'Wageningen University & Research' already has ROR https://ror.org/04qw24q55, no update needed.
2025-05-15 10:27:33 INFO No match found for Pure org 'Rabobank' in OpenAlex organizations.
2025-05-15 10:27:33 INFO No match found for Pure org 'Southern Agriculture and Horticulture Organization (ZLTO)' in OpenAlex organizations.
2025-05-15 10:27:33 INFO No match found for Pure org 'Vrije Universiteit Amsterdam' in OpenAlex organizations.
2025-05-15 10:27:33 INFO Will update ROR for Pure org 'Case Western Reserve University' with ROR https://ror.org/051fd9666
2025-05-15 10:27:33 INFO No match found for Pure org 'Washington University St. Louis' in OpenAlex organizations.
2025-05-15 10:27:33 INFO No match found for Pure org 'Blavatnik Institute' in OpenAlex organizations.
2025-05-15 10:27:33 INFO No match found for Pure org 'extern' in OpenAlex organizations.
2025-05-15 10:27:33 INFO Pure org 'University of Georgia' already has ROR https://ror.org/00te3t702, no update needed.
2025-05-15 10:27:33 INFO No match found for Pure org 'Complex Carbohydrate Research Center' in OpenAlex organizations.
2025-05-15 10:27:33 INFO No match found for Pure org 'University of Groningen' in OpenAlex organizations.
2025-05-15 10:27:33 INFO Pure org 'Trinity College Dublin' already has ROR https://ror.org/02tyrky19, no update needed.
2025-05-15 10:27:33 INFO Pure org 'Paderborn University' already has ROR https://ror.org/058kzsd48, no update needed.
2025-05-15 10:27:33 INFO Pure org 'Paderborn University' already has ROR https://ror.org/058kzsd48, no update needed.
2025-05-15 10:27:33 INFO No match found for Pure org 'External unknown' in OpenAlex organizations.
2025-05-15 10:27:33 INFO Pure org 'Paderborn University' already has ROR https://ror.org/058kzsd48, no update needed.
2025-05-15 10:27:33 INFO No match found for Pure org 'Primary Hlth Care Clin' in OpenAlex organizations.
2025-05-15 10:27:33 INFO Pure org 'Utrecht University' already has ROR https://ror.org/04pp8hn57, no update needed.
2025-05-15 10:27:33 INFO Pure org 'Aarhus University' already has ROR https://ror.org/01aj84f44, no update needed.
2025-05-15 10:27:33 INFO Pure org 'Lund University' already has ROR https://ror.org/012a77v79, no update needed.
2025-05-15 10:27:33 INFO No match found for Pure org 'University of Copenhagen' in OpenAlex organizations.
2025-05-15 10:27:33 INFO Will update ROR for Pure org 'Kharkiv National Medical University' with ROR https://ror.org/01sks0025
2025-05-15 10:27:33 INFO No match found for Pure org 'Natl Institute Publ Health' in OpenAlex organizations.
2025-05-15 10:27:33 INFO Processed 2450 batch
2025-05-15 10:27:33 INFO Will update ROR for Pure org 'Luleå University of Technology' with ROR https://ror.org/016st3p78
2025-05-15 10:27:33 INFO No match found for Pure org 'Flood Hazard Research Centre (FHRC)' in OpenAlex organizations.
2025-05-15 10:27:33 INFO No match found for Pure org 'The Social and Economic Council of the Netherlands (SER)' in OpenAlex organizations.
2025-05-15 10:27:33 INFO No match found for Pure org 'Nicolaus Copernicus University in Toruń' in OpenAlex organizations.
2025-05-15 10:27:33 INFO No match found for Pure org 'The Social and Economic Council of the Netherlands (SER)' in OpenAlex organizations.
2025-05-15 10:27:33 INFO Pure org 'University of Melbourne' already has ROR https://ror.org/01ej9dk98, no update needed.
2025-05-15 10:27:33 INFO Pure org 'University of Melbourne' already has ROR https://ror.org/01ej9dk98, no update needed.
2025-05-15 10:27:33 INFO Pure org 'Leiden University' already has ROR https://ror.org/027bh9e22, no update needed.
2025-05-15 10:27:33 INFO Pure org 'University of Melbourne' already has ROR https://ror.org/01ej9dk98, no update needed.
2025-05-15 10:27:33 INFO Pure org 'Leiden University' already has ROR https://ror.org/027bh9e22, no update needed.
2025-05-15 10:27:33 INFO Pure org 'University of Melbourne' already has ROR https://ror.org/01ej9dk98, no update needed.
2025-05-15 10:27:33 INFO Pure org 'Leiden University' already has ROR https://ror.org/027bh9e22, no update needed.
2025-05-15 10:27:33 INFO Pure org 'University of Amsterdam' already has ROR https://ror.org/04dkp9463, no update needed.
2025-05-15 10:27:33 INFO Pure org 'Nederlandse School voor Openbaar Bestuur' already has ROR https://ror.org/033958n71, no update needed.
2025-05-15 10:27:33 INFO No match found for Pure org 'Netherlands School for Public Administration' in OpenAlex organizations.
2025-05-15 10:27:33 INFO Pure org 'Wageningen University & Research' already has ROR https://ror.org/04qw24q55, no update needed.
2025-05-15 10:27:33 INFO Pure org 'Leiden University' already has ROR https://ror.org/027bh9e22, no update needed.
2025-05-15 10:27:33 INFO Pure org 'Erasmus University Rotterdam' already has ROR https://ror.org/057w15z03, no update needed.
2025-05-15 10:27:33 INFO No match found for Pure org 'Ministerie van Buitenlandse Zaken' in OpenAlex organizations.
2025-05-15 10:27:33 INFO Pure org 'Nederlandse School voor Openbaar Bestuur' already has ROR https://ror.org/033958n71, no update needed.
2025-05-15 10:27:33 INFO No match found for Pure org 'Wageningen University & Research' in OpenAlex organizations.
2025-05-15 10:27:33 INFO Pure org 'University of British Columbia' already has ROR https://ror.org/03rmrcq20, no update needed.
2025-05-15 10:27:33 INFO Pure org 'University of California at Berkeley' already has ROR https://ror.org/01an7q238, no update needed.
2025-05-15 10:27:33 INFO Pure org 'Australian National University' already has ROR https://ror.org/019wvm592, no update needed.
2025-05-15 10:27:33 INFO Will update ROR for Pure org 'Syracuse University' with ROR https://ror.org/025r5qe02
2025-05-15 10:27:33 INFO No match found for Pure org 'University of Canberra' in OpenAlex organizations.
2025-05-15 10:27:33 INFO No match found for Pure org 'Leiden University' in OpenAlex organizations.
2025-05-15 10:27:33 INFO Processed 2475 batch
2025-05-15 10:27:33 INFO No match found for Pure org 'Department of Government, Uppsala University' in OpenAlex organizations.
2025-05-15 10:27:33 INFO No match found for Pure org 'Department for Social Science and Business, Roskilde University' in OpenAlex organizations.
2025-05-15 10:27:33 INFO No match found for Pure org 'Department of Political Science, UC Berkeley' in OpenAlex organizations.
2025-05-15 10:27:33 INFO Pure org 'University of Sydney' already has ROR https://ror.org/0384j8v12, no update needed.
2025-05-15 10:27:33 INFO Pure org 'Roskilde University' already has ROR https://ror.org/014axpa37, no update needed.
2025-05-15 10:27:33 INFO No match found for Pure org 'University of Minnesota Twin Cities' in OpenAlex organizations.
2025-05-15 10:27:33 INFO No match found for Pure org 'Erasmus University Rotterdam' in OpenAlex organizations.
2025-05-15 10:27:33 INFO No match found for Pure org 'Berenschot BV' in OpenAlex organizations.
2025-05-15 10:27:33 INFO No match found for Pure org 'Vrije Universiteit Amsterdam' in OpenAlex organizations.
2025-05-15 10:27:33 INFO No match found for Pure org 'Ministerie van Binnenlandse Zaken en Koninkrijksrelaties' in OpenAlex organizations.
2025-05-15 10:27:33 INFO Pure org 'Nederlandse School voor Openbaar Bestuur' already has ROR https://ror.org/033958n71, no update needed.
2025-05-15 10:27:33 INFO Pure org 'Erasmus University Rotterdam' already has ROR https://ror.org/057w15z03, no update needed.
2025-05-15 10:27:33 INFO No match found for Pure org 'Birkbeck University of London' in OpenAlex organizations.
2025-05-15 10:27:33 INFO Will update ROR for Pure org 'Canterbury Christ Church University' with ROR https://ror.org/0489ggv38
2025-05-15 10:27:33 INFO No match found for Pure org 'extern' in OpenAlex organizations.
2025-05-15 10:27:33 INFO No match found for Pure org 'extern' in OpenAlex organizations.
2025-05-15 10:27:33 INFO No match found for Pure org 'extern' in OpenAlex organizations.
2025-05-15 10:27:33 INFO No match found for Pure org 'extern' in OpenAlex organizations.
2025-05-15 10:27:33 INFO No match found for Pure org 'extern' in OpenAlex organizations.
2025-05-15 10:27:33 INFO No match found for Pure org 'extern' in OpenAlex organizations.
2025-05-15 10:27:33 INFO No match found for Pure org 'extern' in OpenAlex organizations.
2025-05-15 10:27:33 INFO Pure org 'Australian National University' already has ROR https://ror.org/019wvm592, no update needed.
2025-05-15 10:27:33 INFO Processed 2500 batch
2025-05-15 10:27:33 INFO No match found for Pure org 'Wageningen Environmental Research, Droevendaalsesteeg 3, P.O. Box 47, Wageningen 6700 AA, The Netherlands.' in OpenAlex organizations.
2025-05-15 10:27:33 INFO Pure org 'Delft University of Technology' already has ROR https://ror.org/02e2c7k09, no update needed.
2025-05-15 10:27:33 INFO Pure org 'Wageningen University & Research' already has ROR https://ror.org/04qw24q55, no update needed.
2025-05-15 10:27:33 INFO No match found for Pure org 'TNO - Geological Survey of the Netherlands' in OpenAlex organizations.
2025-05-15 10:27:33 INFO Pure org 'Deltares' already has ROR https://ror.org/01deh9c76, no update needed.
2025-05-15 10:27:33 INFO No match found for Pure org 'extern' in OpenAlex organizations.
2025-05-15 10:27:33 INFO No match found for Pure org 'extern' in OpenAlex organizations.
2025-05-15 10:27:33 INFO Pure org 'Utrecht University' already has ROR https://ror.org/04pp8hn57, no update needed.
2025-05-15 10:27:33 INFO No match found for Pure org 'extern' in OpenAlex organizations.
2025-05-15 10:27:33 INFO Pure org 'University of Twente' already has ROR https://ror.org/006hf6230, no update needed.
2025-05-15 10:27:33 INFO No match found for Pure org 'Wigboldus Consultraining Links' in OpenAlex organizations.
2025-05-15 10:27:33 INFO No match found for Pure org 'extern' in OpenAlex organizations.
2025-05-15 10:27:33 INFO Pure org 'Vrije Universiteit Amsterdam' already has ROR https://ror.org/008xxew50, no update needed.
2025-05-15 10:27:33 INFO No match found for Pure org 'extern' in OpenAlex organizations.
2025-05-15 10:27:33 INFO No match found for Pure org 'Hans Boeckler Stiftung' in OpenAlex organizations.
2025-05-15 10:27:33 INFO Pure org 'KU Leuven' already has ROR https://ror.org/05f950310, no update needed.
2025-05-15 10:27:33 INFO Pure org 'LUISS Guido Carli' already has ROR https://ror.org/01q8b6q23, no update needed.
2025-05-15 10:27:33 INFO Pure org 'University of Sussex' already has ROR https://ror.org/00ayhx656, no update needed.
2025-05-15 10:27:33 INFO No match found for Pure org 'extern' in OpenAlex organizations.
2025-05-15 10:27:33 INFO No match found for Pure org 'Radboud University Nijmegen' in OpenAlex organizations.
2025-05-15 10:27:33 INFO Pure org 'University of Groningen' already has ROR https://ror.org/012p63287, no update needed.
2025-05-15 10:27:33 INFO Pure org 'Sant'Anna School of Advanced Studies' already has ROR https://ror.org/025602r80, no update needed.
2025-05-15 10:27:33 INFO Pure org 'Bocconi University' already has ROR https://ror.org/05crjpb27, no update needed.
2025-05-15 10:27:33 INFO Pure org 'Leiden University' already has ROR https://ror.org/027bh9e22, no update needed.
2025-05-15 10:27:33 INFO No match found for Pure org 'Rutgers - The State University of New Jersey, Newark' in OpenAlex organizations.
2025-05-15 10:27:33 INFO Pure org 'University of Gothenburg' already has ROR https://ror.org/01tm6cn81, no update needed.
2025-05-15 10:27:33 INFO No match found for Pure org 'Ministry of Health, Welfare and Sport, Netherlands' in OpenAlex organizations.
2025-05-15 10:27:33 INFO Pure org 'Tilburg University' already has ROR https://ror.org/04b8v1s79, no update needed.
2025-05-15 10:27:33 INFO Pure org 'University of Groningen' already has ROR https://ror.org/012p63287, no update needed.
2025-05-15 10:27:33 INFO Pure org 'Erasmus University Rotterdam' already has ROR https://ror.org/057w15z03, no update needed.
2025-05-15 10:27:33 INFO No match found for Pure org 'Dutch Authority for the Financial Markets' in OpenAlex organizations.
2025-05-15 10:27:33 INFO No match found for Pure org 'Inspectorate of Education' in OpenAlex organizations.
2025-05-15 10:27:33 INFO Pure org 'Leiden University' already has ROR https://ror.org/027bh9e22, no update needed.
2025-05-15 10:27:33 INFO Processed 2525 batch
2025-05-15 10:27:33 INFO No match found for Pure org 'Rutgers - The State University of New Jersey, Newark' in OpenAlex organizations.
2025-05-15 10:27:33 INFO No match found for Pure org 'Rutgers - The State University of New Jersey, Newark' in OpenAlex organizations.
2025-05-15 10:27:33 INFO No match found for Pure org 'Bureau Integriteit Nederlandse Gemeenten' in OpenAlex organizations.
2025-05-15 10:27:33 INFO No match found for Pure org 'Erasmus University Rotterdam' in OpenAlex organizations.
2025-05-15 10:27:33 INFO No match found for Pure org 'University of California Office of the President' in OpenAlex organizations.
2025-05-15 10:27:33 INFO No match found for Pure org 'Arizona State University' in OpenAlex organizations.
2025-05-15 10:27:33 INFO Pure org 'Radboud University Nijmegen' already has ROR https://ror.org/016xsfp80, no update needed.
2025-05-15 10:27:33 INFO No match found for Pure org 'Training and Study Centre for the Judiciary Utrecht' in OpenAlex organizations.
2025-05-15 10:27:33 INFO Pure org 'Utrecht University' already has ROR https://ror.org/04pp8hn57, no update needed.
2025-05-15 10:27:33 INFO No match found for Pure org 'extern' in OpenAlex organizations.
2025-05-15 10:27:33 INFO No match found for Pure org 'extern' in OpenAlex organizations.
2025-05-15 10:27:33 INFO Pure org 'Utrecht University' already has ROR https://ror.org/04pp8hn57, no update needed.
2025-05-15 10:27:33 INFO Pure org 'Vrije Universiteit Amsterdam' already has ROR https://ror.org/008xxew50, no update needed.
2025-05-15 10:27:33 INFO Pure org 'Utrecht University' already has ROR https://ror.org/04pp8hn57, no update needed.
2025-05-15 10:27:33 INFO No match found for Pure org 'Delft University of Technology' in OpenAlex organizations.
2025-05-15 10:27:33 INFO No match found for Pure org 'Eindhoven University of Technology' in OpenAlex organizations.
2025-05-15 10:27:33 INFO Will update ROR for Pure org 'University of Regensburg' with ROR https://ror.org/01eezs655
2025-05-15 10:27:33 INFO No match found for Pure org 'extern' in OpenAlex organizations.
2025-05-15 10:27:33 INFO Processed 2550 batch
2025-05-15 10:27:33 INFO Pure org 'Utrecht University' already has ROR https://ror.org/04pp8hn57, no update needed.
2025-05-15 10:27:33 INFO No match found for Pure org 'External unknown' in OpenAlex organizations.
2025-05-15 10:27:33 INFO No match found for Pure org 'School of Law' in OpenAlex organizations.
2025-05-15 10:27:33 INFO No match found for Pure org 'master European Law' in OpenAlex organizations.
2025-05-15 10:27:33 INFO No match found for Pure org 'Insurance and Finance (CIBIF)' in OpenAlex organizations.
2025-05-15 10:27:33 INFO Pure org 'University of Nottingham' already has ROR https://ror.org/01ee9ar58, no update needed.
2025-05-15 10:27:33 INFO Pure org 'University of Groningen' already has ROR https://ror.org/012p63287, no update needed.
2025-05-15 10:27:33 INFO No match found for Pure org 'Wageningen University & Research' in OpenAlex organizations.
2025-05-15 10:27:33 INFO No match found for Pure org 'Centre for International Banking' in OpenAlex organizations.
2025-05-15 10:27:33 INFO No match found for Pure org 'Development Economics Group' in OpenAlex organizations.
2025-05-15 10:27:33 INFO Pure org 'University of Groningen' already has ROR https://ror.org/012p63287, no update needed.
2025-05-15 10:27:33 INFO No match found for Pure org 'Wageningen University & Research' in OpenAlex organizations.
2025-05-15 10:27:33 INFO Will update ROR for Pure org 'University of Agder' with ROR https://ror.org/03x297z98
2025-05-15 10:27:33 INFO Processed 2575 batch
2025-05-15 10:27:33 INFO No match found for Pure org 'extern' in OpenAlex organizations.
2025-05-15 10:27:33 INFO Pure org 'Università Cattolica di Milano' already has ROR https://ror.org/03h7r5v07, no update needed.
2025-05-15 10:27:33 INFO No match found for Pure org 'VU Amsterdam University' in OpenAlex organizations.
2025-05-15 10:27:33 INFO Will update ROR for Pure org 'University of Maryland, College Park' with ROR https://ror.org/047s2c258
2025-05-15 10:27:34 INFO Pure org 'Vrije Universiteit Amsterdam' already has ROR https://ror.org/008xxew50, no update needed.
2025-05-15 10:27:34 INFO Pure org 'Vrije Universiteit Amsterdam' already has ROR https://ror.org/008xxew50, no update needed.
2025-05-15 10:27:34 INFO Pure org 'University of Antwerp' already has ROR https://ror.org/008x57b05, no update needed.
2025-05-15 10:27:34 INFO Pure org 'Statistics Netherlands' already has ROR https://ror.org/0408v4c28, no update needed.
2025-05-15 10:27:34 INFO No match found for Pure org 'extern' in OpenAlex organizations.
2025-05-15 10:27:34 INFO Pure org 'University of Antwerp' already has ROR https://ror.org/008x57b05, no update needed.
2025-05-15 10:27:34 INFO No match found for Pure org 'HEC School of Management' in OpenAlex organizations.
2025-05-15 10:27:34 INFO No match found for Pure org 'University of South Carolina' in OpenAlex organizations.
2025-05-15 10:27:34 INFO Pure org 'University of Antwerp' already has ROR https://ror.org/008x57b05, no update needed.
2025-05-15 10:27:34 INFO Will update ROR for Pure org 'Aalto University' with ROR https://ror.org/020hwjq30
2025-05-15 10:27:34 INFO Pure org 'Erasmus University Rotterdam' already has ROR https://ror.org/057w15z03, no update needed.
2025-05-15 10:27:34 INFO Will update ROR for Pure org 'University of Northern Iowa' with ROR https://ror.org/02h4qpx12
2025-05-15 10:27:34 INFO Processed 2600 batch
2025-05-15 10:27:34 INFO No match found for Pure org 'Ghent University' in OpenAlex organizations.
2025-05-15 10:27:34 INFO Pure org 'Catholic University of the Sacred Heart' already has ROR https://ror.org/03h7r5v07, no update needed.
2025-05-15 10:27:34 INFO Will update ROR for Pure org 'University of Bergamo' with ROR https://ror.org/02mbd5571
2025-05-15 10:27:34 INFO Pure org 'University of Antwerp' already has ROR https://ror.org/008x57b05, no update needed.
2025-05-15 10:27:34 INFO No match found for Pure org 'Independent Evaluation Unit' in OpenAlex organizations.
2025-05-15 10:27:34 INFO Pure org 'University of Antwerp' already has ROR https://ror.org/008x57b05, no update needed.
2025-05-15 10:27:34 INFO Pure org 'University of East Anglia' already has ROR https://ror.org/026k5mg93, no update needed.
2025-05-15 10:27:34 INFO Pure org 'NYU Abu Dhabi' already has ROR https://ror.org/00e5k0821, no update needed.
2025-05-15 10:27:34 INFO Pure org 'Utrecht University' already has ROR https://ror.org/04pp8hn57, no update needed.
2025-05-15 10:27:34 INFO Pure org 'Radboud University Nijmegen' already has ROR https://ror.org/016xsfp80, no update needed.
2025-05-15 10:27:34 INFO Pure org 'Utrecht University' already has ROR https://ror.org/04pp8hn57, no update needed.
2025-05-15 10:27:34 INFO Pure org 'Tilburg University' already has ROR https://ror.org/04b8v1s79, no update needed.
2025-05-15 10:27:34 INFO Pure org 'Radboud University Nijmegen' already has ROR https://ror.org/016xsfp80, no update needed.
2025-05-15 10:27:34 INFO No match found for Pure org 'New York University' in OpenAlex organizations.
2025-05-15 10:27:34 INFO Will update ROR for Pure org 'Universidad Adolfo Ibáñez' with ROR https://ror.org/0326knt82
2025-05-15 10:27:34 INFO No match found for Pure org 'extern' in OpenAlex organizations.
2025-05-15 10:27:34 INFO No match found for Pure org 'University of Texas at Dallas' in OpenAlex organizations.
2025-05-15 10:27:34 INFO Will update ROR for Pure org 'University of Illinois at Chicago' with ROR https://ror.org/02mpq6x41
2025-05-15 10:27:34 INFO Will update ROR for Pure org 'Aalto University' with ROR https://ror.org/020hwjq30
2025-05-15 10:27:34 INFO Pure org 'Erasmus University Rotterdam' already has ROR https://ror.org/057w15z03, no update needed.
2025-05-15 10:27:34 INFO Will update ROR for Pure org 'Universidad Adolfo Ibáñez' with ROR https://ror.org/0326knt82
2025-05-15 10:27:34 INFO Will update ROR for Pure org 'University of St. Gallen' with ROR https://ror.org/0561a3s31
2025-05-15 10:27:34 INFO No match found for Pure org 'Otto Beisheim School of Management' in OpenAlex organizations.
2025-05-15 10:27:35 INFO Will update ROR for Pure org 'Texas A&M University' with ROR https://ror.org/01f5ytq51
2025-05-15 10:27:35 INFO Will update ROR for Pure org 'University of South Carolina' with ROR https://ror.org/02b6qw903
2025-05-15 10:27:35 INFO No match found for Pure org 'extern' in OpenAlex organizations.
2025-05-15 10:27:35 INFO No match found for Pure org 'EM Lyon Business School' in OpenAlex organizations.
2025-05-15 10:27:35 INFO Will update ROR for Pure org 'Northeastern University' with ROR https://ror.org/04t5xt781
2025-05-15 10:27:35 INFO Will update ROR for Pure org 'University of Illinois at Chicago' with ROR https://ror.org/02mpq6x41
2025-05-15 10:27:35 INFO No match found for Pure org 'extern' in OpenAlex organizations.
2025-05-15 10:27:35 INFO No match found for Pure org 'University of Massachusetts Boston' in OpenAlex organizations.
2025-05-15 10:27:35 INFO Pure org 'Erasmus University Rotterdam' already has ROR https://ror.org/057w15z03, no update needed.
2025-05-15 10:27:35 INFO No match found for Pure org 'extern' in OpenAlex organizations.
2025-05-15 10:27:35 INFO No match found for Pure org 'Ivey Business School' in OpenAlex organizations.
2025-05-15 10:27:35 INFO Will update ROR for Pure org 'University of South Carolina' with ROR https://ror.org/02b6qw903
2025-05-15 10:27:35 INFO No match found for Pure org 'extern' in OpenAlex organizations.
2025-05-15 10:27:35 INFO No match found for Pure org 'extern' in OpenAlex organizations.
2025-05-15 10:27:35 INFO Processed 2625 batch
2025-05-15 10:27:35 INFO Pure org 'Leiden University' already has ROR https://ror.org/027bh9e22, no update needed.
2025-05-15 10:27:35 INFO No match found for Pure org 'Leiden University' in OpenAlex organizations.
2025-05-15 10:27:35 INFO Pure org 'Leiden University' already has ROR https://ror.org/027bh9e22, no update needed.
2025-05-15 10:27:35 INFO Will update ROR for Pure org 'German Sport University Cologne' with ROR https://ror.org/0189raq88
2025-05-15 10:27:35 INFO Will update ROR for Pure org 'Molde University College' with ROR https://ror.org/00kxjcd28
2025-05-15 10:27:35 INFO Will update ROR for Pure org 'Bournemouth University' with ROR https://ror.org/05wwcw481
2025-05-15 10:27:36 INFO Will update ROR for Pure org 'German Sport University Cologne' with ROR https://ror.org/0189raq88
2025-05-15 10:27:36 INFO Will update ROR for Pure org 'Molde University College' with ROR https://ror.org/00kxjcd28
2025-05-15 10:27:36 INFO Will update ROR for Pure org 'Bournemouth University' with ROR https://ror.org/05wwcw481
2025-05-15 10:27:36 INFO Will update ROR for Pure org 'German Sport University Cologne' with ROR https://ror.org/0189raq88
2025-05-15 10:27:37 INFO No match found for Pure org 'extern' in OpenAlex organizations.
2025-05-15 10:27:37 INFO Pure org 'University of Johannesburg' already has ROR https://ror.org/04z6c2n17, no update needed.
2025-05-15 10:27:37 INFO Pure org 'University of California at Berkeley' already has ROR https://ror.org/01an7q238, no update needed.
2025-05-15 10:27:37 INFO Pure org 'Roskilde University' already has ROR https://ror.org/014axpa37, no update needed.
2025-05-15 10:27:37 INFO Pure org 'Nord University' already has ROR https://ror.org/030mwrt98, no update needed.
2025-05-15 10:27:37 INFO Pure org 'Bocconi University' already has ROR https://ror.org/05crjpb27, no update needed.
2025-05-15 10:27:37 INFO No match found for Pure org 'University of Milan - Bicocca' in OpenAlex organizations.
2025-05-15 10:27:37 INFO Pure org 'University of California at Berkeley' already has ROR https://ror.org/01an7q238, no update needed.
2025-05-15 10:27:37 INFO Will update ROR for Pure org 'Jacobs University' with ROR https://ror.org/02yrs2n53
2025-05-15 10:27:37 INFO Pure org 'Erasmus University Rotterdam' already has ROR https://ror.org/057w15z03, no update needed.
2025-05-15 10:27:37 INFO Pure org 'Tilburg University' already has ROR https://ror.org/04b8v1s79, no update needed.
2025-05-15 10:27:37 INFO No match found for Pure org 'MolengraaffInstitute for Private Law' in OpenAlex organizations.
2025-05-15 10:27:37 INFO No match found for Pure org 'Utrecht University' in OpenAlex organizations.
2025-05-15 10:27:37 INFO Processed 2650 batch
2025-05-15 10:27:37 INFO No match found for Pure org 'extern' in OpenAlex organizations.
2025-05-15 10:27:37 INFO Pure org 'Erasmus University Rotterdam' already has ROR https://ror.org/057w15z03, no update needed.
2025-05-15 10:27:37 INFO Pure org 'Paderborn University' already has ROR https://ror.org/058kzsd48, no update needed.
2025-05-15 10:27:37 INFO Pure org 'Paderborn University' already has ROR https://ror.org/058kzsd48, no update needed.
2025-05-15 10:27:37 INFO Processed 2675 batch
2025-05-15 10:27:37 INFO No match found for Pure org 'extern' in OpenAlex organizations.
2025-05-15 10:27:37 INFO No match found for Pure org 'extern' in OpenAlex organizations.
2025-05-15 10:27:37 INFO No match found for Pure org 'extern' in OpenAlex organizations.
2025-05-15 10:27:37 INFO No match found for Pure org 'extern' in OpenAlex organizations.
2025-05-15 10:27:37 INFO No match found for Pure org 'University of Technology' in OpenAlex organizations.
2025-05-15 10:27:37 INFO No match found for Pure org 'Centre for International Forestry Research (CIFOR)' in OpenAlex organizations.
2025-05-15 10:27:37 INFO Pure org 'Wageningen University & Research' already has ROR https://ror.org/04qw24q55, no update needed.
2025-05-15 10:27:37 INFO No match found for Pure org 'extern' in OpenAlex organizations.
2025-05-15 10:27:37 INFO Will update ROR for Pure org 'International Livestock Research Institute' with ROR https://ror.org/01jxjwb74
2025-05-15 10:27:37 INFO No match found for Pure org 'Development Economics Group' in OpenAlex organizations.
2025-05-15 10:27:37 INFO Pure org 'Wageningen University & Research' already has ROR https://ror.org/04qw24q55, no update needed.
2025-05-15 10:27:37 INFO Will update ROR for Pure org 'Uganda Ministry of Health' with ROR https://ror.org/00hy3gq97
2025-05-15 10:27:37 INFO Pure org 'Imperial College London' already has ROR https://ror.org/041kmwe10, no update needed.
2025-05-15 10:27:37 INFO Pure org 'Wageningen University & Research' already has ROR https://ror.org/04qw24q55, no update needed.
2025-05-15 10:27:37 INFO Pure org 'University of Cambridge' already has ROR https://ror.org/013meh722, no update needed.
2025-05-15 10:27:37 INFO Pure org 'University of Groningen' already has ROR https://ror.org/012p63287, no update needed.
2025-05-15 10:27:37 INFO No match found for Pure org 'LEI - WUR' in OpenAlex organizations.
2025-05-15 10:27:37 INFO Will update ROR for Pure org 'University of Greenwich' with ROR https://ror.org/00bmj0a71
2025-05-15 10:27:37 INFO Pure org 'Wageningen University & Research' already has ROR https://ror.org/04qw24q55, no update needed.
2025-05-15 10:27:37 INFO No match found for Pure org 'Development Economics Group' in OpenAlex organizations.
2025-05-15 10:27:37 INFO Pure org 'Wageningen University & Research' already has ROR https://ror.org/04qw24q55, no update needed.
2025-05-15 10:27:37 INFO Will update ROR for Pure org 'International Livestock Research Institute' with ROR https://ror.org/01jxjwb74
2025-05-15 10:27:37 INFO Pure org 'University of Groningen' already has ROR https://ror.org/012p63287, no update needed.
2025-05-15 10:27:37 INFO Pure org 'Wageningen University & Research' already has ROR https://ror.org/04qw24q55, no update needed.
2025-05-15 10:27:37 INFO No match found for Pure org 'extern' in OpenAlex organizations.
2025-05-15 10:27:37 INFO Will update ROR for Pure org 'Can Tho University' with ROR https://ror.org/0071qz696
2025-05-15 10:27:37 INFO Will update ROR for Pure org 'Ethiopian Institute of Agricultural Research' with ROR https://ror.org/01mhm6x57
2025-05-15 10:27:37 INFO Pure org 'Wageningen University & Research' already has ROR https://ror.org/04qw24q55, no update needed.
2025-05-15 10:27:37 INFO No match found for Pure org 'Forum for Agricultural Research in Africa' in OpenAlex organizations.
2025-05-15 10:27:37 INFO Pure org 'Tilburg University' already has ROR https://ror.org/04b8v1s79, no update needed.
2025-05-15 10:27:37 INFO No match found for Pure org 'Maastricht University' in OpenAlex organizations.
2025-05-15 10:27:37 INFO Pure org 'Wageningen University & Research' already has ROR https://ror.org/04qw24q55, no update needed.
2025-05-15 10:27:37 INFO Processed 2700 batch
2025-05-15 10:27:37 INFO Pure org 'Wageningen University & Research' already has ROR https://ror.org/04qw24q55, no update needed.
2025-05-15 10:27:37 INFO Will update ROR for Pure org 'Sokoine University of Agriculture' with ROR https://ror.org/00jdryp44
2025-05-15 10:27:37 INFO Pure org 'Wageningen University & Research' already has ROR https://ror.org/04qw24q55, no update needed.
2025-05-15 10:27:37 INFO Pure org 'University of Geneva' already has ROR https://ror.org/01swzsf04, no update needed.
2025-05-15 10:27:38 INFO No match found for Pure org 'The University of Chicago' in OpenAlex organizations.
2025-05-15 10:27:38 INFO Will update ROR for Pure org 'Beijing Normal University' with ROR https://ror.org/022k4wk35
2025-05-15 10:27:38 INFO Pure org 'University of Geneva' already has ROR https://ror.org/01swzsf04, no update needed.
2025-05-15 10:27:38 INFO Pure org 'Wageningen University & Research' already has ROR https://ror.org/04qw24q55, no update needed.
2025-05-15 10:27:38 INFO No match found for Pure org 'Forum for Agricultural Research in Africa' in OpenAlex organizations.
2025-05-15 10:27:38 INFO Will update ROR for Pure org 'Africa Rice Center' with ROR https://ror.org/040y9br29
2025-05-15 10:27:38 INFO Pure org 'Tilburg University' already has ROR https://ror.org/04b8v1s79, no update needed.
2025-05-15 10:27:38 INFO No match found for Pure org 'Department of Land Economy' in OpenAlex organizations.
2025-05-15 10:27:38 INFO Pure org 'Imperial College London' already has ROR https://ror.org/041kmwe10, no update needed.
2025-05-15 10:27:38 INFO Will update ROR for Pure org 'Uganda Ministry of Health' with ROR https://ror.org/00hy3gq97
2025-05-15 10:27:38 INFO Pure org 'Wageningen University & Research' already has ROR https://ror.org/04qw24q55, no update needed.
2025-05-15 10:27:38 INFO Pure org 'University of Cambridge' already has ROR https://ror.org/013meh722, no update needed.
2025-05-15 10:27:38 INFO No match found for Pure org 'Development Economics Group' in OpenAlex organizations.
2025-05-15 10:27:38 INFO Pure org 'Wageningen University & Research' already has ROR https://ror.org/04qw24q55, no update needed.
2025-05-15 10:27:38 INFO Pure org 'University of Groningen' already has ROR https://ror.org/012p63287, no update needed.
2025-05-15 10:27:38 INFO Pure org 'Wageningen University & Research' already has ROR https://ror.org/04qw24q55, no update needed.
2025-05-15 10:27:38 INFO Pure org 'Utrecht University' already has ROR https://ror.org/04pp8hn57, no update needed.
2025-05-15 10:27:38 INFO Processed 2725 batch
2025-05-15 10:27:38 INFO No match found for Pure org 'extern' in OpenAlex organizations.
2025-05-15 10:27:38 INFO No match found for Pure org 'extern' in OpenAlex organizations.
2025-05-15 10:27:38 INFO No match found for Pure org 'extern' in OpenAlex organizations.
2025-05-15 10:27:38 INFO No match found for Pure org 'Leiden University, Faculty of Governance and Global Affairs' in OpenAlex organizations.
2025-05-15 10:27:38 INFO No match found for Pure org 'Institute of Public Administration, Faculty of Governance and Global Affairs, Leiden University' in OpenAlex organizations.
2025-05-15 10:27:38 INFO No match found for Pure org 'Institute of Public Administration, Faculty of Governance and Global Affairs, Leiden University' in OpenAlex organizations.
2025-05-15 10:27:38 INFO No match found for Pure org 'extern' in OpenAlex organizations.
2025-05-15 10:27:38 INFO No match found for Pure org 'extern' in OpenAlex organizations.
2025-05-15 10:27:38 INFO No match found for Pure org 'extern' in OpenAlex organizations.
2025-05-15 10:27:38 INFO Pure org 'Utrecht University' already has ROR https://ror.org/04pp8hn57, no update needed.
2025-05-15 10:27:38 INFO Pure org 'Utrecht University' already has ROR https://ror.org/04pp8hn57, no update needed.
2025-05-15 10:27:38 INFO Pure org 'Heinrich Heine University Düsseldorf' already has ROR https://ror.org/024z2rq82, no update needed.
2025-05-15 10:27:38 INFO No match found for Pure org 'Radboud University Medical Center' in OpenAlex organizations.
2025-05-15 10:27:38 INFO No match found for Pure org 'extern' in OpenAlex organizations.
2025-05-15 10:27:38 INFO No match found for Pure org 'extern' in OpenAlex organizations.
2025-05-15 10:27:38 INFO Processed 2750 batch
2025-05-15 10:27:38 INFO Pure org 'Radboud University Nijmegen' already has ROR https://ror.org/016xsfp80, no update needed.
2025-05-15 10:27:38 INFO Pure org 'University of Cape Town' already has ROR https://ror.org/03p74gp79, no update needed.
2025-05-15 10:27:38 INFO Pure org 'University of Cambridge' already has ROR https://ror.org/013meh722, no update needed.
2025-05-15 10:27:38 INFO Pure org 'Radboud University Medical Center' already has ROR https://ror.org/05wg1m734, no update needed.
2025-05-15 10:27:38 INFO No match found for Pure org 'University of Amsterdam' in OpenAlex organizations.
2025-05-15 10:27:38 INFO No match found for Pure org 'MRC Unit on Anxiety & Stress Disorders' in OpenAlex organizations.
2025-05-15 10:27:38 INFO Pure org 'University of Cape Town' already has ROR https://ror.org/03p74gp79, no update needed.
2025-05-15 10:27:38 INFO No match found for Pure org 'extern' in OpenAlex organizations.
2025-05-15 10:27:38 INFO No match found for Pure org 'Instituto de Ecologia, A.C.' in OpenAlex organizations.
2025-05-15 10:27:38 INFO No match found for Pure org 'Technical University of Braunschweig' in OpenAlex organizations.
2025-05-15 10:27:38 INFO No match found for Pure org 'Radboud University Nijmegen' in OpenAlex organizations.
2025-05-15 10:27:38 INFO Pure org 'Universidad Nacional Autónoma de México' already has ROR https://ror.org/01tmp8f25, no update needed.
2025-05-15 10:27:38 INFO No match found for Pure org 'Instituto de Ecología, Xalapa' in OpenAlex organizations.
2025-05-15 10:27:38 INFO Pure org 'Wageningen University & Research' already has ROR https://ror.org/04qw24q55, no update needed.
2025-05-15 10:27:38 INFO No match found for Pure org 'Potsdam Institute for Climate Impact Research (PIK' in OpenAlex organizations.
2025-05-15 10:27:38 INFO No match found for Pure org 'University of Tours' in OpenAlex organizations.
2025-05-15 10:27:38 INFO Pure org 'Radboud University Nijmegen' already has ROR https://ror.org/016xsfp80, no update needed.
2025-05-15 10:27:38 INFO Pure org 'University of Antwerp' already has ROR https://ror.org/008x57b05, no update needed.
2025-05-15 10:27:38 INFO No match found for Pure org 'Flood Hazard Research Centre (FHRC)' in OpenAlex organizations.
2025-05-15 10:27:38 INFO Will update ROR for Pure org 'Luleå University of Technology' with ROR https://ror.org/016st3p78
2025-05-15 10:27:38 INFO Pure org 'Polish Academy of Sciences' already has ROR https://ror.org/01dr6c206, no update needed.
2025-05-15 10:27:38 INFO No match found for Pure org 'extern' in OpenAlex organizations.
2025-05-15 10:27:38 INFO Pure org 'Radboud University Nijmegen' already has ROR https://ror.org/016xsfp80, no update needed.
2025-05-15 10:27:38 INFO Pure org 'University of Antwerp' already has ROR https://ror.org/008x57b05, no update needed.
2025-05-15 10:27:38 INFO No match found for Pure org 'Planning and Environment' in OpenAlex organizations.
2025-05-15 10:27:38 INFO No match found for Pure org 'University of Tours' in OpenAlex organizations.
2025-05-15 10:27:38 INFO Pure org 'Utrecht University' already has ROR https://ror.org/04pp8hn57, no update needed.
2025-05-15 10:27:38 INFO No match found for Pure org 'Delft University of Technology, Deltares and Utrecht University' in OpenAlex organizations.
2025-05-15 10:27:38 INFO Pure org 'Erasmus University Rotterdam' already has ROR https://ror.org/057w15z03, no update needed.
2025-05-15 10:27:38 INFO Pure org 'Wageningen University & Research' already has ROR https://ror.org/04qw24q55, no update needed.
2025-05-15 10:27:38 INFO Pure org 'University of Twente' already has ROR https://ror.org/006hf6230, no update needed.
2025-05-15 10:27:38 INFO No match found for Pure org 'Netherlands Assessment Agency (PBL)' in OpenAlex organizations.
2025-05-15 10:27:38 INFO Pure org 'Utrecht University' already has ROR https://ror.org/04pp8hn57, no update needed.
2025-05-15 10:27:38 INFO No match found for Pure org 'PBL Netherlands Environmental Assessment Agency, Utrecht University' in OpenAlex organizations.
2025-05-15 10:27:38 INFO No match found for Pure org 'Tilburg University' in OpenAlex organizations.
2025-05-15 10:27:38 INFO Pure org 'Utrecht University' already has ROR https://ror.org/04pp8hn57, no update needed.
2025-05-15 10:27:38 INFO Pure org 'Vrije Universiteit Amsterdam' already has ROR https://ror.org/008xxew50, no update needed.
2025-05-15 10:27:38 INFO No match found for Pure org 'University of Amsterdam' in OpenAlex organizations.
2025-05-15 10:27:38 INFO Pure org 'Erasmus University Rotterdam' already has ROR https://ror.org/057w15z03, no update needed.
2025-05-15 10:27:38 INFO Pure org 'Radboud University Nijmegen' already has ROR https://ror.org/016xsfp80, no update needed.
2025-05-15 10:27:38 INFO Pure org 'Utrecht University' already has ROR https://ror.org/04pp8hn57, no update needed.
2025-05-15 10:27:38 INFO No match found for Pure org 'Planning and Environment' in OpenAlex organizations.
2025-05-15 10:27:38 INFO No match found for Pure org 'extern' in OpenAlex organizations.
2025-05-15 10:27:38 INFO No match found for Pure org 'extern' in OpenAlex organizations.
2025-05-15 10:27:38 INFO No match found for Pure org 'extern' in OpenAlex organizations.
2025-05-15 10:27:38 INFO No match found for Pure org 'extern' in OpenAlex organizations.
2025-05-15 10:27:38 INFO Processed 2775 batch
2025-05-15 10:27:38 INFO Pure org 'Utrecht University' already has ROR https://ror.org/04pp8hn57, no update needed.
2025-05-15 10:27:38 INFO Will update ROR for Pure org 'Sheffield Hallam University' with ROR https://ror.org/019wt1929
2025-05-15 10:27:38 INFO Pure org 'Vrije Universiteit Brussel' already has ROR https://ror.org/006e5kg04, no update needed.
2025-05-15 10:27:38 INFO Pure org 'Victoria University' already has ROR https://ror.org/04j757h98, no update needed.
2025-05-15 10:27:38 INFO No match found for Pure org 'extern' in OpenAlex organizations.
2025-05-15 10:27:38 INFO No match found for Pure org 'extern' in OpenAlex organizations.
2025-05-15 10:27:38 INFO No match found for Pure org 'extern' in OpenAlex organizations.
2025-05-15 10:27:38 INFO Pure org 'Radboud University Medical Center' already has ROR https://ror.org/05wg1m734, no update needed.
2025-05-15 10:27:38 INFO No match found for Pure org 'Institute of Health Policy and Management' in OpenAlex organizations.
2025-05-15 10:27:38 INFO No match found for Pure org 'External unknown' in OpenAlex organizations.
2025-05-15 10:27:38 INFO Pure org 'Erasmus University Rotterdam' already has ROR https://ror.org/057w15z03, no update needed.
2025-05-15 10:27:38 INFO No match found for Pure org 'Tilburg University' in OpenAlex organizations.
2025-05-15 10:27:38 INFO Pure org 'Toulouse Business School' already has ROR https://ror.org/0349y2q65, no update needed.
2025-05-15 10:27:38 INFO No match found for Pure org 'Birmingham Business School' in OpenAlex organizations.
2025-05-15 10:27:38 INFO No match found for Pure org 'Rutgers - The State University of New Jersey, Camden' in OpenAlex organizations.
2025-05-15 10:27:38 INFO Pure org 'Western University' already has ROR https://ror.org/02grkyz14, no update needed.
2025-05-15 10:27:38 INFO Pure org 'University of North Carolina at Charlotte' already has ROR https://ror.org/04dawnj30, no update needed.
2025-05-15 10:27:38 INFO Pure org 'Trinity College Dublin' already has ROR https://ror.org/02tyrky19, no update needed.
2025-05-15 10:27:38 INFO Pure org 'Monash University' already has ROR https://ror.org/02bfwt286, no update needed.
2025-05-15 10:27:38 INFO Pure org 'Simon Fraser University' already has ROR https://ror.org/0213rcc28, no update needed.
2025-05-15 10:27:38 INFO Pure org 'Queen's University Belfast' already has ROR https://ror.org/00hswnk62, no update needed.
2025-05-15 10:27:38 INFO Pure org 'Tulane University' already has ROR https://ror.org/04vmvtb21, no update needed.
2025-05-15 10:27:38 INFO Pure org 'George Washington University' already has ROR https://ror.org/00y4zzh67, no update needed.
2025-05-15 10:27:38 INFO Pure org 'Tilburg University' already has ROR https://ror.org/04b8v1s79, no update needed.
2025-05-15 10:27:38 INFO Pure org 'NEOMA Business School' already has ROR https://ror.org/01g1pe685, no update needed.
2025-05-15 10:27:38 INFO Pure org 'University of Bath' already has ROR https://ror.org/002h8g185, no update needed.
2025-05-15 10:27:38 INFO Pure org 'Loyola University Chicago' already has ROR https://ror.org/04b6x2g63, no update needed.
2025-05-15 10:27:38 INFO No match found for Pure org 'Newcastle Business School' in OpenAlex organizations.
2025-05-15 10:27:38 INFO No match found for Pure org 'King’s Business School' in OpenAlex organizations.
2025-05-15 10:27:38 INFO Pure org 'Cranfield University' already has ROR https://ror.org/05cncd958, no update needed.
2025-05-15 10:27:38 INFO Pure org 'Aston University' already has ROR https://ror.org/05j0ve876, no update needed.
2025-05-15 10:27:38 INFO Pure org 'Newcastle University' already has ROR https://ror.org/01kj2bm70, no update needed.
2025-05-15 10:27:38 INFO Pure org 'University of Reading' already has ROR https://ror.org/05v62cm79, no update needed.
2025-05-15 10:27:38 INFO Pure org 'University Medical Center Utrecht' already has ROR https://ror.org/0575yy874, no update needed.
2025-05-15 10:27:38 INFO Will update ROR for Pure org 'ISCTE' with ROR https://ror.org/014837179
2025-05-15 10:27:38 INFO Pure org 'Radboud University Nijmegen' already has ROR https://ror.org/016xsfp80, no update needed.
2025-05-15 10:27:38 INFO No match found for Pure org 'Henley Business School' in OpenAlex organizations.
2025-05-15 10:27:38 INFO Will update ROR for Pure org 'University of Vaasa' with ROR https://ror.org/03769b225
2025-05-15 10:27:38 INFO No match found for Pure org 'Harvard University' in OpenAlex organizations.
2025-05-15 10:27:38 INFO Pure org 'University of Reading' already has ROR https://ror.org/05v62cm79, no update needed.
2025-05-15 10:27:39 INFO No match found for Pure org 'extern' in OpenAlex organizations.
2025-05-15 10:27:39 INFO No match found for Pure org 'extern' in OpenAlex organizations.
2025-05-15 10:27:39 INFO No match found for Pure org 'extern' in OpenAlex organizations.
2025-05-15 10:27:39 INFO No match found for Pure org 'extern' in OpenAlex organizations.
2025-05-15 10:27:39 INFO No match found for Pure org 'extern' in OpenAlex organizations.
2025-05-15 10:27:39 INFO No match found for Pure org 'extern' in OpenAlex organizations.
2025-05-15 10:27:39 INFO No match found for Pure org 'extern' in OpenAlex organizations.
2025-05-15 10:27:39 INFO No match found for Pure org 'University of London' in OpenAlex organizations.
2025-05-15 10:27:39 INFO No match found for Pure org 'Delft University of Technology, Deltares and Utrecht University' in OpenAlex organizations.
2025-05-15 10:27:39 INFO Pure org 'Stockholm University' already has ROR https://ror.org/05f0yaq80, no update needed.
2025-05-15 10:27:39 INFO No match found for Pure org 'Swedish Natl Def College' in OpenAlex organizations.
2025-05-15 10:27:39 INFO No match found for Pure org 'De Nederlandsche Bank (DNB)' in OpenAlex organizations.
2025-05-15 10:27:39 INFO No match found for Pure org 'De Nederlandsche Bank (DNB)' in OpenAlex organizations.
2025-05-15 10:27:39 INFO Processed 2800 batch
2025-05-15 10:27:39 INFO No match found for Pure org 'Utrecht University' in OpenAlex organizations.
2025-05-15 10:27:39 INFO No match found for Pure org 'extern' in OpenAlex organizations.
2025-05-15 10:27:39 INFO No match found for Pure org 'CAS Key Laboratory of Mental Health, Institute of Psychology, Chinese Academy of Sciences, Beijing, China' in OpenAlex organizations.
2025-05-15 10:27:39 INFO No match found for Pure org 'Southwest University' in OpenAlex organizations.
2025-05-15 10:27:39 INFO Pure org 'Qufu Normal University' already has ROR https://ror.org/03ceheh96, no update needed.
2025-05-15 10:27:39 INFO Pure org 'Hochschule für Technik Stuttgart' already has ROR https://ror.org/039gdg280, no update needed.
2025-05-15 10:27:39 INFO Pure org 'University of Kassel' already has ROR https://ror.org/04zc7p361, no update needed.
2025-05-15 10:27:39 INFO Pure org 'Ghent University' already has ROR https://ror.org/00cv9y106, no update needed.
2025-05-15 10:27:39 INFO No match found for Pure org 'Netherlands Institute of Forensic Psychiatry and Psychology (NIFP)' in OpenAlex organizations.
2025-05-15 10:27:39 INFO Pure org 'Leiden University' already has ROR https://ror.org/027bh9e22, no update needed.
2025-05-15 10:27:39 INFO Pure org 'Open University of the Netherlands' already has ROR https://ror.org/018dfmf50, no update needed.
2025-05-15 10:27:39 INFO Pure org 'Erasmus University Rotterdam' already has ROR https://ror.org/057w15z03, no update needed.
2025-05-15 10:27:39 INFO No match found for Pure org 'Trent University' in OpenAlex organizations.
2025-05-15 10:27:39 INFO Pure org 'Universidad de Ciencias y Humanidades' already has ROR https://ror.org/01dm2pd27, no update needed.
2025-05-15 10:27:39 INFO Pure org 'University of Johannesburg' already has ROR https://ror.org/04z6c2n17, no update needed.
2025-05-15 10:27:39 INFO No match found for Pure org 'Universidad Católica del Norte' in OpenAlex organizations.
2025-05-15 10:27:39 INFO No match found for Pure org 'Al-Azhar University of Gaza' in OpenAlex organizations.
2025-05-15 10:27:39 INFO Pure org 'International University of Sarajevo' already has ROR https://ror.org/01aa4jj71, no update needed.
2025-05-15 10:27:39 INFO Pure org 'University of Leicester' already has ROR https://ror.org/04h699437, no update needed.
2025-05-15 10:27:39 INFO Pure org 'Josip Juraj Strossmayer University of Osijek' already has ROR https://ror.org/05sw4wc49, no update needed.
2025-05-15 10:27:39 INFO No match found for Pure org 'University of Lagos' in OpenAlex organizations.
2025-05-15 10:27:39 INFO No match found for Pure org 'M. Narikbayec KAZGUU University' in OpenAlex organizations.
2025-05-15 10:27:39 INFO No match found for Pure org 'Cardinal Stefan Wyszynski University' in OpenAlex organizations.
2025-05-15 10:27:39 INFO No match found for Pure org 'Research Institute for Child Psychology and Pathopsychology' in OpenAlex organizations.
2025-05-15 10:27:39 INFO No match found for Pure org 'University Institute of Lisbon' in OpenAlex organizations.
2025-05-15 10:27:39 INFO Pure org 'University of Gdańsk' already has ROR https://ror.org/011dv8m48, no update needed.
2025-05-15 10:27:39 INFO Pure org 'University of Waikato' already has ROR https://ror.org/013fsnh78, no update needed.
2025-05-15 10:27:39 INFO No match found for Pure org 'NUCB Business School' in OpenAlex organizations.
2025-05-15 10:27:39 INFO Pure org 'Monash University' already has ROR https://ror.org/02bfwt286, no update needed.
2025-05-15 10:27:39 INFO Pure org 'Tallinn University' already has ROR https://ror.org/05mey9k78, no update needed.
2025-05-15 10:27:39 INFO Pure org 'National University of Singapore' already has ROR https://ror.org/01tgyzw49, no update needed.
2025-05-15 10:27:39 INFO Pure org 'University of Amsterdam' already has ROR https://ror.org/04dkp9463, no update needed.
2025-05-15 10:27:39 INFO Pure org 'Pontificia Universidad Católica del Ecuador' already has ROR https://ror.org/02qztda51, no update needed.
2025-05-15 10:27:39 INFO Pure org 'Universitas Airlangga' already has ROR https://ror.org/04ctejd88, no update needed.
2025-05-15 10:27:39 INFO No match found for Pure org 'Université d'Oran 2' in OpenAlex organizations.
2025-05-15 10:27:39 INFO Pure org 'University of Oradea' already has ROR https://ror.org/00wzhv093, no update needed.
2025-05-15 10:27:39 INFO No match found for Pure org 'University of Cardinal Stefan Wyszyński' in OpenAlex organizations.
2025-05-15 10:27:39 INFO No match found for Pure org 'Kyiv National Taras Shevchenko University' in OpenAlex organizations.
2025-05-15 10:27:39 INFO No match found for Pure org 'University "Mother Teresa"-Skopje' in OpenAlex organizations.
2025-05-15 10:27:39 INFO No match found for Pure org 'University of Southampton' in OpenAlex organizations.
2025-05-15 10:27:39 INFO Pure org 'Thammasat University' already has ROR https://ror.org/002yp7f20, no update needed.
2025-05-15 10:27:39 INFO No match found for Pure org 'University of Padova' in OpenAlex organizations.
2025-05-15 10:27:39 INFO No match found for Pure org 'Upper Austria University of Applied Sciences' in OpenAlex organizations.
2025-05-15 10:27:39 INFO No match found for Pure org 'University of Illinois at Urbana-Champaign' in OpenAlex organizations.
2025-05-15 10:27:39 INFO No match found for Pure org 'University of Michigan, Ann Arbor' in OpenAlex organizations.
2025-05-15 10:27:39 INFO Pure org 'Qufu Normal University' already has ROR https://ror.org/03ceheh96, no update needed.
2025-05-15 10:27:39 INFO Pure org 'Ghent University' already has ROR https://ror.org/00cv9y106, no update needed.
2025-05-15 10:27:39 INFO Will update ROR for Pure org 'Daugavpils University' with ROR https://ror.org/01mrkb883
2025-05-15 10:27:39 INFO Pure org 'Universidad de Ciencias y Humanidades' already has ROR https://ror.org/01dm2pd27, no update needed.
2025-05-15 10:27:39 INFO Pure org 'University of Lausanne' already has ROR https://ror.org/019whta54, no update needed.
2025-05-15 10:27:39 INFO Pure org 'University of Johannesburg' already has ROR https://ror.org/04z6c2n17, no update needed.
2025-05-15 10:27:39 INFO Will update ROR for Pure org 'Universidad Católica del Norte' with ROR https://ror.org/02akpm128
2025-05-15 10:27:39 INFO No match found for Pure org 'Al-Azhar University of Gaza' in OpenAlex organizations.
2025-05-15 10:27:39 INFO No match found for Pure org 'Independent researcher' in OpenAlex organizations.
2025-05-15 10:27:39 INFO Pure org 'University of Leicester' already has ROR https://ror.org/04h699437, no update needed.
2025-05-15 10:27:39 INFO Pure org 'International University of Sarajevo' already has ROR https://ror.org/01aa4jj71, no update needed.
2025-05-15 10:27:39 INFO Pure org 'Josip Juraj Strossmayer University of Osijek' already has ROR https://ror.org/05sw4wc49, no update needed.
2025-05-15 10:27:39 INFO Will update ROR for Pure org 'University of Lagos' with ROR https://ror.org/05rk03822
2025-05-15 10:27:39 INFO Will update ROR for Pure org 'S. Toraighyrov Pavlodar State University' with ROR https://ror.org/017wmdt28
2025-05-15 10:27:39 INFO Pure org 'University of Novi Sad' already has ROR https://ror.org/00xa57a59, no update needed.
2025-05-15 10:27:39 INFO Will update ROR for Pure org 'University of Mauritius' with ROR https://ror.org/05cyprz33
2025-05-15 10:27:39 INFO Will update ROR for Pure org 'Czech Academy of Sciences' with ROR https://ror.org/053avzc18
2025-05-15 10:27:39 INFO Pure org 'University of Copenhagen' already has ROR https://ror.org/035b05819, no update needed.
2025-05-15 10:27:39 INFO Will update ROR for Pure org 'Sakarya University' with ROR https://ror.org/04ttnw109
2025-05-15 10:27:39 INFO No match found for Pure org 'Cardinal Stefan Wyszynski University' in OpenAlex organizations.
2025-05-15 10:27:39 INFO Pure org 'Technische Universität Dresden' already has ROR https://ror.org/042aqky30, no update needed.
2025-05-15 10:27:39 INFO No match found for Pure org 'University Institute of Lisbon' in OpenAlex organizations.
2025-05-15 10:27:39 INFO No match found for Pure org 'NUCB Business School' in OpenAlex organizations.
2025-05-15 10:27:39 INFO Will update ROR for Pure org 'Yerevan State University' with ROR https://ror.org/00s8vne50
2025-05-15 10:27:39 INFO Will update ROR for Pure org 'New Bulgarian University' with ROR https://ror.org/002qhr126
2025-05-15 10:27:39 INFO Pure org 'Tallinn University' already has ROR https://ror.org/05mey9k78, no update needed.
2025-05-15 10:27:39 INFO No match found for Pure org 'Menoufia University' in OpenAlex organizations.
2025-05-15 10:27:39 INFO Pure org 'Nanyang Technological University' already has ROR https://ror.org/02e7b5302, no update needed.
2025-05-15 10:27:39 INFO Pure org 'Pontificia Universidad Católica del Ecuador' already has ROR https://ror.org/02qztda51, no update needed.
2025-05-15 10:27:39 INFO Will update ROR for Pure org 'Research Institute for Child Psychology and Pathopsychology' with ROR https://ror.org/04ssr4v64
2025-05-15 10:27:39 INFO No match found for Pure org 'Higher School of Economics' in OpenAlex organizations.
2025-05-15 10:27:39 INFO Pure org 'Universitas Airlangga' already has ROR https://ror.org/04ctejd88, no update needed.
2025-05-15 10:27:39 INFO Will update ROR for Pure org 'Western Sydney University' with ROR https://ror.org/03t52dk35
2025-05-15 10:27:39 INFO No match found for Pure org 'Eotvos Lorand University' in OpenAlex organizations.
2025-05-15 10:27:39 INFO Will update ROR for Pure org 'Victoria University of Wellington' with ROR https://ror.org/0040r6f76
2025-05-15 10:27:39 INFO Will update ROR for Pure org 'University of Oran' with ROR https://ror.org/059et2b68
2025-05-15 10:27:39 INFO Pure org 'Tilburg University' already has ROR https://ror.org/04b8v1s79, no update needed.
2025-05-15 10:27:39 INFO Will update ROR for Pure org 'Lingnan Normal University' with ROR https://ror.org/01h6ecw13
2025-05-15 10:27:39 INFO Pure org 'University of Oradea' already has ROR https://ror.org/00wzhv093, no update needed.
2025-05-15 10:27:39 INFO Pure org 'University of Georgia' already has ROR https://ror.org/00te3t702, no update needed.
2025-05-15 10:27:39 INFO Pure org 'University of Mannheim' already has ROR https://ror.org/031bsb921, no update needed.
2025-05-15 10:27:39 INFO No match found for Pure org 'Universidad Iberoamericana (UIA)' in OpenAlex organizations.
2025-05-15 10:27:39 INFO No match found for Pure org 'Kyiv National Taras Shevchenko University' in OpenAlex organizations.
2025-05-15 10:27:39 INFO Pure org 'Stockholm University' already has ROR https://ror.org/05f0yaq80, no update needed.
2025-05-15 10:27:39 INFO Pure org 'University of Southampton' already has ROR https://ror.org/01ryk1543, no update needed.
2025-05-15 10:27:39 INFO Will update ROR for Pure org 'Montpellier Business School' with ROR https://ror.org/037tw3m02
2025-05-15 10:27:39 INFO Will update ROR for Pure org 'Karnatak University' with ROR https://ror.org/05ajnv358
2025-05-15 10:27:39 INFO Will update ROR for Pure org 'International Balkan University' with ROR https://ror.org/00ghx1590
2025-05-15 10:27:39 INFO Pure org 'Thammasat University' already has ROR https://ror.org/002yp7f20, no update needed.
2025-05-15 10:27:39 INFO Will update ROR for Pure org 'Universidade Federal da Paraíba' with ROR https://ror.org/00p9vpz11
2025-05-15 10:27:39 INFO No match found for Pure org 'University of Padova' in OpenAlex organizations.
2025-05-15 10:27:39 INFO Pure org 'University of Melbourne' already has ROR https://ror.org/01ej9dk98, no update needed.
2025-05-15 10:27:41 INFO Pure org 'Leiden University' already has ROR https://ror.org/027bh9e22, no update needed.
2025-05-15 10:27:41 INFO Pure org 'Leiden University' already has ROR https://ror.org/027bh9e22, no update needed.
2025-05-15 10:27:41 INFO No match found for Pure org 'extern' in OpenAlex organizations.
2025-05-15 10:27:41 INFO Pure org 'Qufu Normal University' already has ROR https://ror.org/03ceheh96, no update needed.
2025-05-15 10:27:41 INFO Will update ROR for Pure org 'Padjadjaran University' with ROR https://ror.org/00xqf8t64
2025-05-15 10:27:41 INFO Will update ROR for Pure org 'Daugavpils University' with ROR https://ror.org/01mrkb883
2025-05-15 10:27:41 INFO Pure org 'Universidad de Ciencias y Humanidades' already has ROR https://ror.org/01dm2pd27, no update needed.
2025-05-15 10:27:41 INFO Pure org 'Ghent University' already has ROR https://ror.org/00cv9y106, no update needed.
2025-05-15 10:27:41 INFO Pure org 'University of Lausanne' already has ROR https://ror.org/019whta54, no update needed.
2025-05-15 10:27:41 INFO Will update ROR for Pure org 'Universidad Católica del Norte' with ROR https://ror.org/02akpm128
2025-05-15 10:27:41 INFO No match found for Pure org 'Al-Azhar University of Gaza' in OpenAlex organizations.
2025-05-15 10:27:41 INFO Pure org 'University of Leicester' already has ROR https://ror.org/04h699437, no update needed.
2025-05-15 10:27:41 INFO No match found for Pure org 'Universidad Iberoamericana Ciudad de Mexico, Mexico, Mexico' in OpenAlex organizations.
2025-05-15 10:27:41 INFO Pure org 'International University of Sarajevo' already has ROR https://ror.org/01aa4jj71, no update needed.
2025-05-15 10:27:41 INFO No match found for Pure org 'National Research University' in OpenAlex organizations.
2025-05-15 10:27:41 INFO Will update ROR for Pure org 'S. Toraighyrov Pavlodar State University' with ROR https://ror.org/017wmdt28
2025-05-15 10:27:41 INFO Will update ROR for Pure org 'University of Mauritius' with ROR https://ror.org/05cyprz33
2025-05-15 10:27:41 INFO No match found for Pure org 'Research institute for child Psychology and Pathopsychology, Nitra, Slovakia' in OpenAlex organizations.
2025-05-15 10:27:41 INFO No match found for Pure org 'Institute for Criminological and Sociological Research ' in OpenAlex organizations.
2025-05-15 10:27:41 INFO Will update ROR for Pure org 'Czech Academy of Sciences' with ROR https://ror.org/053avzc18
2025-05-15 10:27:41 INFO Will update ROR for Pure org 'Sakarya University' with ROR https://ror.org/04ttnw109
2025-05-15 10:27:41 INFO No match found for Pure org 'Cardinal Stefan Wyszynski University' in OpenAlex organizations.
2025-05-15 10:27:41 INFO Pure org 'Technische Universität Dresden' already has ROR https://ror.org/042aqky30, no update needed.
2025-05-15 10:27:41 INFO Pure org 'University of Gdańsk' already has ROR https://ror.org/011dv8m48, no update needed.
2025-05-15 10:27:41 INFO No match found for Pure org 'Universidade Autónoma de Lisboa' in OpenAlex organizations.
2025-05-15 10:27:41 INFO Will update ROR for Pure org 'Yerevan State University' with ROR https://ror.org/00s8vne50
2025-05-15 10:27:41 INFO Will update ROR for Pure org 'New Bulgarian University' with ROR https://ror.org/002qhr126
2025-05-15 10:27:41 INFO Pure org 'Tallinn University' already has ROR https://ror.org/05mey9k78, no update needed.
2025-05-15 10:27:41 INFO Will update ROR for Pure org 'Menoufia University' with ROR https://ror.org/05sjrb944
2025-05-15 10:27:41 INFO Pure org 'Pontificia Universidad Católica del Ecuador' already has ROR https://ror.org/02qztda51, no update needed.
2025-05-15 10:27:41 INFO Will update ROR for Pure org 'Victoria University of Wellington' with ROR https://ror.org/0040r6f76
2025-05-15 10:27:41 INFO Will update ROR for Pure org 'Bangor University' with ROR https://ror.org/006jb1a24
2025-05-15 10:27:41 INFO Will update ROR for Pure org 'University of Oran' with ROR https://ror.org/059et2b68
2025-05-15 10:27:41 INFO Pure org 'Tilburg University' already has ROR https://ror.org/04b8v1s79, no update needed.
2025-05-15 10:27:41 INFO Will update ROR for Pure org 'Lingnan Normal University' with ROR https://ror.org/01h6ecw13
2025-05-15 10:27:41 INFO No match found for Pure org 'Nagoya University of Commerce and Business Administration' in OpenAlex organizations.
2025-05-15 10:27:41 INFO Pure org 'University of Oradea' already has ROR https://ror.org/00wzhv093, no update needed.
2025-05-15 10:27:41 INFO No match found for Pure org 'College of Medicine, University of Lagos, Lagos, Nigeria' in OpenAlex organizations.
2025-05-15 10:27:41 INFO No match found for Pure org 'University of Paraiba, Paraiba' in OpenAlex organizations.
2025-05-15 10:27:41 INFO Pure org 'University of Mannheim' already has ROR https://ror.org/031bsb921, no update needed.
2025-05-15 10:27:41 INFO No match found for Pure org 'Monash Business School' in OpenAlex organizations.
2025-05-15 10:27:41 INFO No match found for Pure org 'Kyiv National Taras Shevchenko University' in OpenAlex organizations.
2025-05-15 10:27:41 INFO Pure org 'Stockholm University' already has ROR https://ror.org/05f0yaq80, no update needed.
2025-05-15 10:27:41 INFO Pure org 'University of Southampton' already has ROR https://ror.org/01ryk1543, no update needed.
2025-05-15 10:27:41 INFO No match found for Pure org 'Montpellier Business School' in OpenAlex organizations.
2025-05-15 10:27:41 INFO Will update ROR for Pure org 'Karnatak University' with ROR https://ror.org/05ajnv358
2025-05-15 10:27:41 INFO No match found for Pure org 'Budapest Business School' in OpenAlex organizations.
2025-05-15 10:27:41 INFO Pure org 'Thammasat University' already has ROR https://ror.org/002yp7f20, no update needed.
2025-05-15 10:27:41 INFO No match found for Pure org 'University of Padova' in OpenAlex organizations.
2025-05-15 10:27:41 INFO Pure org 'University of Georgia' already has ROR https://ror.org/00te3t702, no update needed.
2025-05-15 10:27:41 INFO No match found for Pure org 'Leiden University' in OpenAlex organizations.
2025-05-15 10:27:43 INFO Processed 2825 batch
2025-05-15 10:27:43 INFO Pure org 'Leiden University' already has ROR https://ror.org/027bh9e22, no update needed.
2025-05-15 10:27:43 INFO No match found for Pure org 'extern' in OpenAlex organizations.
2025-05-15 10:27:43 INFO No match found for Pure org 'University of Michigan, Ann Arbor' in OpenAlex organizations.
2025-05-15 10:27:43 INFO Will update ROR for Pure org 'Southwest University' with ROR https://ror.org/01kj4z117
2025-05-15 10:27:43 INFO Pure org 'Qufu Normal University' already has ROR https://ror.org/03ceheh96, no update needed.
2025-05-15 10:27:43 INFO No match found for Pure org 'University of Michigan, Ann Arbor' in OpenAlex organizations.
2025-05-15 10:27:43 INFO Will update ROR for Pure org 'Northeast Normal University' with ROR https://ror.org/02rkvz144
2025-05-15 10:27:43 INFO Will update ROR for Pure org 'Chengdu University' with ROR https://ror.org/034z67559
2025-05-15 10:27:43 INFO No match found for Pure org 'University of Amsterdam' in OpenAlex organizations.
2025-05-15 10:27:43 INFO Pure org 'Utrecht University' already has ROR https://ror.org/04pp8hn57, no update needed.
2025-05-15 10:27:43 INFO No match found for Pure org 'External unknown' in OpenAlex organizations.
2025-05-15 10:27:43 INFO Pure org 'Leiden University' already has ROR https://ror.org/027bh9e22, no update needed.
2025-05-15 10:27:43 INFO No match found for Pure org 'Behavioural Science Institute' in OpenAlex organizations.
2025-05-15 10:27:43 INFO Pure org 'Utrecht University' already has ROR https://ror.org/04pp8hn57, no update needed.
2025-05-15 10:27:43 INFO Pure org 'Leiden University' already has ROR https://ror.org/027bh9e22, no update needed.
2025-05-15 10:27:43 INFO No match found for Pure org 'School of Law' in OpenAlex organizations.
2025-05-15 10:27:43 INFO No match found for Pure org 'Seoul National University' in OpenAlex organizations.
2025-05-15 10:27:43 INFO No match found for Pure org 'extern' in OpenAlex organizations.
2025-05-15 10:27:43 INFO Pure org 'Leiden University' already has ROR https://ror.org/027bh9e22, no update needed.
2025-05-15 10:27:43 INFO No match found for Pure org 'extern' in OpenAlex organizations.
2025-05-15 10:27:43 INFO No match found for Pure org 'IVO Addiction Research Institute' in OpenAlex organizations.
2025-05-15 10:27:43 INFO No match found for Pure org 'extern' in OpenAlex organizations.
2025-05-15 10:27:43 INFO No match found for Pure org 'extern' in OpenAlex organizations.
2025-05-15 10:27:43 INFO No match found for Pure org 'Netherlands Organisation for Applied Scientific Research' in OpenAlex organizations.
2025-05-15 10:27:43 INFO Pure org 'Utrecht University' already has ROR https://ror.org/04pp8hn57, no update needed.
2025-05-15 10:27:43 INFO No match found for Pure org 'extern' in OpenAlex organizations.
2025-05-15 10:27:43 INFO No match found for Pure org 'External organisation: unknown' in OpenAlex organizations.
2025-05-15 10:27:43 INFO No match found for Pure org 'extern' in OpenAlex organizations.
2025-05-15 10:27:43 INFO No match found for Pure org 'extern' in OpenAlex organizations.
2025-05-15 10:27:43 INFO Processed 2850 batch
2025-05-15 10:27:43 INFO No match found for Pure org 'extern' in OpenAlex organizations.
2025-05-15 10:27:43 INFO No match found for Pure org 'extern' in OpenAlex organizations.
2025-05-15 10:27:43 INFO Will update ROR for Pure org 'University of Dundee' with ROR https://ror.org/03h2bxq36
2025-05-15 10:27:43 INFO Pure org 'University of Groningen' already has ROR https://ror.org/012p63287, no update needed.
2025-05-15 10:27:43 INFO No match found for Pure org 'External unknown' in OpenAlex organizations.
2025-05-15 10:27:43 INFO No match found for Pure org 'European University Institute' in OpenAlex organizations.
2025-05-15 10:27:43 INFO No match found for Pure org 'extern' in OpenAlex organizations.
2025-05-15 10:27:43 INFO Pure org 'University of Amsterdam' already has ROR https://ror.org/04dkp9463, no update needed.
2025-05-15 10:27:43 INFO Processed 2875 batch
2025-05-15 10:27:43 INFO Pure org 'University of Liverpool' already has ROR https://ror.org/04xs57h96, no update needed.
2025-05-15 10:27:43 INFO Pure org 'University of Groningen' already has ROR https://ror.org/012p63287, no update needed.
2025-05-15 10:27:43 INFO Pure org 'European University Institute' already has ROR https://ror.org/0031wrj91, no update needed.
2025-05-15 10:27:43 INFO No match found for Pure org 'Sogeti Netherlands B. v' in OpenAlex organizations.
2025-05-15 10:27:43 INFO Pure org 'University of Groningen' already has ROR https://ror.org/012p63287, no update needed.
2025-05-15 10:27:43 INFO No match found for Pure org 'External unknown' in OpenAlex organizations.
2025-05-15 10:27:43 INFO Pure org 'University of Groningen' already has ROR https://ror.org/012p63287, no update needed.
2025-05-15 10:27:43 INFO No match found for Pure org 'External unknown' in OpenAlex organizations.
2025-05-15 10:27:43 INFO Will update ROR for Pure org 'University of Dundee' with ROR https://ror.org/03h2bxq36
2025-05-15 10:27:43 INFO Pure org 'University of Groningen' already has ROR https://ror.org/012p63287, no update needed.
2025-05-15 10:27:44 INFO No match found for Pure org 'extern' in OpenAlex organizations.
2025-05-15 10:27:44 INFO Will update ROR for Pure org 'University of Dundee' with ROR https://ror.org/03h2bxq36
2025-05-15 10:27:44 INFO Will update ROR for Pure org 'University of Windsor' with ROR https://ror.org/01gw3d370
2025-05-15 10:27:44 INFO No match found for Pure org 'Centre for Research in Reasoning' in OpenAlex organizations.
2025-05-15 10:27:44 INFO No match found for Pure org 'Instituto Tecnologico de Estudios Superiores de Monterrey' in OpenAlex organizations.
2025-05-15 10:27:44 INFO Will update ROR for Pure org 'Royal Roads University' with ROR https://ror.org/05w4ste42
2025-05-15 10:27:44 INFO Pure org 'NEOMA Business School' already has ROR https://ror.org/01g1pe685, no update needed.
2025-05-15 10:27:44 INFO Pure org 'Radboud University Nijmegen' already has ROR https://ror.org/016xsfp80, no update needed.
2025-05-15 10:27:44 INFO Pure org 'Radboud University Nijmegen' already has ROR https://ror.org/016xsfp80, no update needed.
2025-05-15 10:27:44 INFO Pure org 'Radboud University Nijmegen' already has ROR https://ror.org/016xsfp80, no update needed.
2025-05-15 10:27:44 INFO No match found for Pure org 'Independent Visual – Performance Artist' in OpenAlex organizations.
2025-05-15 10:27:44 INFO Pure org 'NEOMA Business School' already has ROR https://ror.org/01g1pe685, no update needed.
2025-05-15 10:27:44 INFO Processed 2900 batch
2025-05-15 10:27:44 INFO Pure org 'Radboud University Nijmegen' already has ROR https://ror.org/016xsfp80, no update needed.
2025-05-15 10:27:44 INFO Pure org 'Radboud University Nijmegen' already has ROR https://ror.org/016xsfp80, no update needed.
2025-05-15 10:27:44 INFO Pure org 'Radboud University Nijmegen' already has ROR https://ror.org/016xsfp80, no update needed.
2025-05-15 10:27:44 INFO Pure org 'Radboud University Nijmegen' already has ROR https://ror.org/016xsfp80, no update needed.
2025-05-15 10:27:44 INFO Processed 2925 batch
2025-05-15 10:27:44 INFO No match found for Pure org 'Kenniscentrum Sociale Innovatie, Hogeschool Utrecht ' in OpenAlex organizations.
2025-05-15 10:27:44 INFO No match found for Pure org 'Utrecht University of Applied Sciences' in OpenAlex organizations.
2025-05-15 10:27:44 INFO No match found for Pure org 'Kenniscentrum Sociale Innovatie, Hogeschool Utrecht ' in OpenAlex organizations.
2025-05-15 10:27:44 INFO No match found for Pure org 'Dutch Centre for Consumer Experience in Health Care' in OpenAlex organizations.
2025-05-15 10:27:44 INFO No match found for Pure org 'Scientific Centre for Transformation in Care and Welfare (TRANZO)' in OpenAlex organizations.
2025-05-15 10:27:44 INFO Pure org 'Netherlands Institute for Health Services Research' already has ROR https://ror.org/015xq7480, no update needed.
2025-05-15 10:27:44 INFO No match found for Pure org 'Tilburg University' in OpenAlex organizations.
2025-05-15 10:27:44 INFO No match found for Pure org 'Nederlandse School voor Openbaar Bestuur' in OpenAlex organizations.
2025-05-15 10:27:44 INFO Pure org 'Tilburg University' already has ROR https://ror.org/04b8v1s79, no update needed.
2025-05-15 10:27:44 INFO Processed 2950 batch
2025-05-15 10:27:44 INFO Will update ROR for Pure org 'German Sport University Cologne' with ROR https://ror.org/0189raq88
2025-05-15 10:27:44 INFO Pure org 'University of Southern Denmark' already has ROR https://ror.org/03yrrjy16, no update needed.
2025-05-15 10:27:44 INFO Will update ROR for Pure org 'Norwegian School of Sport Sciences' with ROR https://ror.org/045016w83
2025-05-15 10:27:44 INFO Pure org 'KU Leuven' already has ROR https://ror.org/05f950310, no update needed.
2025-05-15 10:27:44 INFO No match found for Pure org 'Special Department for Integration and Prevention' in OpenAlex organizations.
2025-05-15 10:27:44 INFO Pure org 'University of Southern Denmark' already has ROR https://ror.org/03yrrjy16, no update needed.
2025-05-15 10:27:44 INFO Pure org 'University of Valencia' already has ROR https://ror.org/043nxc105, no update needed.
2025-05-15 10:27:44 INFO Will update ROR for Pure org 'Norwegian School of Sport Sciences' with ROR https://ror.org/045016w83
2025-05-15 10:27:44 INFO Pure org 'University of Bern' already has ROR https://ror.org/02k7v4d05, no update needed.
2025-05-15 10:27:44 INFO Pure org 'Hanze University of Applied Sciences' already has ROR https://ror.org/00xqtxw43, no update needed.
2025-05-15 10:27:44 INFO No match found for Pure org 'Department of Movement Sciences, KU Leuven' in OpenAlex organizations.
2025-05-15 10:27:44 INFO No match found for Pure org 'Department of Industrial Design, Eindhoven University of Technology' in OpenAlex organizations.
2025-05-15 10:27:44 INFO No match found for Pure org 'School of Sport Studies, Fontys University of Applied Sciences' in OpenAlex organizations.
2025-05-15 10:27:44 INFO Pure org 'KU Leuven' already has ROR https://ror.org/05f950310, no update needed.
2025-05-15 10:27:44 INFO No match found for Pure org 'Department of Movement Sciences, KU Leuven' in OpenAlex organizations.
2025-05-15 10:27:44 INFO No match found for Pure org 'Department of Industrial Design, Eindhoven University of Technology' in OpenAlex organizations.
2025-05-15 10:27:44 INFO No match found for Pure org 'School of Sport Studies, Fontys University of Applied Sciences' in OpenAlex organizations.
2025-05-15 10:27:44 INFO No match found for Pure org 'Academic Medical Center' in OpenAlex organizations.
2025-05-15 10:27:44 INFO Pure org 'Utrecht University' already has ROR https://ror.org/04pp8hn57, no update needed.
2025-05-15 10:27:44 INFO Pure org 'University of Amsterdam' already has ROR https://ror.org/04dkp9463, no update needed.
2025-05-15 10:27:44 INFO No match found for Pure org 'Academic Medical Center' in OpenAlex organizations.
2025-05-15 10:27:44 INFO Pure org 'Utrecht University' already has ROR https://ror.org/04pp8hn57, no update needed.
2025-05-15 10:27:44 INFO Pure org 'University of Amsterdam' already has ROR https://ror.org/04dkp9463, no update needed.
2025-05-15 10:27:44 INFO Processed 2975 batch
2025-05-15 10:27:44 INFO No match found for Pure org 'extern' in OpenAlex organizations.
2025-05-15 10:27:44 INFO Pure org 'Stanford University' already has ROR https://ror.org/00f54p054, no update needed.
2025-05-15 10:27:44 INFO Pure org 'Wageningen University & Research' already has ROR https://ror.org/04qw24q55, no update needed.
2025-05-15 10:27:44 INFO Pure org 'University of Groningen' already has ROR https://ror.org/012p63287, no update needed.
2025-05-15 10:27:44 INFO Total external orgs processed: 2840
2025-05-15 10:27:44 INFO nr of ext orgs that can be updated: 303
2025-05-15 10:27:44 INFO nr of ext orgs that already have a ROR in Pure: 1368
2025-05-15 10:27:44 INFO nr of ext orgs with no name match in OpenAlex: 1169
2025-05-15 10:44:56 INFO Process overview:
1. Start from internal persons in the selected faculty (via Ricgraph).
2. Find their connected research outputs (DOIs).
3. Match these to known Pure UUIDs (from Ricgraph).
4. Retrieve full metadata for each research output from Pure.
5. Enrich each output with OpenAlex data (if available).
6. Export results to a file for review and possible update.

Note: For large faculties, it may take some time before log messages appear.
2025-05-15 10:44:56 INFO Script to update researchoutput in pure from ricgraph has started
2025-05-15 10:44:56 INFO Processing faculty: uu faculty: veterinary medicine|organization_name
2025-05-15 10:45:09 INFO Research outputs linked in Ricgraph but not in Pure: 1689
2025-05-15 10:47:52 INFO 22 articles removed, because no journal present, processing 1316 publications
2025-05-15 10:47:52 INFO Formatting the output in Pure needed JSON format. This is a slow process, you might want to get some coffee...
2025-05-15 10:47:52 INFO Processing: 0
2025-05-15 10:48:19 WARNING Skipped research output https://openalex.org/W4387563652. no managing organization found
2025-05-15 10:49:00 WARNING Skipped research output https://openalex.org/W4390511138. No ISSN for IPSPINE: WHERE DREAMS WERE BORN AND IDEAS START TO BECOME REALITY IN A TEAM EFFORT
2025-05-15 10:49:10 WARNING Skipped research output https://openalex.org/W2761677010. No ISSN for 0219 The synergy exposure assessment strategy
2025-05-15 10:50:00 WARNING Skipped research output https://openalex.org/W3036106746. no managing organization found
2025-05-15 10:50:31 INFO Processing: 25
2025-05-15 10:51:35 WARNING Skipped research output https://openalex.org/W3151893879. no managing organization found
2025-05-15 10:52:19 ERROR Error creating external person: 400 - {"type":"/validation-error","title":"Validation failed","status":400,"detail":"Validation of content 'ExternalPerson(id=<null>, name=Peeters )' failed: \nValidation errors:\n\tname: ValidationResult [code=validation.text.defined, args=null, nestedProperty=null, value=Name(firstName=Peeters, lastName=)], propertyPath: name","errors":[{"path":"name","code":"validation.text.defined","title":{"en_GB":"Name is required"}}]}
2025-05-15 10:52:19 ERROR Failed to create external person for Peeters
2025-05-15 10:52:19 ERROR Error creating external person: 400 - {"type":"/validation-error","title":"Validation failed","status":400,"detail":"Validation of content 'ExternalPerson(id=<null>, name=Romieu )' failed: \nValidation errors:\n\tname: ValidationResult [code=validation.text.defined, args=null, nestedProperty=null, value=Name(firstName=Romieu, lastName=)], propertyPath: name","errors":[{"path":"name","code":"validation.text.defined","title":{"en_GB":"Name is required"}}]}
2025-05-15 10:52:19 ERROR Failed to create external person for Romieu
2025-05-15 10:52:20 ERROR Error creating external person: 400 - {"type":"/validation-error","title":"Validation failed","status":400,"detail":"Validation of content 'ExternalPerson(id=<null>, name=Riboli )' failed: \nValidation errors:\n\tname: ValidationResult [code=validation.text.defined, args=null, nestedProperty=null, value=Name(firstName=Riboli, lastName=)], propertyPath: name","errors":[{"path":"name","code":"validation.text.defined","title":{"en_GB":"Name is required"}}]}
2025-05-15 10:52:20 ERROR Failed to create external person for Riboli
2025-05-15 10:52:21 ERROR Error creating external person: 400 - {"type":"/validation-error","title":"Validation failed","status":400,"detail":"Validation of content 'ExternalPerson(id=<null>, name=Raaschou-Nielsen )' failed: \nValidation errors:\n\tname: ValidationResult [code=validation.text.defined, args=null, nestedProperty=null, value=Name(firstName=Raaschou-Nielsen, lastName=)], propertyPath: name","errors":[{"path":"name","code":"validation.text.defined","title":{"en_GB":"Name is required"}}]}
2025-05-15 10:52:21 ERROR Failed to create external person for Raaschou-Nielsen
2025-05-15 10:52:21 ERROR Error creating external person: 400 - {"type":"/validation-error","title":"Validation failed","status":400,"detail":"Validation of content 'ExternalPerson(id=<null>, name=Tjønneland )' failed: \nValidation errors:\n\tname: ValidationResult [code=validation.text.defined, args=null, nestedProperty=null, value=Name(firstName=Tjønneland, lastName=)], propertyPath: name","errors":[{"path":"name","code":"validation.text.defined","title":{"en_GB":"Name is required"}}]}
2025-05-15 10:52:21 ERROR Failed to create external person for Tjønneland
2025-05-15 10:52:21 ERROR Error creating external person: 400 - {"type":"/validation-error","title":"Validation failed","status":400,"detail":"Validation of content 'ExternalPerson(id=<null>, name=Becker )' failed: \nValidation errors:\n\tname: ValidationResult [code=validation.text.defined, args=null, nestedProperty=null, value=Name(firstName=Becker, lastName=)], propertyPath: name","errors":[{"path":"name","code":"validation.text.defined","title":{"en_GB":"Name is required"}}]}
2025-05-15 10:52:21 ERROR Failed to create external person for Becker
2025-05-15 10:52:21 ERROR Error creating external person: 400 - {"type":"/validation-error","title":"Validation failed","status":400,"detail":"Validation of content 'ExternalPerson(id=<null>, name=Nieters )' failed: \nValidation errors:\n\tname: ValidationResult [code=validation.text.defined, args=null, nestedProperty=null, value=Name(firstName=Nieters, lastName=)], propertyPath: name","errors":[{"path":"name","code":"validation.text.defined","title":{"en_GB":"Name is required"}}]}
2025-05-15 10:52:21 ERROR Failed to create external person for Nieters
2025-05-15 10:52:22 ERROR Error creating external person: 400 - {"type":"/validation-error","title":"Validation failed","status":400,"detail":"Validation of content 'ExternalPerson(id=<null>, name=Trichopoulou )' failed: \nValidation errors:\n\tname: ValidationResult [code=validation.text.defined, args=null, nestedProperty=null, value=Name(firstName=Trichopoulou, lastName=)], propertyPath: name","errors":[{"path":"name","code":"validation.text.defined","title":{"en_GB":"Name is required"}}]}
2025-05-15 10:52:22 ERROR Failed to create external person for Trichopoulou
2025-05-15 10:52:22 ERROR Error creating external person: 400 - {"type":"/validation-error","title":"Validation failed","status":400,"detail":"Validation of content 'ExternalPerson(id=<null>, name=Bamia )' failed: \nValidation errors:\n\tname: ValidationResult [code=validation.text.defined, args=null, nestedProperty=null, value=Name(firstName=Bamia, lastName=)], propertyPath: name","errors":[{"path":"name","code":"validation.text.defined","title":{"en_GB":"Name is required"}}]}
2025-05-15 10:52:22 ERROR Failed to create external person for Bamia
2025-05-15 10:52:22 ERROR Error creating external person: 400 - {"type":"/validation-error","title":"Validation failed","status":400,"detail":"Validation of content 'ExternalPerson(id=<null>, name=Orfanos )' failed: \nValidation errors:\n\tname: ValidationResult [code=validation.text.defined, args=null, nestedProperty=null, value=Name(firstName=Orfanos, lastName=)], propertyPath: name","errors":[{"path":"name","code":"validation.text.defined","title":{"en_GB":"Name is required"}}]}
2025-05-15 10:52:22 ERROR Failed to create external person for Orfanos
2025-05-15 10:52:22 ERROR Error creating external person: 400 - {"type":"/validation-error","title":"Validation failed","status":400,"detail":"Validation of content 'ExternalPerson(id=<null>, name=Oddone )' failed: \nValidation errors:\n\tname: ValidationResult [code=validation.text.defined, args=null, nestedProperty=null, value=Name(firstName=Oddone, lastName=)], propertyPath: name","errors":[{"path":"name","code":"validation.text.defined","title":{"en_GB":"Name is required"}}]}
2025-05-15 10:52:22 ERROR Failed to create external person for Oddone
2025-05-15 10:52:23 ERROR Error creating external person: 400 - {"type":"/validation-error","title":"Validation failed","status":400,"detail":"Validation of content 'ExternalPerson(id=<null>, name=Luján-Barroso )' failed: \nValidation errors:\n\tname: ValidationResult [code=validation.text.defined, args=null, nestedProperty=null, value=Name(firstName=Luján-Barroso, lastName=)], propertyPath: name","errors":[{"path":"name","code":"validation.text.defined","title":{"en_GB":"Name is required"}}]}
2025-05-15 10:52:23 ERROR Failed to create external person for Luján-Barroso
2025-05-15 10:52:23 ERROR Error creating external person: 400 - {"type":"/validation-error","title":"Validation failed","status":400,"detail":"Validation of content 'ExternalPerson(id=<null>, name=Dorronsoro )' failed: \nValidation errors:\n\tname: ValidationResult [code=validation.text.defined, args=null, nestedProperty=null, value=Name(firstName=Dorronsoro, lastName=)], propertyPath: name","errors":[{"path":"name","code":"validation.text.defined","title":{"en_GB":"Name is required"}}]}
2025-05-15 10:52:23 ERROR Failed to create external person for Dorronsoro
2025-05-15 10:52:23 ERROR Error creating external person: 400 - {"type":"/validation-error","title":"Validation failed","status":400,"detail":"Validation of content 'ExternalPerson(id=<null>, name=Navarro )' failed: \nValidation errors:\n\tname: ValidationResult [code=validation.text.defined, args=null, nestedProperty=null, value=Name(firstName=Navarro, lastName=)], propertyPath: name","errors":[{"path":"name","code":"validation.text.defined","title":{"en_GB":"Name is required"}}]}
2025-05-15 10:52:23 ERROR Failed to create external person for Navarro
2025-05-15 10:52:23 ERROR Error creating external person: 400 - {"type":"/validation-error","title":"Validation failed","status":400,"detail":"Validation of content 'ExternalPerson(id=<null>, name=Barricarte )' failed: \nValidation errors:\n\tname: ValidationResult [code=validation.text.defined, args=null, nestedProperty=null, value=Name(firstName=Barricarte, lastName=)], propertyPath: name","errors":[{"path":"name","code":"validation.text.defined","title":{"en_GB":"Name is required"}}]}
2025-05-15 10:52:23 ERROR Failed to create external person for Barricarte
2025-05-15 10:52:24 ERROR Error creating external person: 400 - {"type":"/validation-error","title":"Validation failed","status":400,"detail":"Validation of content 'ExternalPerson(id=<null>, name=Molina-Montes )' failed: \nValidation errors:\n\tname: ValidationResult [code=validation.text.defined, args=null, nestedProperty=null, value=Name(firstName=Molina-Montes, lastName=)], propertyPath: name","errors":[{"path":"name","code":"validation.text.defined","title":{"en_GB":"Name is required"}}]}
2025-05-15 10:52:24 ERROR Failed to create external person for Molina-Montes
2025-05-15 10:52:24 ERROR Error creating external person: 400 - {"type":"/validation-error","title":"Validation failed","status":400,"detail":"Validation of content 'ExternalPerson(id=<null>, name=Vineis )' failed: \nValidation errors:\n\tname: ValidationResult [code=validation.text.defined, args=null, nestedProperty=null, value=Name(firstName=Vineis, lastName=)], propertyPath: name","errors":[{"path":"name","code":"validation.text.defined","title":{"en_GB":"Name is required"}}]}
2025-05-15 10:52:24 ERROR Failed to create external person for Vineis
2025-05-15 10:52:24 ERROR Error creating external person: 400 - {"type":"/validation-error","title":"Validation failed","status":400,"detail":"Validation of content 'ExternalPerson(id=<null>, name=Vermeulen )' failed: \nValidation errors:\n\tname: ValidationResult [code=validation.text.defined, args=null, nestedProperty=null, value=Name(firstName=Vermeulen, lastName=)], propertyPath: name","errors":[{"path":"name","code":"validation.text.defined","title":{"en_GB":"Name is required"}}]}
2025-05-15 10:52:24 ERROR Failed to create external person for Vermeulen
2025-05-15 10:52:52 INFO Processing: 50
2025-05-15 10:53:18 WARNING Skipped research output https://openalex.org/W3011555918. no managing organization found
2025-05-15 10:54:24 ERROR Error searching for https://ror.org/04pp8hn57
2025-05-15 10:54:30 WARNING Skipped research output https://openalex.org/W2955147361. no managing organization found
2025-05-15 10:54:42 INFO Processing: 75
2025-05-15 10:55:29 WARNING Skipped research output https://openalex.org/W2759882570. No ISSN for 0482 Exposure to hexavalent chromium and nickel and lung cancer risk: a pooled analysis of case-control studies from europe and canada
2025-05-15 10:55:37 WARNING Skipped research output https://openalex.org/W2952936355. No ISSN for Epigenome-Wide Association Study Identifies Epigenetic Markers for Asthma and Rhinitis in Nasal Epithelial Cells
2025-05-15 10:56:41 WARNING Skipped research output https://openalex.org/W2999309642 due to missing contributor details.
2025-05-15 10:56:41 INFO Processing: 100
2025-05-15 10:57:16 WARNING Skipped research output https://openalex.org/W2008285918. no managing organization found
2025-05-15 10:57:57 WARNING Skipped research output https://openalex.org/W2771560473. No ISSN for Early-life respiratory tract infections and the risk of lower lung function and asthma:a meta-analysis of 154,492 children
2025-05-15 10:58:02 WARNING Skipped research output https://openalex.org/W2752537954. No ISSN for 0344 Ischaemic heart disease mortality, diesel exhaust, and respirable particulate matter exposure in the diesel exhaust in miners study (dems)
2025-05-15 10:58:07 WARNING Skipped research output https://openalex.org/W4379391583. No ISSN for 045 Microplastics are taken up by the bovine cumulus-oocyte-complex and dose-dependently reduce the metaphase-II rate of oocytes
2025-05-15 10:58:21 WARNING Skipped research output https://openalex.org/W2110075345. no managing organization found
2025-05-15 10:58:24 WARNING Skipped research output https://openalex.org/W3122223582. no managing organization found
2025-05-15 10:58:39 WARNING Skipped research output https://openalex.org/W3184184357. no managing organization found
2025-05-15 10:58:39 INFO Processing: 125
2025-05-15 10:58:57 WARNING Skipped research output https://openalex.org/W2126228632. no managing organization found
2025-05-15 10:59:21 WARNING Skipped research output https://openalex.org/W4281700331. no managing organization found
2025-05-15 10:59:43 INFO Error processing row 143: 'journal'
2025-05-15 10:59:44 WARNING Skipped research output https://openalex.org/W2110880266 due to missing contributor details.
2025-05-15 10:59:48 ERROR Error creating external person: 400 - {"type":"/validation-error","title":"Validation failed","status":400,"detail":"Validation of content 'ExternalPerson(id=<null>, name=Keun )' failed: \nValidation errors:\n\tname: ValidationResult [code=validation.text.defined, args=null, nestedProperty=null, value=Name(firstName=Keun, lastName=)], propertyPath: name","errors":[{"path":"name","code":"validation.text.defined","title":{"en_GB":"Name is required"}}]}
2025-05-15 10:59:48 ERROR Failed to create external person for Keun
2025-05-15 10:59:48 ERROR Error creating external person: 400 - {"type":"/validation-error","title":"Validation failed","status":400,"detail":"Validation of content 'ExternalPerson(id=<null>, name=Portengen )' failed: \nValidation errors:\n\tname: ValidationResult [code=validation.text.defined, args=null, nestedProperty=null, value=Name(firstName=Portengen, lastName=)], propertyPath: name","errors":[{"path":"name","code":"validation.text.defined","title":{"en_GB":"Name is required"}}]}
2025-05-15 10:59:48 ERROR Failed to create external person for Portengen
2025-05-15 10:59:49 ERROR Error creating external person: 400 - {"type":"/validation-error","title":"Validation failed","status":400,"detail":"Validation of content 'ExternalPerson(id=<null>, name=Bueno-de-Mesquita )' failed: \nValidation errors:\n\tname: ValidationResult [code=validation.text.defined, args=null, nestedProperty=null, value=Name(firstName=Bueno-de-Mesquita, lastName=)], propertyPath: name","errors":[{"path":"name","code":"validation.text.defined","title":{"en_GB":"Name is required"}}]}
2025-05-15 10:59:49 ERROR Failed to create external person for Bueno-de-Mesquita
2025-05-15 10:59:49 ERROR Error creating external person: 400 - {"type":"/validation-error","title":"Validation failed","status":400,"detail":"Validation of content 'ExternalPerson(id=<null>, name=Vermeulen )' failed: \nValidation errors:\n\tname: ValidationResult [code=validation.text.defined, args=null, nestedProperty=null, value=Name(firstName=Vermeulen, lastName=)], propertyPath: name","errors":[{"path":"name","code":"validation.text.defined","title":{"en_GB":"Name is required"}}]}
2025-05-15 10:59:49 ERROR Failed to create external person for Vermeulen
2025-05-15 10:59:51 WARNING Skipped research output https://openalex.org/W2778889499. No ISSN for 0454 Multiplicative two-way interactions between occupational lung carcinogens in the synergy project
2025-05-15 10:59:52 INFO Processing: 150
2025-05-15 10:59:59 WARNING Skipped research output https://openalex.org/W4393580162. No ISSN for The Probability of Highly Pathogenic Avian Influenza Introduction and Transmission in Western Java Poultry Chains: Linking Value Chains and Expert Estimates
2025-05-15 11:00:04 WARNING Skipped research output https://openalex.org/W2766498838. No ISSN for 0411 Exposure to diesel engine exhaust and the risk of als
2025-05-15 11:00:28 WARNING Skipped research output https://openalex.org/W2188565679. No ISSN for Towards a Standardised Method to Acquire and Store Liver Samples and Guidelines to Improve Quality Control and Exchange of Relative Expression Data
2025-05-15 11:00:28 WARNING Skipped research output https://openalex.org/W2535841574 due to missing contributor details.
2025-05-15 11:01:25 INFO Processing: 175
2025-05-15 11:02:31 WARNING Skipped research output https://openalex.org/W3133960398. no managing organization found
2025-05-15 11:03:01 WARNING Skipped research output https://openalex.org/W3195694907 due to missing contributor details.
2025-05-15 11:03:11 WARNING Skipped research output https://openalex.org/W4294203941. No ISSN for 47. The &#x27;&lt;i&gt;mise en place&lt;/i&gt;&#x27; for the ratatouille - Dutch (policy) developments towards an ethical management of commensal rodents
2025-05-15 11:03:23 WARNING Skipped research output https://openalex.org/W2148582904. no managing organization found
2025-05-15 11:03:35 WARNING Skipped research output https://openalex.org/W2794117149. No ISSN for 7 Air pollution exposure during different time windows from birth and lung function growth up to adolescence
2025-05-15 11:03:35 INFO Processing: 200
2025-05-15 11:03:47 WARNING Skipped research output https://openalex.org/W4307187129. no managing organization found
2025-05-15 11:03:48 WARNING Skipped research output https://openalex.org/W2550724578 due to missing contributor details.
2025-05-15 11:05:30 INFO Processing: 225
2025-05-15 11:05:42 WARNING Skipped research output https://openalex.org/W2507371829. No ISSN for O18-3 A cross-sectional study of changes in markers of immunological effects and lung health due to exposure to multi-walled carbon nanotubes
2025-05-15 11:06:24 WARNING Skipped research output https://openalex.org/W4407611481. no managing organization found
2025-05-15 11:08:07 WARNING Skipped research output https://openalex.org/W2513861194. No ISSN for O47-1 15 years of monitoring occupational exposure to respirable dust and quartz within the european industrial minerals sector
2025-05-15 11:08:07 INFO Processing: 250
2025-05-15 11:09:15 WARNING Skipped research output https://openalex.org/W4210723759. No ISSN for Indications for and how to perform Caslick&#x27;s operation in the mare
2025-05-15 11:09:52 WARNING Skipped research output https://openalex.org/W3007055597. no managing organization found
2025-05-15 11:10:21 WARNING Skipped research output https://openalex.org/W2993993303. no managing organization found
2025-05-15 11:10:37 INFO Processing: 275
2025-05-15 11:10:51 WARNING Skipped research output https://openalex.org/W4381137407. no managing organization found
2025-05-15 11:11:15 WARNING Skipped research output https://openalex.org/W3208668378. No ISSN for S-493 Artificial intelligence and Occupational Health
2025-05-15 11:11:49 WARNING Skipped research output https://openalex.org/W3126921335. no managing organization found
2025-05-15 11:11:56 WARNING Skipped research output https://openalex.org/W4241285346. No ISSN for Comparison of Campylobacter Levels in Crops and Ceca of Broilers at Slaughter
2025-05-15 11:11:58 WARNING Skipped research output https://openalex.org/W3027708516. No ISSN for A PUSH AND PULL INTERVENTION TO CONTROL AVIAN INFLUENZA: A LESSON LEARNED FROM THE WESTERN JAVA POULTRY SECTOR
2025-05-15 11:12:35 INFO Processing: 300
2025-05-15 11:12:58 WARNING Skipped research output https://openalex.org/W2888781195. no managing organization found
2025-05-15 11:14:31 WARNING Skipped research output https://openalex.org/W1984371783. no managing organization found
2025-05-15 11:16:48 INFO Processing: 325
2025-05-15 11:17:03 WARNING Skipped research output https://openalex.org/W2103385495. no managing organization found
2025-05-15 11:17:48 WARNING Skipped research output https://openalex.org/W2985142745. no managing organization found
2025-05-15 11:17:59 WARNING Skipped research output https://openalex.org/W2943553206. no managing organization found
2025-05-15 11:19:08 INFO Processing: 350
2025-05-15 11:19:22 WARNING Skipped research output https://openalex.org/W4225334573. No ISSN for A modelling framework for the prediction of the herd-level probability of infection from longitudinal data
2025-05-15 11:19:43 WARNING Skipped research output https://openalex.org/W2986894717. No ISSN for Assessing individual activity levels in two broiler lines using an ultra-wideband tracking system
2025-05-15 11:19:45 WARNING Skipped research output https://openalex.org/W4294204682. No ISSN for 63. Technological mediation of empathetic human-animal relations through gene editing technologies
2025-05-15 11:19:53 WARNING Skipped research output https://openalex.org/W2759252517. No ISSN for 0475 Occupational exposure to respirable crystalline silica and lung cancer risk in the synergy project
2025-05-15 11:20:21 WARNING Skipped research output https://openalex.org/W2943456337. no managing organization found
2025-05-15 11:20:28 WARNING Skipped research output https://openalex.org/W3155510140. no managing organization found
2025-05-15 11:20:31 WARNING Skipped research output https://openalex.org/W4401385490. no managing organization found
2025-05-15 11:20:36 INFO Processing: 375
2025-05-15 11:21:31 WARNING Skipped research output https://openalex.org/W4389884792 due to missing contributor details.
2025-05-15 11:21:47 WARNING Skipped research output https://openalex.org/W2003169554. no managing organization found
2025-05-15 11:22:18 WARNING Skipped research output https://openalex.org/W3201810129. no managing organization found
2025-05-15 11:22:20 WARNING Skipped research output https://openalex.org/W3000573480. No ISSN for The horse as a model for translational orthopedic research: examples of studies on the regeneration of cartilage and bone conducted in Costa Rica
2025-05-15 11:22:23 INFO Processing: 400
2025-05-15 11:22:41 WARNING Skipped research output https://openalex.org/W4249691336 due to missing contributor details.
2025-05-15 11:23:28 WARNING Skipped research output https://openalex.org/W2220533797. no managing organization found
2025-05-15 11:23:28 WARNING Skipped research output https://openalex.org/W1825181082. no managing organization found
2025-05-15 11:23:46 WARNING Skipped research output https://openalex.org/W4323029305. No ISSN for Embryo-maternal communication during the establishment of equine pregnancy
2025-05-15 11:24:01 WARNING Skipped research output https://openalex.org/W4389227770. no managing organization found
2025-05-15 11:24:39 INFO Processing: 425
2025-05-15 11:26:58 WARNING Skipped research output https://openalex.org/W4404667611. No ISSN for In vitro and in vivo characterization of a novel West Nile virus lineage 2 strain
2025-05-15 11:29:19 WARNING Skipped research output https://openalex.org/W4405301524 due to missing contributor details.
2025-05-15 11:29:35 WARNING Skipped research output https://openalex.org/W4323649501. No ISSN for Impact of Pfas Exposure on Prevalence of Immune-Mediated Diseases in Adults in the Czech Republic
2025-05-15 11:29:39 ERROR Error creating external person: 400 - {"type":"/validation-error","title":"Validation failed","status":400,"detail":"Validation of content 'ExternalPerson(id=<null>, name=Wegrad )' failed: \nValidation errors:\n\tname: ValidationResult [code=validation.text.defined, args=null, nestedProperty=null, value=Name(firstName=Wegrad, lastName=)], propertyPath: name","errors":[{"path":"name","code":"validation.text.defined","title":{"en_GB":"Name is required"}}]}
2025-05-15 11:29:39 ERROR Failed to create external person for Wegrad
2025-05-15 11:29:39 ERROR Error creating external person: 400 - {"type":"/validation-error","title":"Validation failed","status":400,"detail":"Validation of content 'ExternalPerson(id=<null>, name=Oswald )' failed: \nValidation errors:\n\tname: ValidationResult [code=validation.text.defined, args=null, nestedProperty=null, value=Name(firstName=Oswald, lastName=)], propertyPath: name","errors":[{"path":"name","code":"validation.text.defined","title":{"en_GB":"Name is required"}}]}
2025-05-15 11:29:39 ERROR Failed to create external person for Oswald
2025-05-15 11:29:39 ERROR Error creating external person: 400 - {"type":"/validation-error","title":"Validation failed","status":400,"detail":"Validation of content 'ExternalPerson(id=<null>, name=Honscha )' failed: \nValidation errors:\n\tname: ValidationResult [code=validation.text.defined, args=null, nestedProperty=null, value=Name(firstName=Honscha, lastName=)], propertyPath: name","errors":[{"path":"name","code":"validation.text.defined","title":{"en_GB":"Name is required"}}]}
2025-05-15 11:29:39 ERROR Failed to create external person for Honscha
2025-05-15 11:29:40 ERROR Error creating external person: 400 - {"type":"/validation-error","title":"Validation failed","status":400,"detail":"Validation of content 'ExternalPerson(id=<null>, name=Yewhalaw )' failed: \nValidation errors:\n\tname: ValidationResult [code=validation.text.defined, args=null, nestedProperty=null, value=Name(firstName=Yewhalaw, lastName=)], propertyPath: name","errors":[{"path":"name","code":"validation.text.defined","title":{"en_GB":"Name is required"}}]}
2025-05-15 11:29:40 ERROR Failed to create external person for Yewhalaw
2025-05-15 11:29:40 ERROR Error creating external person: 400 - {"type":"/validation-error","title":"Validation failed","status":400,"detail":"Validation of content 'ExternalPerson(id=<null>, name=Devreese )' failed: \nValidation errors:\n\tname: ValidationResult [code=validation.text.defined, args=null, nestedProperty=null, value=Name(firstName=Devreese, lastName=)], propertyPath: name","errors":[{"path":"name","code":"validation.text.defined","title":{"en_GB":"Name is required"}}]}
2025-05-15 11:29:40 ERROR Failed to create external person for Devreese
2025-05-15 11:29:41 ERROR Error creating external person: 400 - {"type":"/validation-error","title":"Validation failed","status":400,"detail":"Validation of content 'ExternalPerson(id=<null>, name=Cherlet )' failed: \nValidation errors:\n\tname: ValidationResult [code=validation.text.defined, args=null, nestedProperty=null, value=Name(firstName=Cherlet, lastName=)], propertyPath: name","errors":[{"path":"name","code":"validation.text.defined","title":{"en_GB":"Name is required"}}]}
2025-05-15 11:29:41 ERROR Failed to create external person for Cherlet
2025-05-15 11:29:41 ERROR Error creating external person: 400 - {"type":"/validation-error","title":"Validation failed","status":400,"detail":"Validation of content 'ExternalPerson(id=<null>, name=Gehring )' failed: \nValidation errors:\n\tname: ValidationResult [code=validation.text.defined, args=null, nestedProperty=null, value=Name(firstName=Gehring, lastName=)], propertyPath: name","errors":[{"path":"name","code":"validation.text.defined","title":{"en_GB":"Name is required"}}]}
2025-05-15 11:29:41 ERROR Failed to create external person for Gehring
2025-05-15 11:29:41 ERROR Error creating external person: 400 - {"type":"/validation-error","title":"Validation failed","status":400,"detail":"Validation of content 'ExternalPerson(id=<null>, name=Bakker )' failed: \nValidation errors:\n\tname: ValidationResult [code=validation.text.defined, args=null, nestedProperty=null, value=Name(firstName=Bakker, lastName=)], propertyPath: name","errors":[{"path":"name","code":"validation.text.defined","title":{"en_GB":"Name is required"}}]}
2025-05-15 11:29:41 ERROR Failed to create external person for Bakker
2025-05-15 11:29:47 INFO Processing: 450
2025-05-15 11:30:03 WARNING Skipped research output https://openalex.org/W2289994577. No ISSN for Heat Shock Proteins as Target for the Induction of Antigen-Specific Tolerance in Rheumatoid Arthritis and other Chronic Inflammatory Diseases
2025-05-15 11:30:50 WARNING Skipped research output https://openalex.org/W2911418673. no managing organization found
2025-05-15 11:31:01 WARNING Skipped research output https://openalex.org/W2060834879. no managing organization found
2025-05-15 11:32:18 INFO Processing: 475
2025-05-15 11:32:31 WARNING Skipped research output https://openalex.org/W3209096238. No ISSN for S-264 Taking a working life exposome approach: why do we need it and which challenges are we facing?
2025-05-15 11:32:41 WARNING Skipped research output https://openalex.org/W2587286411 due to missing contributor details.
2025-05-15 11:32:59 WARNING Skipped research output https://openalex.org/W3007354585. No ISSN for P119 An organoid platform for ovarian cancer captures intra- and interpatient heterogeneity
2025-05-15 11:33:05 WARNING Skipped research output https://openalex.org/W4206002160. No ISSN for JoVE Video Dataset
2025-05-15 11:33:35 WARNING Skipped research output https://openalex.org/W2947910944. no managing organization found
2025-05-15 11:33:35 INFO Processing: 500
2025-05-15 11:33:52 ERROR Error creating external person: 400 - {"type":"/validation-error","title":"Validation failed","status":400,"detail":"Validation of content 'ExternalPerson(id=<null>, name=Gehring )' failed: \nValidation errors:\n\tname: ValidationResult [code=validation.text.defined, args=null, nestedProperty=null, value=Name(firstName=Gehring, lastName=)], propertyPath: name","errors":[{"path":"name","code":"validation.text.defined","title":{"en_GB":"Name is required"}}]}
2025-05-15 11:33:52 ERROR Failed to create external person for Gehring
2025-05-15 11:33:52 ERROR Error creating external person: 400 - {"type":"/validation-error","title":"Validation failed","status":400,"detail":"Validation of content 'ExternalPerson(id=<null>, name=Pelligand )' failed: \nValidation errors:\n\tname: ValidationResult [code=validation.text.defined, args=null, nestedProperty=null, value=Name(firstName=Pelligand, lastName=)], propertyPath: name","errors":[{"path":"name","code":"validation.text.defined","title":{"en_GB":"Name is required"}}]}
2025-05-15 11:33:52 ERROR Failed to create external person for Pelligand
2025-05-15 11:33:53 ERROR Error creating external person: 400 - {"type":"/validation-error","title":"Validation failed","status":400,"detail":"Validation of content 'ExternalPerson(id=<null>, name=Toutain )' failed: \nValidation errors:\n\tname: ValidationResult [code=validation.text.defined, args=null, nestedProperty=null, value=Name(firstName=Toutain, lastName=)], propertyPath: name","errors":[{"path":"name","code":"validation.text.defined","title":{"en_GB":"Name is required"}}]}
2025-05-15 11:33:53 ERROR Failed to create external person for Toutain
2025-05-15 11:34:17 WARNING Skipped research output https://openalex.org/W3132591766. no managing organization found
2025-05-15 11:34:23 WARNING Skipped research output https://openalex.org/W1904992155 due to missing contributor details.
2025-05-15 11:34:30 WARNING Skipped research output https://openalex.org/W2991300632. No ISSN for Airborne occupational exposures and (changes in) lung function in the Lifelines Cohort study
2025-05-15 11:34:39 WARNING Skipped research output https://openalex.org/W2038159856. no managing organization found
2025-05-15 11:34:39 INFO Processing: 525
2025-05-15 11:34:42 WARNING Skipped research output https://openalex.org/W2371444639. No ISSN for Clinical forum: selective dry cow therapy
2025-05-15 11:36:07 WARNING Skipped research output https://openalex.org/W1981426525. no managing organization found
2025-05-15 11:36:24 WARNING Skipped research output https://openalex.org/W4294124886. no managing organization found
2025-05-15 11:36:45 INFO Processing: 550
2025-05-15 11:37:01 WARNING Skipped research output https://openalex.org/W4323287236. No ISSN for Consumer Health Risks from ESBL-Producing Escherichia Coli in Dutch Broiler Production Chain and Possible Interventions
2025-05-15 11:37:13 WARNING Skipped research output https://openalex.org/W2761803777. No ISSN for 0402 Does lung cancer incidence and mortality differ with the type of asbestos fibre? : evidence from western australia
2025-05-15 11:37:49 WARNING Skipped research output https://openalex.org/W3094097941. No ISSN for XMobiSensePlus: An updated application for the assessment of human exposure to RF-EMFs
2025-05-15 11:38:01 WARNING Skipped research output https://openalex.org/W3121441594. no managing organization found
2025-05-15 11:38:02 ERROR Error creating external person: 400 - {"type":"/validation-error","title":"Validation failed","status":400,"detail":"Validation of content 'ExternalPerson(id=<null>, name=Portengen )' failed: \nValidation errors:\n\tname: ValidationResult [code=validation.text.defined, args=null, nestedProperty=null, value=Name(firstName=Portengen, lastName=)], propertyPath: name","errors":[{"path":"name","code":"validation.text.defined","title":{"en_GB":"Name is required"}}]}
2025-05-15 11:38:02 ERROR Failed to create external person for Portengen
2025-05-15 11:38:02 ERROR Error creating external person: 400 - {"type":"/validation-error","title":"Validation failed","status":400,"detail":"Validation of content 'ExternalPerson(id=<null>, name=Bueno-de-Mesquita )' failed: \nValidation errors:\n\tname: ValidationResult [code=validation.text.defined, args=null, nestedProperty=null, value=Name(firstName=Bueno-de-Mesquita, lastName=)], propertyPath: name","errors":[{"path":"name","code":"validation.text.defined","title":{"en_GB":"Name is required"}}]}
2025-05-15 11:38:02 ERROR Failed to create external person for Bueno-de-Mesquita
2025-05-15 11:38:03 ERROR Error creating external person: 400 - {"type":"/validation-error","title":"Validation failed","status":400,"detail":"Validation of content 'ExternalPerson(id=<null>, name=Vermeulen )' failed: \nValidation errors:\n\tname: ValidationResult [code=validation.text.defined, args=null, nestedProperty=null, value=Name(firstName=Vermeulen, lastName=)], propertyPath: name","errors":[{"path":"name","code":"validation.text.defined","title":{"en_GB":"Name is required"}}]}
2025-05-15 11:38:03 ERROR Failed to create external person for Vermeulen
2025-05-15 11:38:31 WARNING Skipped research output https://openalex.org/W1989940296. no managing organization found
2025-05-15 11:38:51 WARNING Skipped research output https://openalex.org/W4287510231. no managing organization found
2025-05-15 11:38:57 INFO Processing: 575
2025-05-15 11:39:45 WARNING Skipped research output https://openalex.org/W4360796064. No ISSN for Stochastic Model to Assess Bio-Economic Impact of PRRS on Pig Farms in Costa Rica
2025-05-15 11:40:27 WARNING Skipped research output https://openalex.org/W4380228778 due to missing contributor details.
2025-05-15 11:40:53 INFO Processing: 600
2025-05-15 11:40:59 WARNING Skipped research output https://openalex.org/W2139310039. no managing organization found
2025-05-15 11:41:36 WARNING Skipped research output https://openalex.org/W4390509952. No ISSN for EVS-BASED THERAPIES FOR INTERVERTEBRAL DISC REGENERATION: WHERE DO WE STAND?
2025-05-15 11:42:10 INFO Processing: 625
2025-05-15 11:42:27 WARNING Skipped research output https://openalex.org/W2035926960 due to missing contributor details.
2025-05-15 11:42:39 WARNING Skipped research output https://openalex.org/W4404024898. no managing organization found
2025-05-15 11:42:48 WARNING Skipped research output https://openalex.org/W3217384249. No ISSN for Potential environmental transmission routes of SARS-CoV-2 inside a large meat processing plant experiencing COVID-19 clusters
2025-05-15 11:43:20 WARNING Skipped research output https://openalex.org/W2081167533. no managing organization found
2025-05-15 11:43:30 INFO Processing: 650
2025-05-15 11:44:15 WARNING Skipped research output https://openalex.org/W4385276166. No ISSN for INJECTABLE BIOMATERIALS TO MAINTAIN NOTOCHORDAL CELL PHENOTYPE AS POTENTIAL THERAPY FOR INTERVERTEBRAL DISC DEGENERATION
2025-05-15 11:44:39 WARNING Skipped research output https://openalex.org/W3217540649. No ISSN for Predicting childhood allergy using machine learning methods on multi-omics data
2025-05-15 11:44:47 WARNING Skipped research output https://openalex.org/W2037046279. no managing organization found
2025-05-15 11:45:03 WARNING Skipped research output https://openalex.org/W2043534038. no managing organization found
2025-05-15 11:45:05 WARNING Skipped research output https://openalex.org/W4405312218 due to missing contributor details.
2025-05-15 11:45:25 WARNING Skipped research output https://openalex.org/W3164435488. no managing organization found
2025-05-15 11:45:37 WARNING Skipped research output https://openalex.org/W2970381472. No ISSN for miRNA Regulatory Landscape in the Diesel Exhaust Exposed Nasal Epithelium
2025-05-15 11:45:37 INFO Processing: 675
2025-05-15 11:45:58 WARNING Skipped research output https://openalex.org/W2799714566. No ISSN for 1304 A retrospective cohort study of cancer mortality in employees of a russian chrysotile asbestos mine and mills: update 2017
2025-05-15 11:46:09 WARNING Skipped research output https://openalex.org/W3036048749. no managing organization found
2025-05-15 11:46:55 WARNING Skipped research output https://openalex.org/W3007694991. no managing organization found
2025-05-15 11:47:04 WARNING Skipped research output https://openalex.org/W3036817155. no managing organization found
2025-05-15 11:47:10 WARNING Skipped research output https://openalex.org/W3033164912. no managing organization found
2025-05-15 11:47:13 WARNING Skipped research output https://openalex.org/W2037380311. no managing organization found
2025-05-15 11:47:27 INFO Processing: 700
2025-05-15 11:47:47 WARNING Skipped research output https://openalex.org/W2946172104. no managing organization found
2025-05-15 11:48:34 WARNING Skipped research output https://openalex.org/W4402473991. no managing organization found
2025-05-15 11:48:39 WARNING Skipped research output https://openalex.org/W4320009085. No ISSN for Integrating Large-Scale Stationary and Local Mobile Measurements to Estimate Hyperlocal Long-Term Air Pollution Using Transfer Learning Methods
2025-05-15 11:48:58 INFO Processing: 725
2025-05-15 11:49:18 WARNING Skipped research output https://openalex.org/W4393948444. no managing organization found
2025-05-15 11:50:09 WARNING Skipped research output https://openalex.org/W2777248874. No ISSN for 0325 Future directions for occupational epidemiological research on neurodegenerative disorders
2025-05-15 11:51:07 INFO Processing: 750
2025-05-15 11:52:32 INFO Processing: 775
2025-05-15 11:53:30 WARNING Skipped research output https://openalex.org/W2774508159. no managing organization found
2025-05-15 11:53:43 WARNING Skipped research output https://openalex.org/W2771395959. no managing organization found
2025-05-15 11:53:55 WARNING Skipped research output https://openalex.org/W4319738108. No ISSN for 493. Broadening the ethical debate on breeding innovations, public engagement and the role of the Democs game
2025-05-15 11:53:55 INFO Processing: 800
2025-05-15 11:54:00 WARNING Skipped research output https://openalex.org/W2917503791. no managing organization found
2025-05-15 11:54:06 WARNING Skipped research output https://openalex.org/W2156115912 due to missing contributor details.
2025-05-15 11:54:38 WARNING Skipped research output https://openalex.org/W2774520815. no managing organization found
2025-05-15 11:54:47 WARNING Skipped research output https://openalex.org/W2076926920. no managing organization found
2025-05-15 11:55:21 INFO Processing: 825
2025-05-15 11:55:36 WARNING Skipped research output https://openalex.org/W2891682494. no managing organization found
2025-05-15 11:55:45 WARNING Skipped research output https://openalex.org/W4387982400. No ISSN for Mortality associated with occupational exposures among people with small airways obstruction
2025-05-15 11:56:55 INFO Processing: 850
2025-05-15 11:58:04 WARNING Skipped research output https://openalex.org/W4200175325. no managing organization found
2025-05-15 11:58:17 WARNING Skipped research output https://openalex.org/W2465114161. no managing organization found
2025-05-15 11:58:22 INFO Processing: 875
2025-05-15 11:59:46 WARNING Skipped research output https://openalex.org/W3000005048. No ISSN for Quantitative gait analysis as an objective tool to assess functional outcome of musculoskeletal regenerative therapies in horses and dogs
2025-05-15 12:00:09 WARNING Skipped research output https://openalex.org/W3162431072. No ISSN for Nationwide estimation of personal exposure to air pollution using activity-based field-agent modelling
2025-05-15 12:00:14 WARNING Skipped research output https://openalex.org/W2022690702. no managing organization found
2025-05-15 12:00:20 WARNING Skipped research output https://openalex.org/W4387979278. No ISSN for The residential green environment and lung function into adolescence in European birth cohorts. A CADSET initiative
2025-05-15 12:00:25 WARNING Skipped research output https://openalex.org/W2773344885. No ISSN for 0495 Overview of the exposure assessment methodological issues for epidemiological studies on pesticides
2025-05-15 12:00:27 INFO Processing: 900
2025-05-15 12:00:36 WARNING Skipped research output https://openalex.org/W2955055518. no managing organization found
2025-05-15 12:00:47 WARNING Skipped research output https://openalex.org/W4405617158. no managing organization found
2025-05-15 12:01:16 WARNING Skipped research output https://openalex.org/W4403694679. no managing organization found
2025-05-15 12:01:43 WARNING Skipped research output https://openalex.org/W3172071511. No ISSN for 21. Implications for animal welfare of food system changes towards circular agriculture
2025-05-15 12:01:44 WARNING Skipped research output https://openalex.org/W2537020619 due to missing contributor details.
2025-05-15 12:01:57 INFO Error processing row 924: 'journal'
2025-05-15 12:01:57 INFO Processing: 925
2025-05-15 12:02:00 WARNING Skipped research output https://openalex.org/W2510989774. No ISSN for P314 Effect of night work on sleep duration, sleep quality and sleep perception in a cohort of female nurses
2025-05-15 12:02:01 WARNING Skipped research output https://openalex.org/W2513212573 due to missing contributor details.
2025-05-15 12:02:16 WARNING Skipped research output https://openalex.org/W3209546232. No ISSN for S-263 OMEGA-NET Inventory of Occupational Exposure Assessment Tools
2025-05-15 12:02:45 WARNING Skipped research output https://openalex.org/W2041457286. no managing organization found
2025-05-15 12:03:04 WARNING Skipped research output https://openalex.org/W3215099151. No ISSN for The oropharyngeal microbiome of COPD patients and controls in a livestock dense area
2025-05-15 12:03:23 WARNING Skipped research output https://openalex.org/W2507691569. No ISSN for P143 Mortality in the western australian mining industry (1996-2011)
2025-05-15 12:03:32 WARNING Skipped research output https://openalex.org/W4320924280. No ISSN for Household Air Pollution and Epigenetic Aging
2025-05-15 12:03:39 INFO Processing: 950
2025-05-15 12:03:52 WARNING Skipped research output https://openalex.org/W2001159807. no managing organization found
2025-05-15 12:04:41 WARNING Skipped research output https://openalex.org/W4385276179. No ISSN for INVESTIGATING THE ANTI-CATABOLIC PROPERTIES OF NOTOCHORDAL CELLS IN DISC REGENERATION
2025-05-15 12:04:48 WARNING Skipped research output https://openalex.org/W4294204705. No ISSN for 45. Broadening the debate on breeding innovations - on public engagement and the role of the Democs Game
2025-05-15 12:04:54 INFO Processing: 975
2025-05-15 12:05:23 WARNING Skipped research output https://openalex.org/W3208060600. No ISSN for S-388 Exposure assessment for pooling projects within the AGRICOH consortium
2025-05-15 12:05:30 WARNING Skipped research output https://openalex.org/W2031828873. no managing organization found
2025-05-15 12:05:50 WARNING Skipped research output https://openalex.org/W3037768289. no managing organization found
2025-05-15 12:05:52 WARNING Skipped research output https://openalex.org/W2563887693 due to missing contributor details.
2025-05-15 12:05:52 WARNING Skipped research output https://openalex.org/W1840389912 due to missing contributor details.
2025-05-15 12:06:00 WARNING Skipped research output https://openalex.org/W4251648785. No ISSN for 0372 Occupational exposure to pah and lung cancer risk in the synergy project
2025-05-15 12:06:34 WARNING Skipped research output https://openalex.org/W2942264284. no managing organization found
2025-05-15 12:06:57 INFO Processing: 1000
2025-05-15 12:07:04 WARNING Skipped research output https://openalex.org/W4361199007. no managing organization found
2025-05-15 12:07:24 WARNING Skipped research output https://openalex.org/W1968099759. no managing organization found
2025-05-15 12:08:21 INFO Processing: 1025
2025-05-15 12:08:29 WARNING Skipped research output https://openalex.org/W2128407554. no managing organization found
2025-05-15 12:09:16 WARNING Skipped research output https://openalex.org/W4386443045. no managing organization found
2025-05-15 12:09:33 INFO Processing: 1050
2025-05-15 12:09:46 WARNING Skipped research output https://openalex.org/W2086584838. no managing organization found
2025-05-15 12:09:52 WARNING Skipped research output https://openalex.org/W2792238625. no managing organization found
2025-05-15 12:09:57 WARNING Skipped research output https://openalex.org/W4406546785. no managing organization found
2025-05-15 12:10:01 WARNING Skipped research output https://openalex.org/W1485957286. no managing organization found
2025-05-15 12:10:17 WARNING Skipped research output https://openalex.org/W2918554537. no managing organization found
2025-05-15 12:10:57 INFO Processing: 1075
2025-05-15 12:11:10 WARNING Skipped research output https://openalex.org/W2800587618. No ISSN for 1280 Improving exposure assessment methodologies for epidemiological studies on pesticides
2025-05-15 12:11:38 WARNING Skipped research output https://openalex.org/W1995635569. no managing organization found
2025-05-15 12:11:55 WARNING Skipped research output https://openalex.org/W2509517775. No ISSN for S15-5 Statistical analysis of correlated and protracted exposures in exposome studies
2025-05-15 12:12:05 INFO Processing: 1100
2025-05-15 12:12:08 WARNING Skipped research output https://openalex.org/W4407944756 due to missing contributor details.
2025-05-15 12:12:22 WARNING Skipped research output https://openalex.org/W2762941243. No ISSN for 0474 Risk assessment for non-cancer outcomes
2025-05-15 12:12:34 WARNING Skipped research output https://openalex.org/W2904986467. no managing organization found
2025-05-15 12:12:37 WARNING Skipped research output https://openalex.org/W1968392245. no managing organization found
2025-05-15 12:12:41 WARNING Skipped research output https://openalex.org/W2998902120. No ISSN for Regenerative Medicine: where their origin makes species meet
2025-05-15 12:12:52 WARNING Skipped research output https://openalex.org/W4404374759. No ISSN for MESENDODERMAL PROGENITORS IN COMBINATION WITH A SYNTHETIC HYDROGEL (NPGEL) IN A SHEEP MODEL OF LOW BACK PAIN: A SAFETY STUDY
2025-05-15 12:12:52 INFO Processing: 1125
2025-05-15 12:12:53 WARNING Skipped research output https://openalex.org/W2549951073 due to missing contributor details.
2025-05-15 12:14:11 INFO Processing: 1150
2025-05-15 12:15:08 WARNING Skipped research output https://openalex.org/W1986223165. no managing organization found
2025-05-15 12:16:30 WARNING Skipped research output https://openalex.org/W3188144652. no managing organization found
2025-05-15 12:16:32 WARNING Skipped research output https://openalex.org/W1596429660 due to missing contributor details.
2025-05-15 12:16:52 INFO Processing: 1175
2025-05-15 12:17:00 WARNING Skipped research output https://openalex.org/W3216590036. No ISSN for Occupational and environmental exposure to SARS-CoV-2 in and around infected mink farms
2025-05-15 12:17:21 WARNING Skipped research output https://openalex.org/W4407830842. No ISSN for A Successful Case of Measuring Horse Welfare during Equine-Assisted Interactions with Military Veterans with PTSD
2025-05-15 12:17:22 WARNING Skipped research output https://openalex.org/W4407357092 due to missing contributor details.
2025-05-15 12:17:34 WARNING Skipped research output https://openalex.org/W4396502832. No ISSN for Childhood-onset Asthma Is Characterized by Airway Epithelial Hillock-to-Squamous Differentiation in Early Life
2025-05-15 12:17:40 WARNING Skipped research output https://openalex.org/W2794112824. No ISSN for OP XI - 3 Air pollution, noise, green space and overweight in children aged 12 years: the piama birth cohort study
2025-05-15 12:18:00 INFO Processing: 1200
2025-05-15 12:18:23 WARNING Skipped research output https://openalex.org/W2792362448. No ISSN for OP VI - 2 Organ-specific integrative exposure assessment for radio-frequency electromagnetic fields: general population exposure and dose contribution of various sources
2025-05-15 12:20:10 WARNING Skipped research output https://openalex.org/W1608765246. no managing organization found
2025-05-15 12:20:18 INFO Processing: 1225
2025-05-15 12:21:45 WARNING Skipped research output https://openalex.org/W4394978366. No ISSN for JoVE Video Dataset
2025-05-15 12:22:28 WARNING Skipped research output https://openalex.org/W2513732866. No ISSN for O16-1 ESBL carriage in slaughterhouse workers is associated with occupational exposure
2025-05-15 12:22:40 INFO Processing: 1250
2025-05-15 12:23:00 WARNING Skipped research output https://openalex.org/W2906320842. No ISSN for Influence of childhood asthma and allergies on occupational exposure in early adulthood: a prospective cohort study
2025-05-15 12:23:27 WARNING Skipped research output https://openalex.org/W1661462671. no managing organization found
2025-05-15 12:23:39 WARNING Skipped research output https://openalex.org/W3138631549. no managing organization found
2025-05-15 12:23:51 WARNING Skipped research output https://openalex.org/W4405612775 due to missing contributor details.
2025-05-15 12:24:10 INFO Processing: 1275
2025-05-15 12:25:36 INFO Processing: 1300
2025-05-15 12:25:57 WARNING Skipped research output https://openalex.org/W4387980270. No ISSN for Residential exposure to microbial emissions from livestock farms: implementation and evaluation of random forest land use models
2025-05-15 12:26:16 INFO Processing: 1325
2025-05-15 12:26:19 WARNING Skipped research output https://openalex.org/W4403104840. No ISSN for Flumequine, a fluoroquinolone in disguise
2025-05-15 12:26:53 INFO 191 items cannot be imported in pure, see reasons above
2025-05-15 12:26:53 INFO 409 items are already in pure
2025-05-15 12:26:53 INFO 716 items can be updated
2025-05-15 12:26:53 INFO Research output that can be imported are in file: output/research_output/to_be_updated.csv
2025-05-15 12:26:53 INFO Script part 1 to import research output in pure from ricgraph has ended
2025-05-15 12:26:53 INFO Please look at the update file and uncheck items you do not want to be imported, then proceed to import them in pure via *Apply Update to Pure*
